{
	"pack_name": "{maid_pack.new_year_model_pack.name}",
	"model_list": [
		{
			"model_id": "new_year_model_pack:hailuo",
			"is_gecko": true,
			"description": ["{model.new_year_model_pack.hailuo.desc}"],
			"animation": ["new_year_model_pack:animation/hailuo.main.animation.json", "new_year_model_pack:animation/hailuo.condition.animation.json"],
			"render_entity_scale": 0.6
		},
		{
			"model_id": "new_year_model_pack:wine_fox",
			"is_gecko": true,
			"animation": [
				"new_year_model_pack:animation/wine_fox.main.animation.json",
				"new_year_model_pack:animation/wine_fox.condition.animation.json",
				"new_year_model_pack:animation/wine_fox.tac.animation.json"
			],
			"render_entity_scale": 0.65
		},
		{
			"model_id": "new_year_model_pack:zhiban",
			"is_gecko": true,
			"animation": [
				"new_year_model_pack:animation/zhiban.main.animation.json",
				"new_year_model_pack:animation/zhiban.condition.animation.json",
				"new_year_model_pack:animation/zhiban.tac.animation.json"
			],
			"render_entity_scale": 0.65
		}
	],
	"version": "1.0.0",
	"author": ["星屑海螺", "就叫纸板", "雒仁"],
	"date": "2025-02-08",
	"icon": "new_year_model_pack:textures/maid_icon.png"
}