{
	"format_version": "1.10.0",
	"geometry.model": {
		"texturewidth": 72,
		"textureheight": 72,
		"visible_bounds_width": 3,
		"visible_bounds_height": 4,
		"visible_bounds_offset": [0, 1, 0],
		"bones": [
			{
				"name": "head",
				"pivot": [0, 18, 0],
				"cubes": [
					{"origin": [-4, 18.1, -4], "size": [8, 8, 8], "uv": [0, 0], "inflate": 0.2},
					{"origin": [-4, 18.1, -4], "size": [8, 8, 8], "uv": [32, 0], "inflate": 0.5}
				]
			},
			{
				"name": "blink",
				"parent": "head",
				"pivot": [0, 18, 0],
				"cubes": [
					{"origin": [-4, 18, -4.001], "size": [8, 8, 1], "uv": [52, 42], "inflate": 0.2}
				]
			},
			{
				"name": "bone99",
				"parent": "head",
				"pivot": [1, 16, -3],
				"rotation": [-14.65993, -3.21132, -12.08681],
				"cubes": [
					{"origin": [5.5, 14, -4], "size": [2, 10, 2], "uv": [64, 5]}
				]
			},
			{
				"name": "bone10",
				"parent": "bone99",
				"pivot": [-1, 24, -7],
				"rotation": [-24.14867, -20.70481, 61.50717],
				"cubes": [
					{"origin": [3, 29, -9], "size": [2, 2, 1], "uv": [65, 1]}
				]
			},
			{
				"name": "bone",
				"parent": "head",
				"pivot": [6, 14, 0],
				"rotation": [17.5, 0, -22.5],
				"cubes": [
					{"origin": [2, 16, 5], "size": [5, 5, 1], "uv": [52, 28]}
				]
			},
			{
				"name": "bone2",
				"parent": "head",
				"pivot": [-6, 14, 0],
				"rotation": [17.5, 0, 22.5],
				"cubes": [
					{"origin": [-7, 16, 5], "size": [5, 5, 1], "uv": [52, 28], "mirror": true}
				]
			},
			{
				"name": "bone3",
				"parent": "head",
				"pivot": [0, 11, 1],
				"rotation": [40.10455, 14.24, -37.78381],
				"cubes": [
					{"origin": [2.40526, 7.00126, 6.04574], "size": [5, 3, 1], "uv": [52, 34]}
				]
			},
			{
				"name": "bone4",
				"parent": "head",
				"pivot": [0, 11, 1],
				"rotation": [40.10455, -14.24, 37.78381],
				"cubes": [
					{"origin": [-7.40526, 7.00126, 6.04574], "size": [5, 3, 1], "uv": [52, 34], "mirror": true}
				]
			},
			{
				"name": "bone5",
				"parent": "head",
				"pivot": [4, 0, 1],
				"rotation": [57.37472, 31.26463, -54.36302],
				"cubes": [
					{"origin": [9.58166, -7.80258, 13.43453], "size": [5, 3, 1], "uv": [52, 38]}
				]
			},
			{
				"name": "bone6",
				"parent": "head",
				"pivot": [-4, 0, 1],
				"rotation": [57.37472, -31.26463, 54.36302],
				"cubes": [
					{"origin": [-14.58166, -7.80258, 13.43453], "size": [5, 3, 1], "uv": [52, 38], "mirror": true}
				]
			},
			{
				"name": "bone7",
				"parent": "head",
				"pivot": [0, 15, -1],
				"rotation": [32.5, 0, 0],
				"cubes": [
					{"origin": [-3.5, 12, 5], "size": [7, 4, 1], "uv": [52, 17]}
				]
			},
			{
				"name": "bone8",
				"parent": "bone7",
				"pivot": [0, 8, -2],
				"rotation": [27.5, 0, 0],
				"cubes": [
					{"origin": [-3.5, 3.3158, 6.05607], "size": [7, 5, 1], "uv": [52, 22]}
				]
			},
			{
				"name": "bone9",
				"parent": "head",
				"pivot": [0, 13, 3],
				"rotation": [-10, 0, 0],
				"cubes": [
					{"origin": [-4, 14, -5], "size": [1, 3, 1], "uv": [19, 10], "inflate": 0.01},
					{"origin": [3, 14, -5], "size": [1, 3, 1], "uv": [19, 10], "inflate": 0.01, "mirror": true}
				]
			},
			{
				"name": "helmet",
				"parent": "head",
				"pivot": [0, 27, 0]
			},
			{
				"name": "bone19",
				"parent": "helmet",
				"pivot": [0, 20, 14],
				"rotation": [1.5, 0, 0],
				"cubes": [
					{"origin": [-1.2, 26.22712, -1.44995], "size": [2, 2, 2], "uv": [12, 50], "inflate": -0.5},
					{"origin": [-0.2, 26.22712, -1.44995], "size": [2, 2, 2], "uv": [20, 50], "inflate": -0.5}
				]
			},
			{
				"name": "bone20",
				"parent": "bone19",
				"pivot": [0, 29.72712, 0.25005],
				"rotation": [7.95177, -2.78858, -2.97261],
				"cubes": [
					{"origin": [-0.94865, 28.77112, -2.14958], "size": [2, 3, 3], "uv": [33, 52], "inflate": -0.45},
					{"origin": [-1.43865, 28.77112, -1.14958], "size": [3, 3, 2], "uv": [33, 53], "inflate": -0.449}
				]
			},
			{
				"name": "bone21",
				"parent": "bone20",
				"pivot": [0.05135, 30.27112, -0.64958],
				"rotation": [0, -26, 0],
				"cubes": [
					{"origin": [-1.35565, 28.77063, -1.79007], "size": [2, 3, 2], "uv": [34, 53], "inflate": -0.449}
				]
			},
			{
				"name": "bone22",
				"parent": "bone20",
				"pivot": [-0.04865, 26.98563, -1.5328],
				"rotation": [0, -65, 0],
				"cubes": [
					{"origin": [-1.93788, 27.66563, -3.3828], "size": [4, 4, 4], "uv": [0, 63], "inflate": -1.15}
				]
			},
			{
				"name": "bone23",
				"parent": "bone20",
				"pivot": [0.01212, 29.07112, -2.14958],
				"rotation": [10, 0, 0],
				"cubes": [
					{"origin": [-0.43788, 29.13563, -2.2828], "size": [1, 1, 2], "uv": [0, 55], "inflate": -0.33}
				]
			},
			{
				"name": "bone24",
				"parent": "bone20",
				"pivot": [-0.14865, 30.27112, -0.64958],
				"rotation": [0, 26, 0],
				"cubes": [
					{"origin": [-0.54391, 28.76963, -1.69363], "size": [2, 3, 2], "uv": [33, 53], "inflate": -0.449, "mirror": true}
				]
			},
			{
				"name": "bone25",
				"parent": "bone20",
				"pivot": [-1.04865, 26.98563, -0.5328],
				"rotation": [0, 65, 0],
				"cubes": [
					{"origin": [-2.93788, 27.66563, -1.6928], "size": [4, 4, 4], "uv": [0, 63], "inflate": -1.15}
				]
			},
			{
				"name": "bone26",
				"parent": "bone19",
				"pivot": [0, 26.72712, -0.74995],
				"rotation": [-27.31808, -0.9714, 1.38863],
				"cubes": [
					{"origin": [-1, 27.22712, -1.74995], "size": [2, 2, 3], "uv": [42, 21], "inflate": 0.1},
					{"origin": [-1.5, 27.72712, -1.74995], "size": [3, 2, 3], "uv": [48, 53]},
					{"origin": [-1.6, 27.22712, 1.25005], "size": [2, 2, 4], "uv": [40, 54], "inflate": 0.2}
				]
			},
			{
				"name": "bone11",
				"parent": "head",
				"pivot": [0, 17, 0],
				"rotation": [-22.5, 0, 0],
				"cubes": [
					{"origin": [-5, 18.5, -3], "size": [10, 1, 0], "uv": [12, 43]}
				]
			},
			{
				"name": "armRight",
				"pivot": [-2, 17.5, 0],
				"rotation": [0, 0, 30],
				"cubes": [
					{"origin": [-4, 8.5, -1], "size": [2, 8, 2], "uv": [34, 16], "inflate": 0.1},
					{"origin": [-5, 7.7, -2], "size": [4, 6, 4], "uv": [0, 40]}
				]
			},
			{
				"name": "armRightPositioningBone",
				"parent": "armRight",
				"pivot": [-3, 8.5, 0]
			},
			{
				"name": "armLeft",
				"pivot": [2, 17.5, 0],
				"rotation": [0, 0, -30],
				"cubes": [
					{"origin": [2, 8.5, -1], "size": [2, 8, 2], "uv": [34, 16], "inflate": 0.1, "mirror": true},
					{"origin": [1, 7.7, -2], "size": [4, 6, 4], "uv": [0, 40], "mirror": true}
				]
			},
			{
				"name": "armLeftPositioningBone",
				"parent": "armLeft",
				"pivot": [3, 8.5, 0]
			},
			{
				"name": "body",
				"pivot": [0, 10.5, 0],
				"cubes": [
					{"origin": [-3, 8.999, -2.5], "size": [6, 9, 5], "uv": [12, 16]},
					{"origin": [-3, 8.9, -2], "size": [6, 9, 4], "uv": [12, 30], "inflate": 0.9}
				]
			},
			{
				"name": "legLeft",
				"pivot": [2, 9, 0],
				"cubes": [
					{"origin": [0.499, 0, -1.5], "size": [3, 9, 3], "uv": [0, 16]},
					{"origin": [0.5, 1.5, -1.5], "size": [3, 1, 3], "uv": [12, 54], "inflate": 0.2}
				]
			},
			{
				"name": "bone12",
				"parent": "legLeft",
				"pivot": [2, 9, 0],
				"rotation": [0, 0, -10],
				"cubes": [
					{"origin": [0, 7.5, -2], "size": [4, 2, 4], "uv": [16, 44], "inflate": -0.2}
				]
			},
			{
				"name": "legRight",
				"pivot": [-2, 9, 0],
				"cubes": [
					{"origin": [-3.499, 0, -1.5], "size": [3, 9, 3], "uv": [0, 28]}
				]
			},
			{
				"name": "bone13",
				"parent": "legRight",
				"pivot": [-2, 9, 0],
				"rotation": [0, 0, 10],
				"cubes": [
					{"origin": [-4, 7.5, -2], "size": [4, 2, 4], "uv": [16, 44], "inflate": -0.2, "mirror": true}
				]
			},
			{
				"name": "wingLeft",
				"pivot": [1.5, 15, 3.25],
				"rotation": [0, 60, 0],
				"cubes": [
					{"origin": [1.5, 3, 3.5], "size": [0, 24, 9], "uv": [34, 17]}
				]
			},
			{
				"name": "chestPlate",
				"parent": "wingLeft",
				"pivot": [1.5, 21, 4.25],
				"rotation": [-57.5, 0, 0],
				"cubes": [
					{"origin": [0.5, 18.05, 10.25], "size": [2, 5, 8], "uv": [0, 50]}
				]
			},
			{
				"name": "wingRight",
				"pivot": [-1.5, 15, 3.25],
				"rotation": [0, -60, 0],
				"cubes": [
					{"origin": [-1.5, 3, 3.5], "size": [0, 24, 9], "uv": [34, 17], "mirror": true}
				]
			},
			{
				"name": "chestPlateLeft",
				"parent": "wingRight",
				"pivot": [-1.5, 21, 4.25],
				"rotation": [-57.5, 0, 0],
				"cubes": [
					{"origin": [-2.5, 18.05, 10.25], "size": [2, 5, 8], "uv": [0, 50], "mirror": true}
				]
			}
		]
	}
}