{
	"format_version": "1.10.0",
	"geometry.model": {
		"texturewidth": 108,
		"textureheight": 72,
		"visible_bounds_width": 4,
		"visible_bounds_height": 4,
		"visible_bounds_offset": [0, 1, 0],
		"bones": [
			{
				"name": "head",
				"pivot": [0, 18, 0],
				"cubes": [
					{"origin": [-4, 18, -4], "size": [8, 8, 8], "uv": [0, 0]},
					{"origin": [-4, 18, -4], "size": [8, 8, 8], "uv": [32, 0], "inflate": 0.3}
				]
			},
			{
				"name": "blink",
				"parent": "head",
				"pivot": [0, 18, 0],
				"cubes": [
					{"origin": [-4, 18, -4.001], "size": [8, 8, 0], "uv": [24, 0]}
				]
			},
			{
				"name": "bone",
				"parent": "head",
				"pivot": [0, 19, -1],
				"rotation": [-12.5, 0, 0],
				"cubes": [
					{"origin": [-5, 22, -6], "size": [10, 2, 10], "uv": [64, 0], "inflate": -0.3}
				]
			},
			{
				"name": "bone4",
				"parent": "head",
				"pivot": [0, 15, 1],
				"rotation": [-15, 0, 0],
				"cubes": [
					{"origin": [-4, 12, -5], "size": [1, 6, 1], "uv": [19, 9], "inflate": 0.01}
				]
			},
			{
				"name": "bone5",
				"parent": "head",
				"pivot": [0, 15, 1],
				"rotation": [-15, 0, 0],
				"cubes": [
					{"origin": [3, 12, -5], "size": [1, 6, 1], "uv": [26, 9], "inflate": 0.01, "mirror": true}
				]
			},
			{
				"name": "bone12",
				"parent": "head",
				"pivot": [0, 20, 4],
				"rotation": [-7.5, 0, 0]
			},
			{
				"name": "bone11",
				"parent": "bone12",
				"pivot": [0, 9, 9],
				"rotation": [8.37492, -11.53386, 15.77307],
				"cubes": [
					{"origin": [-7.14175, 3.00836, 8.48302], "size": [7, 6, 1], "uv": [56, 0], "mirror": true}
				]
			},
			{
				"name": "bone10",
				"parent": "bone12",
				"pivot": [0, 9, 9],
				"rotation": [8.37492, 11.53386, -15.77307],
				"cubes": [
					{"origin": [0.14175, 3.00836, 8.48302], "size": [7, 6, 1], "uv": [56, 0]}
				]
			},
			{
				"name": "bone9",
				"parent": "bone12",
				"pivot": [0, 14, -6],
				"rotation": [22.57734, -4.61854, 10.58243],
				"cubes": [
					{"origin": [-5, 4, 5], "size": [7, 12, 1], "uv": [68, 12], "mirror": true}
				]
			},
			{
				"name": "bone8",
				"parent": "bone12",
				"pivot": [0, 14, -6],
				"rotation": [22.57734, 4.61854, -10.58243],
				"cubes": [
					{"origin": [-2, 4, 5], "size": [7, 12, 1], "uv": [68, 12]}
				]
			},
			{
				"name": "armRight",
				"pivot": [-2, 17.5, 0],
				"rotation": [0, 0, 25],
				"cubes": [
					{"origin": [-4, 8.5, -1], "size": [2, 8, 2], "uv": [38, 16]},
					{"origin": [-4, 9.5, -1], "size": [2, 2, 2], "uv": [48, 34], "inflate": 0.4}
				]
			},
			{
				"name": "b",
				"parent": "armRight",
				"pivot": [-2, 17.5, 0],
				"cubes": [
					{"origin": [-4.5, 8, -1.5], "size": [3, 6, 3], "uv": [46, 16], "inflate": 0.4, "mirror": true},
					{"origin": [-4, 12.5, -1], "size": [2, 4, 2], "uv": [0, 0], "inflate": 0.1}
				]
			},
			{
				"name": "armRightPositioningBone",
				"parent": "armRight",
				"pivot": [-3, 8.5, 0]
			},
			{
				"name": "armLeft",
				"pivot": [2, 17.5, 0],
				"rotation": [0, 0, -25],
				"cubes": [
					{"origin": [2, 8.5, -1], "size": [2, 8, 2], "uv": [38, 16], "mirror": true},
					{"origin": [2, 9.5, -1], "size": [2, 2, 2], "uv": [48, 34], "inflate": 0.4, "mirror": true}
				]
			},
			{
				"name": "c",
				"parent": "armLeft",
				"pivot": [2, 17.5, 0],
				"cubes": [
					{"origin": [1.5, 8, -1.5], "size": [3, 6, 3], "uv": [46, 16], "inflate": 0.4},
					{"origin": [2, 12.5, -1], "size": [2, 4, 2], "uv": [0, 0], "inflate": 0.1, "mirror": true}
				]
			},
			{
				"name": "armLeftPositioningBone",
				"parent": "armLeft",
				"pivot": [3, 8.5, 0]
			},
			{
				"name": "body",
				"pivot": [0, 10.5, 0],
				"cubes": [
					{"origin": [-3, 8.999, -2.5], "size": [6, 9, 5], "uv": [0, 16]},
					{"origin": [-3, 8.999, -2.5], "size": [6, 9, 5], "uv": [0, 30], "inflate": 0.3}
				]
			},
			{
				"name": "bone6",
				"parent": "body",
				"pivot": [-1, 15.5, 3],
				"rotation": [-15, 0, 17.5],
				"cubes": [
					{"origin": [-4.5, 11.3, -3], "size": [4, 6, 0], "uv": [22, 23]}
				]
			},
			{
				"name": "bone7",
				"parent": "body",
				"pivot": [1, 15.5, 3],
				"rotation": [-15, 0, -17.5],
				"cubes": [
					{"origin": [0.5, 11.3, -3], "size": [4, 6, 0], "uv": [22, 23], "mirror": true}
				]
			},
			{
				"name": "bone13",
				"parent": "body",
				"pivot": [0, 10.5, 0]
			},
			{
				"name": "a",
				"parent": "bone13",
				"pivot": [0, 10.5, 0]
			},
			{
				"name": "bone14",
				"parent": "a",
				"pivot": [0, 10.5, 0],
				"rotation": [7.43656, 0.9762, -7.43656],
				"cubes": [
					{"origin": [-4.4, 3.5, -2.7], "size": [8, 9, 6], "uv": [34, 26], "inflate": -0.2}
				]
			},
			{
				"name": "bone15",
				"parent": "a",
				"pivot": [-2, 10.5, 0],
				"rotation": [0, -40, 7.5],
				"cubes": [
					{"origin": [-1, 14.5, -7], "size": [0, 4, 3], "uv": [17, 13]}
				]
			},
			{
				"name": "bone16",
				"parent": "a",
				"pivot": [2, 10.5, 0],
				"rotation": [0, 40, -7.5],
				"cubes": [
					{"origin": [1, 14.5, -7], "size": [0, 4, 3], "uv": [17, 13], "mirror": true}
				]
			},
			{
				"name": "bone17",
				"parent": "a",
				"pivot": [0, 10.5, 0],
				"rotation": [7.43656, -0.9762, 7.43656],
				"cubes": [
					{"origin": [-3.6, 3.5, -2.7], "size": [8, 9, 6], "uv": [34, 26], "inflate": -0.2, "mirror": true}
				]
			},
			{
				"name": "legLeft",
				"pivot": [2, 9, 0],
				"cubes": [
					{"origin": [0.499, 0, -1.5], "size": [3, 9, 3], "uv": [22, 29]}
				]
			},
			{
				"name": "bone2",
				"parent": "legLeft",
				"pivot": [1, 10, 0],
				"rotation": [0.3427, -0.29292, -9.9599],
				"cubes": [
					{"origin": [0.2, 8, -2.46], "size": [3, 2.5, 5], "uv": [22, 16], "inflate": 0.1}
				]
			},
			{
				"name": "legRight",
				"pivot": [-2, 9, 0],
				"cubes": [
					{"origin": [-3.499, 0, -1.5], "size": [3, 9, 3], "uv": [22, 29]}
				]
			},
			{
				"name": "bone3",
				"parent": "legRight",
				"pivot": [-1, 10, 0],
				"rotation": [0.3427, 0.29292, 9.9599],
				"cubes": [
					{"origin": [-3.2, 8, -2.45], "size": [3, 2.5, 5], "uv": [22, 16], "inflate": 0.1, "mirror": true}
				]
			},
			{
				"name": "wingLeft",
				"pivot": [0.5, 15, 2.25],
				"rotation": [0, 60, 0],
				"cubes": [
					{"origin": [0.5, 3, 0.5], "size": [0, 24, 18], "uv": [68, 8]}
				]
			},
			{
				"name": "bone18",
				"parent": "wingLeft",
				"pivot": [0.5, 14, 0.25],
				"rotation": [35, 0, 0],
				"cubes": [
					{"origin": [0.02, 9.7, 1.25], "size": [1, 3, 9], "uv": [0, 44], "inflate": -0.2}
				]
			},
			{
				"name": "bone20",
				"parent": "bone18",
				"pivot": [0.5, 14, 6.25],
				"rotation": [17.5, 0, 0],
				"cubes": [
					{"origin": [0, 9, 7.8], "size": [1, 3, 8], "uv": [0, 44], "inflate": -0.199}
				]
			},
			{
				"name": "bone24",
				"parent": "wingLeft",
				"pivot": [0.5, 21, 13.25],
				"rotation": [20, 0, 0],
				"cubes": [
					{"origin": [0.1, 10.6968, 11.20016], "size": [1, 11, 4], "uv": [58, 16], "inflate": -0.24}
				]
			},
			{
				"name": "bone26",
				"parent": "bone24",
				"pivot": [0.5, 23, 15.25],
				"rotation": [-7.5, 0, 0],
				"cubes": [
					{"origin": [0.1, 1.35383, 12.76988], "size": [1, 10, 4], "uv": [84, 12], "inflate": -0.23}
				]
			},
			{
				"name": "bone29",
				"parent": "wingLeft",
				"pivot": [0.5, 20, 12.25],
				"rotation": [10, 0, 0],
				"cubes": [
					{"origin": [0, 12.6, 11], "size": [1, 9, 3], "uv": [30, 41], "inflate": -0.25}
				]
			},
			{
				"name": "bone30",
				"parent": "bone29",
				"pivot": [0.5, 22, 14.25],
				"rotation": [-7.5, 0, 0],
				"cubes": [
					{"origin": [0, 6.3, 11.2], "size": [1, 7, 4], "uv": [38, 41], "inflate": -0.24}
				]
			},
			{
				"name": "bone22",
				"parent": "wingLeft",
				"pivot": [0.5, 19, 11.25],
				"rotation": [-7.5, 0, 0],
				"cubes": [
					{"origin": [-0.1, 13.6968, 9.5], "size": [1, 6, 4], "uv": [94, 16], "inflate": -0.26}
				]
			},
			{
				"name": "bone34",
				"parent": "bone22",
				"pivot": [0.5, 21, 13.25],
				"rotation": [-7.5, 0, 0],
				"cubes": [
					{"origin": [-0.1, 7.35383, 10], "size": [1, 7, 5], "uv": [18, 41], "inflate": -0.27}
				]
			},
			{
				"name": "wingRight",
				"pivot": [-0.5, 15, 2.75],
				"rotation": [0, -60, 0],
				"cubes": [
					{"origin": [-1, 3, 0.5], "size": [0, 24, 18], "uv": [68, 8]}
				]
			},
			{
				"name": "f",
				"parent": "wingRight",
				"pivot": [-0.5, 15, 2.25]
			},
			{
				"name": "bone19",
				"parent": "f",
				"pivot": [-0.5, 14, 0.25],
				"rotation": [35, 0, 0]
			},
			{
				"name": "bone23",
				"parent": "bone19",
				"pivot": [-0.5, 14, 6.25],
				"rotation": [17.5, 0, 0],
				"cubes": [
					{"origin": [-1.5, 9, 7.8], "size": [1, 3, 8], "uv": [0, 44], "inflate": -0.199, "mirror": true}
				]
			},
			{
				"name": "j",
				"parent": "wingRight",
				"pivot": [-0.5, 15, 2.25]
			},
			{
				"name": "bone25",
				"parent": "j",
				"pivot": [-0.5, 20, 12.25],
				"rotation": [10, 0, 0],
				"cubes": [
					{"origin": [-1.5, 12.6, 11], "size": [1, 9, 3], "uv": [30, 41], "inflate": -0.25, "mirror": true}
				]
			},
			{
				"name": "q",
				"parent": "wingRight",
				"pivot": [-0.5, 15, 2.25]
			},
			{
				"name": "bone27",
				"parent": "q",
				"pivot": [-0.5, 20, 12.25],
				"rotation": [10, 0, 0]
			},
			{
				"name": "bone28",
				"parent": "bone27",
				"pivot": [-0.5, 22, 14.25],
				"rotation": [-7.5, 0, 0],
				"cubes": [
					{"origin": [-1.5, 6.3, 11.2], "size": [1, 7, 4], "uv": [38, 41], "inflate": -0.24, "mirror": true}
				]
			},
			{
				"name": "d",
				"parent": "wingRight",
				"pivot": [-0.5, 15, 2.25]
			},
			{
				"name": "bone31",
				"parent": "d",
				"pivot": [-0.5, 21, 13.25],
				"rotation": [20, 0, 0],
				"cubes": [
					{"origin": [-1.6, 10.6968, 11.20016], "size": [1, 11, 4], "uv": [58, 16], "inflate": -0.24, "mirror": true}
				]
			},
			{
				"name": "p",
				"parent": "wingRight",
				"pivot": [-0.5, 15, 2.25]
			},
			{
				"name": "bone32",
				"parent": "p",
				"pivot": [-0.5, 21, 13.25],
				"rotation": [20, 0, 0]
			},
			{
				"name": "bone33",
				"parent": "bone32",
				"pivot": [-0.5, 23, 15.25],
				"rotation": [-7.5, 0, 0],
				"cubes": [
					{"origin": [-1.6, 1.35383, 12.76988], "size": [1, 10, 4], "uv": [84, 12], "inflate": -0.23, "mirror": true}
				]
			},
			{
				"name": "o",
				"parent": "wingRight",
				"pivot": [-0.5, 15, 2.25]
			},
			{
				"name": "bone21",
				"parent": "o",
				"pivot": [-0.5, 14, 0.25],
				"rotation": [35, 0, 0],
				"cubes": [
					{"origin": [-1.52, 9.7, 1.25], "size": [1, 3, 9], "uv": [1, 44], "inflate": -0.2, "mirror": true}
				]
			},
			{
				"name": "i",
				"parent": "wingRight",
				"pivot": [-0.5, 15, 2.25]
			},
			{
				"name": "bone35",
				"parent": "i",
				"pivot": [-0.5, 19, 11.25],
				"rotation": [-7.5, 0, 0],
				"cubes": [
					{"origin": [-1.4, 13.6968, 9.5], "size": [1, 6, 4], "uv": [94, 16], "inflate": -0.26, "mirror": true}
				]
			},
			{
				"name": "t",
				"parent": "wingRight",
				"pivot": [-0.5, 15, 2.25]
			},
			{
				"name": "bone36",
				"parent": "t",
				"pivot": [-0.5, 19, 11.25],
				"rotation": [-7.5, 0, 0]
			},
			{
				"name": "bone37",
				"parent": "bone36",
				"pivot": [-0.5, 21, 13.25],
				"rotation": [-7.5, 0, 0],
				"cubes": [
					{"origin": [-1.44, 7.35383, 10], "size": [1, 7, 5], "uv": [18, 41], "inflate": -0.27, "mirror": true}
				]
			},
			{
				"name": "bone38",
				"pivot": [0, 0, 0]
			},
			{
				"name": "chestPlate",
				"parent": "bone38",
				"pivot": [0, 0, 0]
			},
			{
				"name": "sinFloat",
				"parent": "chestPlate",
				"pivot": [0, 0, 0]
			},
			{
				"name": "bone39",
				"parent": "sinFloat",
				"pivot": [-3, 9, 1],
				"rotation": [12.5, 0, -7.5],
				"cubes": [
					{"origin": [-14, 9, 0], "size": [3, 9, 3], "uv": [48, 41], "inflate": -0.3},
					{"origin": [-14, 9, 0], "size": [3, 8, 3], "uv": [18, 53], "inflate": -0.5},
					{"origin": [-13, 17.5, 1], "size": [1, 1, 1], "uv": [4, 6], "inflate": 0.3}
				]
			},
			{
				"name": "bone40",
				"parent": "sinFloat",
				"pivot": [-2, 8, 2],
				"rotation": [26.85885, -29.21893, -14.62284],
				"cubes": [
					{"origin": [-13, 8, 1], "size": [3, 9, 3], "uv": [48, 41], "inflate": -0.3},
					{"origin": [-13, 8, 1], "size": [3, 8, 3], "uv": [30, 53], "inflate": -0.5},
					{"origin": [-12, 16.5, 2], "size": [1, 1, 1], "uv": [4, 6], "inflate": 0.3}
				]
			},
			{
				"name": "bone41",
				"parent": "sinFloat",
				"pivot": [-3, 11, 0],
				"rotation": [6.24538, 24.3683, -1.7368],
				"cubes": [
					{"origin": [-14, 11, -1], "size": [3, 9, 3], "uv": [48, 41], "inflate": -0.3, "mirror": true},
					{"origin": [-14, 11, -1], "size": [3, 8, 3], "uv": [42, 53], "inflate": -0.5},
					{"origin": [-13, 19.5, 0], "size": [1, 1, 1], "uv": [4, 6], "inflate": 0.3}
				]
			}
		]
	}
}