{
	"format_version": "1.10.0",
	"geometry.model": {
		"texturewidth": 128,
		"textureheight": 64,
		"visible_bounds_width": 3,
		"visible_bounds_height": 4,
		"visible_bounds_offset": [0, 1, 0],
		"bones": [
			{
				"name": "head",
				"pivot": [0, 18, 0],
				"cubes": [
					{"origin": [-4, 18, -4], "size": [8, 8, 8], "uv": [0, 0]},
					{"origin": [-4, 18, -4], "size": [8, 8, 8], "uv": [32, 0], "inflate": 0.3}
				]
			},
			{
				"name": "blink",
				"parent": "head",
				"pivot": [0, 18, 0],
				"cubes": [
					{"origin": [-4, 18, -4.001], "size": [8, 8, 0], "uv": [24, 0]}
				]
			},
			{
				"name": "helmet",
				"parent": "head",
				"pivot": [0, 18, 0],
				"cubes": [
					{"origin": [-5, 17.5, -5.5], "size": [10, 5, 10], "uv": [34, 16], "inflate": -0.9}
				]
			},
			{
				"name": "chestPlate",
				"parent": "head",
				"pivot": [0, 18, 0]
			},
			{
				"name": "bone",
				"parent": "chestPlate",
				"pivot": [-3, 15, 3],
				"rotation": [-24.47761, -5.24826, -11.36081],
				"cubes": [
					{"origin": [1.7, 12.2, -3.5], "size": [3, 5, 3], "uv": [20, 8], "inflate": 0.3}
				]
			},
			{
				"name": "bone2",
				"parent": "bone",
				"pivot": [0, 15, -1],
				"rotation": [0, 0, 10],
				"cubes": [
					{"origin": [3.3, 6, -2.3], "size": [1, 7, 1], "uv": [4, 0], "inflate": 0.2}
				]
			},
			{
				"name": "bone3",
				"parent": "bone2",
				"pivot": [1, 11, -1],
				"rotation": [0, 0, 15],
				"cubes": [
					{"origin": [4.5266, 2.68305, -2.3], "size": [1, 4, 1], "uv": [0, 3], "inflate": 0.21}
				]
			},
			{
				"name": "armRight",
				"pivot": [-2, 17.5, 0],
				"rotation": [0, 0, 25]
			},
			{
				"name": "armRightPositioningBone",
				"parent": "armRight",
				"pivot": [-3, 8.5, 0]
			},
			{
				"name": "_leggings",
				"parent": "armRight",
				"pivot": [-2, 17.5, 0],
				"cubes": [
					{"origin": [-4, 8.5, -1], "size": [2, 8, 2], "uv": [22, 16], "inflate": 0.1},
					{"origin": [-4, 8, -1], "size": [2, 4, 2], "uv": [20, 42], "inflate": 0.6},
					{"origin": [-4, 13, -1], "size": [2, 1, 2], "uv": [20, 42], "inflate": 0.4}
				]
			},
			{
				"name": "leggingsMiddle",
				"parent": "armRight",
				"pivot": [-2, 17.5, 0],
				"cubes": [
					{"origin": [-4, 8.5, -1], "size": [2, 8, 2], "uv": [30, 16], "inflate": 0.1, "mirror": true},
					{"origin": [-4.5, 8, -1.5], "size": [3, 6, 3], "uv": [64, 14], "inflate": 0.4, "mirror": true}
				]
			},
			{
				"name": "armLeft",
				"pivot": [2, 17.5, 0],
				"rotation": [0, 0, -25]
			},
			{
				"name": "armLeftPositioningBone",
				"parent": "armLeft",
				"pivot": [3, 8.5, 0]
			},
			{
				"name": "_leggingsLeft",
				"parent": "armLeft",
				"pivot": [2, 17.5, 0],
				"cubes": [
					{"origin": [2, 8.5, -1], "size": [2, 8, 2], "uv": [22, 16], "inflate": 0.1},
					{"origin": [2, 8, -1], "size": [2, 4, 2], "uv": [20, 42], "inflate": 0.6},
					{"origin": [2, 13, -1], "size": [2, 1, 2], "uv": [20, 42], "inflate": 0.4}
				]
			},
			{
				"name": "leggingsLeft",
				"parent": "armLeft",
				"pivot": [2, 17.5, 0],
				"cubes": [
					{"origin": [2, 8.5, -1], "size": [2, 8, 2], "uv": [30, 16], "inflate": 0.1},
					{"origin": [1.5, 8, -1.5], "size": [3, 6, 3], "uv": [64, 14], "inflate": 0.4}
				]
			},
			{
				"name": "body",
				"pivot": [0, 10.5, 0]
			},
			{
				"name": "_leggingsMiddle",
				"parent": "body",
				"pivot": [0, 10.5, 0],
				"cubes": [
					{"origin": [-3, 8.999, -2.5], "size": [6, 9, 5], "uv": [0, 16], "inflate": 0.2},
					{"origin": [-3, 8.7, -2.5], "size": [6, 9, 5], "uv": [0, 30], "inflate": 0.8},
					{"origin": [-3, 10.7, -2.5], "size": [6, 2, 5], "uv": [0, 23], "inflate": 0.5},
					{"origin": [-3, 8.6, -2.5], "size": [6, 9, 5], "uv": [0, 44], "inflate": 0.9}
				]
			},
			{
				"name": "leggings",
				"parent": "body",
				"pivot": [0, 10.5, 0],
				"cubes": [
					{"origin": [-3, 8.999, -2.5], "size": [6, 9, 5], "uv": [64, 0]},
					{"origin": [-3, 8.999, -2.5], "size": [6, 9, 5], "uv": [56, 31], "inflate": 0.3},
					{"origin": [-3.5, 8.3, -2.5], "size": [7, 2, 5], "uv": [23, 47], "inflate": 0.01}
				]
			},
			{
				"name": "a",
				"parent": "leggings",
				"pivot": [0, 10.5, 0]
			},
			{
				"name": "bone14",
				"parent": "a",
				"pivot": [0, 10.5, 0],
				"rotation": [7.43656, 0.9762, -7.43656],
				"cubes": [
					{"origin": [-4.4, 3.5, -2.7], "size": [8, 9, 6], "uv": [28, 32], "inflate": -0.2}
				]
			},
			{
				"name": "bone15",
				"parent": "a",
				"pivot": [-2, 10.5, 0],
				"rotation": [0, -40, 7.5],
				"cubes": [
					{"origin": [-1, 14.5, -7], "size": [0, 4, 3], "uv": [62, -3]}
				]
			},
			{
				"name": "bone16",
				"parent": "a",
				"pivot": [2, 10.5, 0],
				"rotation": [0, 40, -7.5],
				"cubes": [
					{"origin": [1, 14.5, -7], "size": [0, 4, 3], "uv": [56, -3], "mirror": true}
				]
			},
			{
				"name": "bone17",
				"parent": "a",
				"pivot": [0, 10.5, 0],
				"rotation": [7.43656, -0.9762, 7.43656],
				"cubes": [
					{"origin": [-3.6, 3.5, -2.7], "size": [8, 9, 6], "uv": [28, 32], "inflate": -0.2, "mirror": true}
				]
			},
			{
				"name": "bone4",
				"parent": "leggings",
				"pivot": [0, 14.5, 0],
				"rotation": [-7.5, 0, 0],
				"cubes": [
					{"origin": [-0.5, 9, -3], "size": [1, 8, 1], "uv": [47, 47], "inflate": 0.2}
				]
			},
			{
				"name": "legLeft",
				"pivot": [2, 9, 0],
				"cubes": [
					{"origin": [0.499, 0, -1.5], "size": [3, 9, 3], "uv": [22, 26], "mirror": true}
				]
			},
			{
				"name": "bootsLeft",
				"parent": "legLeft",
				"pivot": [2, 9, 0],
				"cubes": [
					{"origin": [0.499, 0.09, -1.5], "size": [3, 3, 3], "uv": [22, 54], "inflate": 0.1, "mirror": true}
				]
			},
			{
				"name": "legRight",
				"pivot": [-2, 9, 0],
				"cubes": [
					{"origin": [-3.499, 0, -1.5], "size": [3, 9, 3], "uv": [22, 26]}
				]
			},
			{
				"name": "bootsRight",
				"parent": "legRight",
				"pivot": [-6, 9, 0],
				"cubes": [
					{"origin": [-3.501, 0.09, -1.5], "size": [3, 3, 3], "uv": [22, 54], "inflate": 0.1, "mirror": true}
				]
			}
		]
	}
}