{
	"format_version": "1.10.0",
	"geometry.model": {
		"texturewidth": 64,
		"textureheight": 64,
		"visible_bounds_width": 3,
		"visible_bounds_height": 4,
		"visible_bounds_offset": [0, 1, 0],
		"bones": [
			{
				"name": "head",
				"pivot": [0, 18, 0],
				"cubes": [
					{"origin": [-4, 18, -4], "size": [8, 8, 8], "uv": [0, 0]},
					{"origin": [-4, 18, -4], "size": [8, 8, 8], "uv": [32, 0], "inflate": 0.3}
				]
			},
			{
				"name": "blink",
				"parent": "head",
				"pivot": [0, 18, 0],
				"cubes": [
					{"origin": [-4, 18, -4.001], "size": [8, 8, 0], "uv": [24, 0]}
				]
			},
			{
				"name": "bone32",
				"parent": "head",
				"pivot": [0, 18, 0],
				"cubes": [
					{"origin": [-1, 24.6, 2.3], "size": [2, 2, 2], "uv": [56, 0], "inflate": 0.2}
				]
			},
			{
				"name": "bone41",
				"parent": "head",
				"pivot": [2, 19, -2],
				"rotation": [19.51748, 1.88924, -12.60512],
				"cubes": [
					{"origin": [-1.5, 9, 3.5], "size": [6, 10, 1], "uv": [44, 21]}
				]
			},
			{
				"name": "bone42",
				"parent": "bone41",
				"pivot": [1, 11, 4],
				"rotation": [-20, 0, 0],
				"cubes": [
					{"origin": [-1.5, 3.29162, 4.15389], "size": [6, 6, 1], "uv": [38, 32], "inflate": 0.01}
				]
			},
			{
				"name": "bone43",
				"parent": "bone42",
				"pivot": [1, 8, 4],
				"rotation": [-27.5, 0, 0],
				"cubes": [
					{"origin": [-1.5, 0.34217, 6.20108], "size": [6, 4, 1], "uv": [20, 36], "inflate": 0.02}
				]
			},
			{
				"name": "bone44",
				"parent": "head",
				"pivot": [-2, 19, -2],
				"rotation": [19.51748, -1.88924, 12.60512],
				"cubes": [
					{"origin": [-4.5, 9, 3.5], "size": [6, 10, 1], "uv": [44, 21]}
				]
			},
			{
				"name": "bone45",
				"parent": "head",
				"pivot": [-2, 19, -2],
				"rotation": [19.51748, -1.88924, 12.60512]
			},
			{
				"name": "bone46",
				"parent": "bone45",
				"pivot": [-1, 11, 4],
				"rotation": [-20, 0, 0],
				"cubes": [
					{"origin": [-4.5, 3.29162, 4.15389], "size": [6, 6, 1], "uv": [38, 32], "inflate": 0.01}
				]
			},
			{
				"name": "bone47",
				"parent": "head",
				"pivot": [-2, 19, -2],
				"rotation": [19.51748, -1.88924, 12.60512]
			},
			{
				"name": "bone48",
				"parent": "bone47",
				"pivot": [-1, 11, 4],
				"rotation": [-20, 0, 0]
			},
			{
				"name": "bone49",
				"parent": "bone48",
				"pivot": [-1, 8, 4],
				"rotation": [-27.5, 0, 0],
				"cubes": [
					{"origin": [-4.5, 0.34217, 6.20108], "size": [6, 4, 1], "uv": [20, 36], "inflate": 0.02}
				]
			},
			{
				"name": "bone50",
				"parent": "head",
				"pivot": [2, 19, -1],
				"rotation": [-9.06159, -23.39896, 39.38023],
				"cubes": [
					{"origin": [0, 23, 3.5], "size": [3, 2, 2], "uv": [51, 16]}
				]
			},
			{
				"name": "bone51",
				"parent": "bone50",
				"pivot": [5, 19, -1],
				"rotation": [0, 0, -22.5],
				"cubes": [
					{"origin": [4.68297, 23.46088, 3.5], "size": [2, 2, 2], "uv": [10, 40], "inflate": 0.01}
				]
			},
			{
				"name": "bone52",
				"parent": "head",
				"pivot": [0, 24, 3],
				"rotation": [-30.38126, 8.64917, -30.03837],
				"cubes": [
					{"origin": [-0.5, 25.69562, 1.36789], "size": [2, 3, 2], "uv": [0, 11], "inflate": -0.15}
				]
			},
			{
				"name": "bone53",
				"parent": "bone52",
				"pivot": [3, 28, 3],
				"rotation": [0, 0, -85],
				"cubes": [
					{"origin": [1.6, 29.55, 1.36789], "size": [2, 3, 2], "uv": [24, 9], "inflate": -0.14}
				]
			},
			{
				"name": "bone54",
				"parent": "bone53",
				"pivot": [1, 36, 3],
				"rotation": [0, 0, -95],
				"cubes": [
					{"origin": [-2.89256, 33.72058, 1.36789], "size": [2, 3, 2], "uv": [24, 10], "inflate": -0.13}
				]
			},
			{
				"name": "bone55",
				"parent": "bone54",
				"pivot": [4.54476, 38.69562, 2.16789],
				"rotation": [0, 0, 92.5],
				"cubes": [
					{"origin": [5.5, 30.35, 1.36789], "size": [2, 3, 2], "uv": [16, 11], "inflate": -0.15}
				]
			},
			{
				"name": "bone91",
				"parent": "head",
				"pivot": [0, 16, 1],
				"rotation": [-15, 0, 0],
				"cubes": [
					{"origin": [-3.99, 14, -4.8], "size": [1, 4, 1], "uv": [2, 11]}
				]
			},
			{
				"name": "bone92",
				"parent": "head",
				"pivot": [0, 16, 1],
				"rotation": [-15, 0, 0],
				"cubes": [
					{"origin": [2.99, 14, -4.8], "size": [1, 4, 1], "uv": [2, 11], "mirror": true}
				]
			},
			{
				"name": "armRight",
				"pivot": [-2, 17.5, 0],
				"rotation": [0, 0, 25],
				"cubes": [
					{"origin": [-4, 8.5, -1], "size": [2, 8, 2], "uv": [12, 30]},
					{"origin": [-4, 13.3, -1], "size": [2, 1, 2], "uv": [17, 16], "inflate": 0.2, "mirror": true}
				]
			},
			{
				"name": "armRightPositioningBone",
				"parent": "armRight",
				"pivot": [-3, 8.5, 0]
			},
			{
				"name": "bone59",
				"parent": "armRight",
				"pivot": [-3, 9.5, 0],
				"rotation": [0, 0, -15],
				"cubes": [
					{"origin": [-3.95, 9.3, -1], "size": [2, 1, 2], "uv": [32, 39], "inflate": 0.3, "mirror": true}
				]
			},
			{
				"name": "armLeft",
				"pivot": [2, 17.5, 0],
				"rotation": [0, 0, -25],
				"cubes": [
					{"origin": [2, 8.5, -1], "size": [2, 8, 2], "uv": [12, 30], "mirror": true},
					{"origin": [2, 13.3, -1], "size": [2, 1, 2], "uv": [17, 16], "inflate": 0.2}
				]
			},
			{
				"name": "armLeftPositioningBone",
				"parent": "armLeft",
				"pivot": [3, 8.5, 0]
			},
			{
				"name": "bone58",
				"parent": "armLeft",
				"pivot": [3, 9.5, 0],
				"rotation": [0, 0, 15],
				"cubes": [
					{"origin": [1.95, 9.3, -1], "size": [2, 1, 2], "uv": [32, 39], "inflate": 0.3}
				]
			},
			{
				"name": "body",
				"pivot": [0, 10.5, 0],
				"cubes": [
					{"origin": [-3, 8.999, -2.5], "size": [6, 9, 5], "uv": [0, 16]},
					{"origin": [-3, 8.999, -2.5], "size": [6, 9, 5], "uv": [22, 16], "inflate": 0.3},
					{"origin": [-1, 15.5, -3.7], "size": [2, 2, 2], "uv": [56, 0]}
				]
			},
			{
				"name": "sittingRotationSkirt",
				"parent": "body",
				"pivot": [0, 8.5, 0]
			},
			{
				"name": "bone",
				"parent": "sittingRotationSkirt",
				"pivot": [0, 18.5, 0]
			},
			{
				"name": "bone2",
				"parent": "bone",
				"pivot": [0, 8, 0]
			},
			{
				"name": "bone3",
				"parent": "bone2",
				"pivot": [0, 8, 4.3525],
				"rotation": [25, 0, 0]
			},
			{
				"name": "bone4",
				"parent": "bone3",
				"pivot": [0, 8, 4.3525],
				"rotation": [0, -45, 0],
				"cubes": [
					{"origin": [-1.3, 8.4, 3.05], "size": [2, 5, 2], "uv": [52, 32]}
				]
			},
			{
				"name": "bone5",
				"parent": "bone",
				"pivot": [0, 8, 0],
				"rotation": [0, -36, 0]
			},
			{
				"name": "bone6",
				"parent": "bone5",
				"pivot": [0, 8, 4.3525],
				"rotation": [25, 0, 0]
			},
			{
				"name": "bone7",
				"parent": "bone6",
				"pivot": [0, 8, 4.3525],
				"rotation": [0, -45, 0],
				"cubes": [
					{"origin": [-1.2, 8.4, 3.3525], "size": [2, 5, 2], "uv": [52, 32]}
				]
			},
			{
				"name": "bone8",
				"parent": "bone",
				"pivot": [0, 8, 0],
				"rotation": [0, -72, 0]
			},
			{
				"name": "bone9",
				"parent": "bone8",
				"pivot": [0, 8, 4.3525],
				"rotation": [25, 0, 0]
			},
			{
				"name": "bone10",
				"parent": "bone9",
				"pivot": [0, 8, 4.3525],
				"rotation": [0, -45, 0],
				"cubes": [
					{"origin": [-1, 8.4, 3.3525], "size": [2, 5, 2], "uv": [52, 32]}
				]
			},
			{
				"name": "bone11",
				"parent": "bone",
				"pivot": [0, 8, 0],
				"rotation": [0, -108, 0]
			},
			{
				"name": "bone12",
				"parent": "bone11",
				"pivot": [0, 8, 4.3525],
				"rotation": [25, 0, 0]
			},
			{
				"name": "bone13",
				"parent": "bone12",
				"pivot": [0, 8, 4.3525],
				"rotation": [0, -45, 0],
				"cubes": [
					{"origin": [-1, 8.4, 3.3525], "size": [2, 5, 2], "uv": [52, 32]}
				]
			},
			{
				"name": "bone14",
				"parent": "bone",
				"pivot": [0, 8, 0],
				"rotation": [0, -144, 0]
			},
			{
				"name": "bone15",
				"parent": "bone14",
				"pivot": [0, 8, 4.3525],
				"rotation": [25, 0, 0]
			},
			{
				"name": "bone16",
				"parent": "bone15",
				"pivot": [0, 8, 4.3525],
				"rotation": [0, -45, 0],
				"cubes": [
					{"origin": [-1, 8.4, 3.2], "size": [2, 5, 2], "uv": [52, 32]}
				]
			},
			{
				"name": "bone17",
				"parent": "bone",
				"pivot": [0, 8, 0],
				"rotation": [0, -180, 0]
			},
			{
				"name": "bone18",
				"parent": "bone17",
				"pivot": [0, 8, 4.3525],
				"rotation": [25, 0, 0]
			},
			{
				"name": "bone19",
				"parent": "bone18",
				"pivot": [0, 8, 4.3525],
				"rotation": [0, -45, 0],
				"cubes": [
					{"origin": [-1.3, 8.4, 3.05], "size": [2, 5, 2], "uv": [52, 32]}
				]
			},
			{
				"name": "bone20",
				"parent": "bone",
				"pivot": [0, 8, 0],
				"rotation": [0, -216, 0]
			},
			{
				"name": "bone21",
				"parent": "bone20",
				"pivot": [0, 8, 4.3525],
				"rotation": [25, 0, 0]
			},
			{
				"name": "bone22",
				"parent": "bone21",
				"pivot": [0, 8, 4.3525],
				"rotation": [0, -45, 0],
				"cubes": [
					{"origin": [-1.2, 8.4, 3.3525], "size": [2, 5, 2], "uv": [52, 32]}
				]
			},
			{
				"name": "bone23",
				"parent": "bone",
				"pivot": [0, 8, 0],
				"rotation": [0, -252, 0]
			},
			{
				"name": "bone24",
				"parent": "bone23",
				"pivot": [0, 8, 4.3525],
				"rotation": [25, 0, 0]
			},
			{
				"name": "bone25",
				"parent": "bone24",
				"pivot": [0, 8, 4.3525],
				"rotation": [0, -45, 0],
				"cubes": [
					{"origin": [-1, 8.4, 3.3525], "size": [2, 5, 2], "uv": [52, 32]}
				]
			},
			{
				"name": "bone26",
				"parent": "bone",
				"pivot": [0, 8, 0],
				"rotation": [0, -288, 0]
			},
			{
				"name": "bone27",
				"parent": "bone26",
				"pivot": [0, 8, 4.3525],
				"rotation": [25, 0, 0]
			},
			{
				"name": "bone28",
				"parent": "bone27",
				"pivot": [0, 8, 4.3525],
				"rotation": [0, -45, 0],
				"cubes": [
					{"origin": [-1, 8.4, 3.3525], "size": [2, 5, 2], "uv": [52, 32]}
				]
			},
			{
				"name": "bone29",
				"parent": "bone",
				"pivot": [0, 8, 0],
				"rotation": [0, -324, 0]
			},
			{
				"name": "bone30",
				"parent": "bone29",
				"pivot": [0, 8, 4.3525],
				"rotation": [25, 0, 0]
			},
			{
				"name": "bone31",
				"parent": "bone30",
				"pivot": [0, 8, 4.3525],
				"rotation": [0, -45, 0],
				"cubes": [
					{"origin": [-1, 8.4, 3.2], "size": [2, 5, 2], "uv": [52, 32]}
				]
			},
			{
				"name": "bone60",
				"parent": "sittingRotationSkirt",
				"pivot": [0, 17.5, 0]
			},
			{
				"name": "bone61",
				"parent": "bone60",
				"pivot": [0, 7, 0]
			},
			{
				"name": "bone62",
				"parent": "bone61",
				"pivot": [0, 7, 4.3525],
				"rotation": [25, 0, 0]
			},
			{
				"name": "bone63",
				"parent": "bone62",
				"pivot": [0, 7, 4.3525],
				"rotation": [0, -45, 0],
				"cubes": [
					{"origin": [-1.3, 8, 3.05], "size": [2, 5, 2], "uv": [0, 42]}
				]
			},
			{
				"name": "bone64",
				"parent": "bone60",
				"pivot": [0, 7, 0],
				"rotation": [0, -36, 0]
			},
			{
				"name": "bone65",
				"parent": "bone64",
				"pivot": [0, 7, 4.3525],
				"rotation": [25, 0, 0]
			},
			{
				"name": "bone66",
				"parent": "bone65",
				"pivot": [0, 7, 4.3525],
				"rotation": [0, -45, 0],
				"cubes": [
					{"origin": [-1.2, 8, 3.3525], "size": [2, 5, 2], "uv": [0, 42]}
				]
			},
			{
				"name": "bone67",
				"parent": "bone60",
				"pivot": [0, 7, 0],
				"rotation": [0, -72, 0]
			},
			{
				"name": "bone68",
				"parent": "bone67",
				"pivot": [0, 7, 4.3525],
				"rotation": [25, 0, 0]
			},
			{
				"name": "bone69",
				"parent": "bone68",
				"pivot": [0, 7, 4.3525],
				"rotation": [0, -45, 0],
				"cubes": [
					{"origin": [-1, 8, 3.3525], "size": [2, 5, 2], "uv": [0, 42]}
				]
			},
			{
				"name": "bone70",
				"parent": "bone60",
				"pivot": [0, 7, 0],
				"rotation": [0, -108, 0]
			},
			{
				"name": "bone71",
				"parent": "bone70",
				"pivot": [0, 7, 4.3525],
				"rotation": [25, 0, 0]
			},
			{
				"name": "bone72",
				"parent": "bone71",
				"pivot": [0, 7, 4.3525],
				"rotation": [0, -45, 0],
				"cubes": [
					{"origin": [-1, 8, 3.3525], "size": [2, 5, 2], "uv": [0, 42]}
				]
			},
			{
				"name": "bone73",
				"parent": "bone60",
				"pivot": [0, 7, 0],
				"rotation": [0, -144, 0]
			},
			{
				"name": "bone74",
				"parent": "bone73",
				"pivot": [0, 7, 4.3525],
				"rotation": [25, 0, 0]
			},
			{
				"name": "bone75",
				"parent": "bone74",
				"pivot": [0, 7, 4.3525],
				"rotation": [0, -45, 0],
				"cubes": [
					{"origin": [-1, 8, 3.2], "size": [2, 5, 2], "uv": [0, 42]}
				]
			},
			{
				"name": "bone76",
				"parent": "bone60",
				"pivot": [0, 7, 0],
				"rotation": [0, -180, 0]
			},
			{
				"name": "bone77",
				"parent": "bone76",
				"pivot": [0, 7, 4.3525],
				"rotation": [25, 0, 0]
			},
			{
				"name": "bone78",
				"parent": "bone77",
				"pivot": [0, 7, 4.3525],
				"rotation": [0, -45, 0],
				"cubes": [
					{"origin": [-1.3, 8, 3.05], "size": [2, 5, 2], "uv": [0, 42]}
				]
			},
			{
				"name": "bone79",
				"parent": "bone60",
				"pivot": [0, 7, 0],
				"rotation": [0, -216, 0]
			},
			{
				"name": "bone80",
				"parent": "bone79",
				"pivot": [0, 7, 4.3525],
				"rotation": [25, 0, 0]
			},
			{
				"name": "bone81",
				"parent": "bone80",
				"pivot": [0, 7, 4.3525],
				"rotation": [0, -45, 0],
				"cubes": [
					{"origin": [-1.2, 8, 3.3525], "size": [2, 5, 2], "uv": [0, 42]}
				]
			},
			{
				"name": "bone82",
				"parent": "bone60",
				"pivot": [0, 7, 0],
				"rotation": [0, -252, 0]
			},
			{
				"name": "bone83",
				"parent": "bone82",
				"pivot": [0, 7, 4.3525],
				"rotation": [25, 0, 0]
			},
			{
				"name": "bone84",
				"parent": "bone83",
				"pivot": [0, 7, 4.3525],
				"rotation": [0, -45, 0],
				"cubes": [
					{"origin": [-1, 8, 3.3525], "size": [2, 5, 2], "uv": [0, 42]}
				]
			},
			{
				"name": "bone85",
				"parent": "bone60",
				"pivot": [0, 7, 0],
				"rotation": [0, -288, 0]
			},
			{
				"name": "bone86",
				"parent": "bone85",
				"pivot": [0, 7, 4.3525],
				"rotation": [25, 0, 0]
			},
			{
				"name": "bone87",
				"parent": "bone86",
				"pivot": [0, 7, 4.3525],
				"rotation": [0, -45, 0],
				"cubes": [
					{"origin": [-1, 8, 3.3525], "size": [2, 5, 2], "uv": [0, 42]}
				]
			},
			{
				"name": "bone88",
				"parent": "bone60",
				"pivot": [0, 7, 0],
				"rotation": [0, -324, 0]
			},
			{
				"name": "bone89",
				"parent": "bone88",
				"pivot": [0, 7, 4.3525],
				"rotation": [25, 0, 0]
			},
			{
				"name": "bone90",
				"parent": "bone89",
				"pivot": [0, 7, 4.3525],
				"rotation": [0, -45, 0],
				"cubes": [
					{"origin": [-1, 8, 3.2], "size": [2, 5, 2], "uv": [0, 42]}
				]
			},
			{
				"name": "bone33",
				"parent": "body",
				"pivot": [0, 10.5, -2],
				"rotation": [-22.5, 0, 0],
				"cubes": [
					{"origin": [-3, 13.5, -5], "size": [6, 3, 3], "uv": [20, 30], "inflate": -0.02}
				]
			},
			{
				"name": "bone34",
				"parent": "body",
				"pivot": [-2, 16.5, -3],
				"rotation": [-10, 0, 12.5],
				"cubes": [
					{"origin": [-3.32507, 15.95866, -3.2], "size": [3, 2, 1], "uv": [56, 4], "inflate": -0.1}
				]
			},
			{
				"name": "bone35",
				"parent": "bone34",
				"pivot": [0, 16.5, -3],
				"rotation": [-2.5, 0, -32.5],
				"cubes": [
					{"origin": [-3.1, 16, -3.5], "size": [3, 2, 1], "uv": [56, 4], "inflate": -0.1}
				]
			},
			{
				"name": "bone36",
				"parent": "body",
				"pivot": [2, 16.5, -3],
				"rotation": [-10, 0, -12.5],
				"cubes": [
					{"origin": [0.32507, 15.95866, -3.2], "size": [3, 2, 1], "uv": [56, 4], "inflate": -0.1, "mirror": true}
				]
			},
			{
				"name": "bone37",
				"parent": "body",
				"pivot": [2, 16.5, -3],
				"rotation": [-10, 0, -12.5]
			},
			{
				"name": "bone38",
				"parent": "bone37",
				"pivot": [0, 16.5, -3],
				"rotation": [-2.5, 0, 32.5],
				"cubes": [
					{"origin": [0.1, 16, -3.5], "size": [3, 2, 1], "uv": [56, 4], "inflate": -0.1, "mirror": true}
				]
			},
			{
				"name": "bone39",
				"parent": "body",
				"pivot": [-2, 10.5, -1],
				"rotation": [-10, 0, 12.5],
				"cubes": [
					{"origin": [-3, 11.5, -4.5], "size": [2, 4, 1], "uv": [0, 0], "inflate": -0.2}
				]
			},
			{
				"name": "bone40",
				"parent": "body",
				"pivot": [2, 10.5, -1],
				"rotation": [-10, 0, -12.5],
				"cubes": [
					{"origin": [1, 11.5, -4.5], "size": [2, 4, 1], "uv": [0, 0], "inflate": -0.2, "mirror": true}
				]
			},
			{
				"name": "legLeft",
				"pivot": [2, 9, 0],
				"cubes": [
					{"origin": [0.499, 0, -1.5], "size": [3, 9, 3], "uv": [0, 30], "mirror": true}
				]
			},
			{
				"name": "bone56",
				"parent": "legLeft",
				"pivot": [2, 5, 0],
				"rotation": [5, 0, 0],
				"cubes": [
					{"origin": [0.499, 4.3, -1.45], "size": [3, 2, 3], "uv": [39, 16], "inflate": 0.15}
				]
			},
			{
				"name": "legRight",
				"pivot": [-2, 9, 0],
				"cubes": [
					{"origin": [-3.499, 0, -1.5], "size": [3, 9, 3], "uv": [0, 30]}
				]
			},
			{
				"name": "bone57",
				"parent": "legRight",
				"pivot": [-2, 5, 0],
				"rotation": [5, 0, 0],
				"cubes": [
					{"origin": [-3.499, 4.3, -1.45], "size": [3, 2, 3], "uv": [39, 16], "inflate": 0.15, "mirror": true}
				]
			},
			{
				"name": "bone93",
				"pivot": [0, 0, 0]
			},
			{
				"name": "sinFloat",
				"parent": "bone93",
				"pivot": [0, 0, 0]
			},
			{
				"name": "chestPlate",
				"parent": "sinFloat",
				"pivot": [0, 14, 0],
				"rotation": [17.5, 0, 0]
			},
			{
				"name": "bone94",
				"parent": "chestPlate",
				"pivot": [0, 0, 4],
				"rotation": [15, 0, 0],
				"cubes": [
					{"origin": [-5, 14, 7], "size": [10, 2, 1], "uv": [18, 42], "inflate": 0.3}
				]
			},
			{
				"name": "bone95",
				"parent": "chestPlate",
				"pivot": [5, 0, 4],
				"rotation": [32.37559, 61.09544, 29.03199],
				"cubes": [
					{"origin": [1.52966, 14, 4.78915], "size": [5, 2, 1], "uv": [23, 42], "inflate": 0.3}
				]
			},
			{
				"name": "bone96",
				"parent": "chestPlate",
				"pivot": [5, 0, -1],
				"rotation": [157.37094, 47.72648, 162.8577],
				"cubes": [
					{"origin": [0.48012, 12.7059, -2.86328], "size": [5, 2, 1], "uv": [23, 42], "inflate": 0.3}
				]
			},
			{
				"name": "bone97",
				"parent": "chestPlate",
				"pivot": [5, 0, -7],
				"rotation": [45.99297, 68.90942, 44.00703],
				"cubes": [
					{"origin": [-0.31202, 11.15299, -7.76212], "size": [4, 2, 1], "uv": [24, 42], "inflate": 0.3}
				]
			},
			{
				"name": "bone98",
				"parent": "chestPlate",
				"pivot": [9, 0, -9],
				"rotation": [18.11321, 33.64409, 10.27206],
				"cubes": [
					{"origin": [4.48581, 10.63535, -9.94927], "size": [7, 2, 1], "uv": [21, 42], "inflate": 0.3}
				]
			},
			{
				"name": "bone99",
				"parent": "chestPlate",
				"pivot": [-5, 0, 4],
				"rotation": [32.37559, -61.09544, -29.03199],
				"cubes": [
					{"origin": [-6.52966, 14, 4.78915], "size": [5, 2, 1], "uv": [23, 42], "inflate": 0.3, "mirror": true}
				]
			},
			{
				"name": "bone100",
				"parent": "chestPlate",
				"pivot": [-5, 0, -1],
				"rotation": [157.37094, -47.72648, -162.8577],
				"cubes": [
					{"origin": [-5.48012, 12.7059, -2.86328], "size": [5, 2, 1], "uv": [23, 42], "inflate": 0.3, "mirror": true}
				]
			},
			{
				"name": "bone101",
				"parent": "chestPlate",
				"pivot": [-5, 0, -7],
				"rotation": [45.99297, -68.90942, -44.00703],
				"cubes": [
					{"origin": [-3.68798, 11.15299, -7.76212], "size": [4, 2, 1], "uv": [24, 42], "inflate": 0.3, "mirror": true}
				]
			},
			{
				"name": "bone102",
				"parent": "chestPlate",
				"pivot": [-9, 0, -9],
				"rotation": [18.11321, -33.64409, -10.27206],
				"cubes": [
					{"origin": [-11.48581, 10.63535, -9.94927], "size": [7, 2, 1], "uv": [21, 42], "inflate": 0.3, "mirror": true}
				]
			}
		]
	}
}