{
	"format_version": "1.10.0",
	"geometry.model": {
		"texturewidth": 108,
		"textureheight": 64,
		"visible_bounds_width": 3,
		"visible_bounds_height": 4,
		"visible_bounds_offset": [0, 1, 0],
		"bones": [
			{
				"name": "head",
				"pivot": [0, 18, 0],
				"cubes": [
					{"origin": [-4, 18, -4], "size": [8, 8, 8], "uv": [32, 0]},
					{"origin": [-4, 18, -4], "size": [8, 8, 8], "uv": [0, 0], "inflate": 0.3}
				]
			},
			{
				"name": "blink",
				"parent": "head",
				"pivot": [0, 18, 0],
				"cubes": [
					{"origin": [-4, 18, -4.001], "size": [8, 8, 0], "uv": [24, 0]}
				]
			},
			{
				"name": "helmet",
				"parent": "head",
				"pivot": [0, 18, 0],
				"cubes": [
					{"origin": [-5, 16.5, -4], "size": [10, 10, 9], "uv": [64, 0], "inflate": -0.19},
					{"origin": [-5, 16.5, -4], "size": [10, 10, 9], "uv": [64, 19], "inflate": -0.2}
				]
			},
			{
				"name": "_chestPlate",
				"parent": "head",
				"pivot": [0, 18, 0]
			},
			{
				"name": "bone",
				"parent": "_chestPlate",
				"pivot": [3, 14, 0],
				"rotation": [43.18528, 9.18229, -18.98186],
				"cubes": [
					{"origin": [2, 12, 5], "size": [2, 3, 2], "uv": [0, 0]}
				]
			},
			{
				"name": "armRight",
				"pivot": [-2, 17.5, 0],
				"rotation": [0, 0, 25],
				"cubes": [
					{"origin": [-4, 8.5, -1], "size": [2, 8, 2], "uv": [26, 44]},
					{"origin": [-4.5, 8.6, -1.5], "size": [3, 5, 3], "uv": [48, 22], "inflate": 0.2},
					{"origin": [-5, 6.5, -1], "size": [0, 7, 1], "uv": [56, 0], "mirror": true}
				]
			},
			{
				"name": "armRightPositioningBone",
				"parent": "armRight",
				"pivot": [-3, 8.5, 0]
			},
			{
				"name": "armLeft",
				"pivot": [2, 17.5, 0],
				"rotation": [0, 0, -25],
				"cubes": [
					{"origin": [2, 8.5, -1], "size": [2, 8, 2], "uv": [26, 44], "mirror": true},
					{"origin": [1.5, 8.6, -1.5], "size": [3, 5, 3], "uv": [48, 22], "inflate": 0.2},
					{"origin": [5, 5.5, -1], "size": [0, 8, 1], "uv": [56, -1]}
				]
			},
			{
				"name": "armLeftPositioningBone",
				"parent": "armLeft",
				"pivot": [3, 8.5, 0]
			},
			{
				"name": "body",
				"pivot": [0, 10.5, 0],
				"cubes": [
					{"origin": [-3, 8.999, -2.5], "size": [6, 9, 5], "uv": [26, 16], "inflate": -0.11},
					{"origin": [-3, 8.999, -2.5], "size": [6, 9, 5], "uv": [26, 30], "inflate": 0.4},
					{"origin": [-3, 7.999, -2.5], "size": [6, 3, 5], "uv": [55, 38], "inflate": 0.8}
				]
			},
			{
				"name": "bone3",
				"parent": "body",
				"pivot": [0, 10.5, 1],
				"rotation": [7.43656, -0.9762, 7.43656],
				"cubes": [
					{"origin": [-4.1, 7.5, -1], "size": [8, 11, 5], "uv": [0, 32], "mirror": true},
					{"origin": [-4.1, 7.5, -1], "size": [8, 11, 5], "uv": [0, 16], "inflate": -0.1, "mirror": true}
				]
			},
			{
				"name": "bone4",
				"parent": "body",
				"pivot": [0, 10.5, 1],
				"rotation": [7.43656, 0.9762, -7.43656],
				"cubes": [
					{"origin": [-4, 7.5, -1], "size": [8, 11, 5], "uv": [0, 32], "inflate": 0.01},
					{"origin": [-4, 7.5, -1], "size": [8, 11, 5], "uv": [0, 16], "inflate": -0.09}
				]
			},
			{
				"name": "_helmet",
				"parent": "body",
				"pivot": [0, 10.5, 0]
			},
			{
				"name": "bone2",
				"parent": "_helmet",
				"pivot": [0, 10.5, 0],
				"rotation": [-7.5, 0, 0],
				"cubes": [
					{"origin": [-4, 16, 0.3], "size": [8, 3, 5], "uv": [29, 50], "inflate": 0.4},
					{"origin": [-4, 16, 0.3], "size": [8, 3, 5], "uv": [0, 48], "inflate": 0.3}
				]
			},
			{
				"name": "legLeft",
				"pivot": [2, 9, 0],
				"cubes": [
					{"origin": [0.499, 0, -1.5], "size": [3, 9, 3], "uv": [48, 30]},
					{"origin": [0.5, 0.19, -1.5], "size": [3, 3, 3], "uv": [48, 16], "inflate": 0.2},
					{"origin": [4.4, 3.4, 0], "size": [0, 3, 1], "uv": [56, 4]}
				]
			},
			{
				"name": "bone5",
				"parent": "legLeft",
				"pivot": [2, 10, 0],
				"rotation": [0, 0, -7.5],
				"cubes": [
					{"origin": [0.2, 6, -2], "size": [3, 4, 4], "uv": [44, 42], "inflate": 0.401},
					{"origin": [2, 6, -1], "size": [2, 3, 3], "uv": [34, 44]}
				]
			},
			{
				"name": "legRight",
				"pivot": [-2, 9, 0],
				"cubes": [
					{"origin": [-3.499, 0, -1.5], "size": [3, 9, 3], "uv": [48, 30]},
					{"origin": [-3.5, 0.19, -1.5], "size": [3, 3, 3], "uv": [48, 16], "inflate": 0.2},
					{"origin": [-4.4, 1.4, 0], "size": [0, 5, 1], "uv": [56, 2], "mirror": true}
				]
			},
			{
				"name": "bone6",
				"parent": "legRight",
				"pivot": [-1, 10, 0],
				"rotation": [0, 0, 7.5],
				"cubes": [
					{"origin": [-3.2, 6, -2], "size": [3, 4, 4], "uv": [44, 42], "inflate": 0.4},
					{"origin": [-4, 6, -1], "size": [2, 3, 3], "uv": [34, 44]}
				]
			}
		]
	}
}