{
	"format_version": "1.10.0",
	"geometry.model": {
		"texturewidth": 64,
		"textureheight": 64,
		"visible_bounds_width": 3,
		"visible_bounds_height": 4,
		"visible_bounds_offset": [0, 1, 0],
		"bones": [
			{
				"name": "head",
				"pivot": [0, 18, 0],
				"cubes": [
					{"origin": [-4, 18, -4], "size": [8, 8, 8], "uv": [0, 0]},
					{"origin": [-4, 18, -4], "size": [8, 8, 8], "uv": [32, 0], "inflate": 0.3}
				]
			},
			{
				"name": "blink",
				"parent": "head",
				"pivot": [0, 18, 0],
				"cubes": [
					{"origin": [-4, 18, -4.001], "size": [8, 8, 0], "uv": [24, 0]}
				]
			},
			{
				"name": "hair",
				"parent": "head",
				"pivot": [-1, 20, 4],
				"rotation": [21.08327, -1.62453, 7.49589],
				"cubes": [
					{"origin": [-4.2, 10.81166, 3.18171], "size": [6, 9, 1], "uv": [30, 16]}
				]
			},
			{
				"name": "hair3",
				"parent": "head",
				"pivot": [-1, 14, 5],
				"rotation": [-10, 0, 0],
				"cubes": [
					{"origin": [-4, 13, -4.8], "size": [1, 4, 1], "uv": [3, 11], "inflate": 0.01},
					{"origin": [3.1, 15, -4.8], "size": [1, 4, 1], "uv": [0, 11], "inflate": 0.01}
				]
			},
			{
				"name": "bone11",
				"parent": "hair3",
				"pivot": [-2, 10, 5],
				"rotation": [-12.5, 0, -7.5],
				"cubes": [
					{"origin": [5.5, 9, -6], "size": [2, 12, 2], "uv": [0, 16]}
				]
			},
			{
				"name": "bone13",
				"parent": "bone11",
				"pivot": [0, 0, 0],
				"rotation": [-10, 0, 17.5],
				"cubes": [
					{"origin": [2.44652, 5.97949, -7.82136], "size": [2, 4, 2], "uv": [24, 45]}
				]
			},
			{
				"name": "a",
				"parent": "bone11",
				"pivot": [-2, 10, 5]
			},
			{
				"name": "bone12",
				"parent": "a",
				"pivot": [-5, 4, 0],
				"rotation": [-9.65388, -26.64829, -18.71569],
				"cubes": [
					{"origin": [5.3, 12, -15], "size": [3, 3, 3], "uv": [44, 16]}
				]
			},
			{
				"name": "bone14",
				"parent": "head",
				"pivot": [4, 15, 3],
				"rotation": [-7.43656, -0.9762, 7.56345],
				"cubes": [
					{"origin": [-5, 6.40884, 7.15], "size": [6, 5, 1], "uv": [44, 22]}
				]
			},
			{
				"name": "hair2",
				"parent": "head",
				"pivot": [1, 20, 4],
				"rotation": [21.08327, 1.62453, -7.49589],
				"cubes": [
					{"origin": [-1.6, 10.81166, 3.18171], "size": [6, 9, 1], "uv": [30, 16], "mirror": true}
				]
			},
			{
				"name": "bone15",
				"parent": "head",
				"pivot": [-4, 15, 3],
				"rotation": [-7.43656, 0.9762, -7.56345],
				"cubes": [
					{"origin": [-0.9, 6.40884, 7], "size": [6, 5, 1], "uv": [44, 22], "mirror": true}
				]
			},
			{
				"name": "armRight",
				"pivot": [-2, 17.5, 0],
				"rotation": [0, 0, 25],
				"cubes": [
					{"origin": [-4, 8.5, -1], "size": [2, 8, 2], "uv": [0, 34]},
					{"origin": [-4.5, 9.5, -1.5], "size": [3, 4, 3], "uv": [12, 44]}
				]
			},
			{
				"name": "y",
				"parent": "armRight",
				"pivot": [-2, 17.5, 0]
			},
			{
				"name": "bone3",
				"parent": "y",
				"pivot": [-2, 15.5, -1],
				"rotation": [0, 0, 30],
				"cubes": [
					{"origin": [-4.3, 11.5, -3], "size": [4, 6, 6], "uv": [30, 46]}
				]
			},
			{
				"name": "armRightPositioningBone",
				"parent": "armRight",
				"pivot": [-3, 8.5, 0]
			},
			{
				"name": "armLeft",
				"pivot": [2, 17.5, 0],
				"rotation": [0, 0, -25],
				"cubes": [
					{"origin": [2, 8.5, -1], "size": [2, 8, 2], "uv": [0, 34], "mirror": true},
					{"origin": [1.5, 9.5, -1.5], "size": [3, 4, 3], "uv": [12, 44]}
				]
			},
			{
				"name": "5246",
				"parent": "armLeft",
				"pivot": [2, 17.5, 0]
			},
			{
				"name": "bone9",
				"parent": "5246",
				"pivot": [2, 15.5, -1],
				"rotation": [0, 0, -30],
				"cubes": [
					{"origin": [0.3, 11.5, -3], "size": [4, 6, 6], "uv": [42, 34]}
				]
			},
			{
				"name": "armLeftPositioningBone",
				"parent": "armLeft",
				"pivot": [3, 8.5, 0]
			},
			{
				"name": "body",
				"pivot": [0, 10.5, 0],
				"cubes": [
					{"origin": [-3, 9, -2.5], "size": [6, 9, 5], "uv": [8, 16]},
					{"origin": [-3, 9, -2.5], "size": [6, 9, 5], "uv": [8, 30], "inflate": 0.4}
				]
			},
			{
				"name": "u",
				"parent": "body",
				"pivot": [0, 10.5, 0]
			},
			{
				"name": "bone4",
				"parent": "u",
				"pivot": [0, 9.5, 0]
			},
			{
				"name": "bone5",
				"parent": "bone4",
				"pivot": [0, 11, -18],
				"rotation": [-15, 0, 0]
			},
			{
				"name": "bone6",
				"parent": "bone5",
				"pivot": [0, 16, -4.82963],
				"rotation": [-0.54227, 0, 0]
			},
			{
				"name": "bone7",
				"parent": "bone6",
				"pivot": [0, 14.7059, -4.82963],
				"rotation": [0, 0, -15],
				"cubes": [
					{"origin": [0, 14.7059, -4.82963], "size": [6, 6, 0], "uv": [30, 34]}
				]
			},
			{
				"name": "bone8",
				"parent": "bone6",
				"pivot": [0, 14.7059, -4.82963],
				"rotation": [0, 0, 15],
				"cubes": [
					{"origin": [-6, 14.7059, -4.9], "size": [6, 6, 0], "uv": [30, 40]}
				]
			},
			{
				"name": "bone10",
				"parent": "u",
				"pivot": [0, 10.5, -1],
				"rotation": [12.5, 0, 0],
				"cubes": [
					{"origin": [-4, 10.5, 4.2], "size": [8, 6, 0], "uv": [43, 28]}
				]
			},
			{
				"name": "chestPlate",
				"parent": "body",
				"pivot": [0, 10.5, -1]
			},
			{
				"name": "bone16",
				"parent": "chestPlate",
				"pivot": [0, 15.5, -4],
				"rotation": [-36.96815, 31.80089, -51.26347],
				"cubes": [
					{"origin": [-6.4, 22, -3], "size": [3, 3, 1], "uv": [0, 30]}
				]
			},
			{
				"name": "bone17",
				"parent": "chestPlate",
				"pivot": [3, 13.5, 5],
				"rotation": [27.14896, -15.63681, -30.5157],
				"cubes": [
					{"origin": [-4, 20.5, 6], "size": [3, 3, 1], "uv": [0, 30]}
				]
			},
			{
				"name": "legLeft",
				"pivot": [2, 9, 0],
				"cubes": [
					{"origin": [0.499, 0, -1.5], "size": [3, 9, 3], "uv": [0, 46], "mirror": true}
				]
			},
			{
				"name": "bone2",
				"parent": "legLeft",
				"pivot": [-2, 11, -1],
				"rotation": [0, 0, -7.5],
				"cubes": [
					{"origin": [0, 8, -2.5], "size": [4, 3, 5], "uv": [25, 26]}
				]
			},
			{
				"name": "legRight",
				"pivot": [-2, 9, 0],
				"cubes": [
					{"origin": [-3.499, 0, -1.5], "size": [3, 9, 3], "uv": [0, 46]}
				]
			},
			{
				"name": "bone",
				"parent": "legRight",
				"pivot": [2, 11, -1],
				"rotation": [0, 0, 7.5],
				"cubes": [
					{"origin": [-4, 8, -2.5], "size": [4, 3, 5], "uv": [12, 51]}
				]
			}
		]
	}
}