{
	"format_version": "1.10.0",
	"geometry.model": {
		"texturewidth": 128,
		"textureheight": 96,
		"visible_bounds_width": 5,
		"visible_bounds_height": 4,
		"visible_bounds_offset": [0, 1, 0],
		"bones": [
			{
				"name": "head",
				"pivot": [0, 18, 0],
				"cubes": [
					{"origin": [-4, 18, -4], "size": [8, 8, 8], "uv": [0, 0], "inflate": 0.2},
					{"origin": [-4, 18, -4], "size": [8, 8, 8], "uv": [32, 0], "inflate": 0.5}
				]
			},
			{
				"name": "blink",
				"parent": "head",
				"pivot": [0, 18, 0],
				"cubes": [
					{"origin": [-4, 18, -4.001], "size": [8, 8, 1], "uv": [2, 50], "inflate": 0.2}
				]
			},
			{
				"name": "sinFloat",
				"parent": "head",
				"pivot": [0, 28, 0]
			},
			{
				"name": "bone101",
				"parent": "sinFloat",
				"pivot": [0, 29, 0],
				"rotation": [-7.5, 0, 0],
				"cubes": [
					{"origin": [-3, 30, -3.5], "size": [6, 1, 1], "uv": [31, 16]},
					{"origin": [2.5, 30, -3], "size": [1, 1, 6], "uv": [34, 18]},
					{"origin": [-3.5, 30, -3], "size": [1, 1, 6], "uv": [34, 18]},
					{"origin": [-3, 30, 2.5], "size": [6, 1, 1], "uv": [31, 16]}
				]
			},
			{
				"name": "bone",
				"parent": "head",
				"pivot": [0, 17, -1],
				"rotation": [22.5, 0, 0],
				"cubes": [
					{"origin": [-4, 12, 5], "size": [8, 8, 1], "uv": [78, 0]}
				]
			},
			{
				"name": "bone17",
				"parent": "bone",
				"pivot": [0, 17, -1],
				"rotation": [-27.5, 0, 0],
				"cubes": [
					{"origin": [-4, 10.79719, 6.51782], "size": [8, 5, 1], "uv": [78, 0], "inflate": 0.01}
				]
			},
			{
				"name": "bone71",
				"parent": "head",
				"pivot": [-4, 16, 6],
				"rotation": [20.95711, 42.95348, -2.9969],
				"cubes": [
					{"origin": [1.8, 12.5, 10], "size": [3, 6, 1], "uv": [19, 8]}
				]
			},
			{
				"name": "bone98",
				"parent": "bone71",
				"pivot": [-4, 16, 6],
				"rotation": [-22.5, 0, 0],
				"cubes": [
					{"origin": [1.8, 11.67984, 10.95879], "size": [3, 3, 1], "uv": [0, 12]}
				]
			},
			{
				"name": "bone72",
				"parent": "head",
				"pivot": [1, 17, 2],
				"rotation": [-15, 0, 0],
				"cubes": [
					{"origin": [-4, 14, -4], "size": [1, 3, 1], "uv": [2, 12]}
				]
			},
			{
				"name": "bone96",
				"parent": "head",
				"pivot": [-1, 17, 2],
				"rotation": [-15, 0, 0],
				"cubes": [
					{"origin": [3, 14, -4], "size": [1, 3, 1], "uv": [2, 12], "mirror": true}
				]
			},
			{
				"name": "bone97",
				"parent": "head",
				"pivot": [4, 16, 6],
				"rotation": [20.95711, -42.95348, 2.9969],
				"cubes": [
					{"origin": [-4.8, 12.5, 10], "size": [3, 6, 1], "uv": [19, 8], "mirror": true}
				]
			},
			{
				"name": "bone99",
				"parent": "head",
				"pivot": [4, 16, 6],
				"rotation": [20.95711, -42.95348, 2.9969]
			},
			{
				"name": "bone100",
				"parent": "bone99",
				"pivot": [4, 16, 6],
				"rotation": [-22.5, 0, 0],
				"cubes": [
					{"origin": [-4.8, 11.67984, 10.95879], "size": [3, 3, 1], "uv": [0, 12], "mirror": true}
				]
			},
			{
				"name": "armRight",
				"pivot": [-2, 17.5, 0],
				"rotation": [0, 0, 22.5],
				"cubes": [
					{"origin": [-4, 8.5, -1], "size": [2, 8, 2], "uv": [22, 28]},
					{"origin": [-4.51, 14.5, -0.8], "size": [2, 2, 5], "uv": [31, 39], "inflate": -0.4}
				]
			},
			{
				"name": "armRightPositioningBone",
				"parent": "armRight",
				"pivot": [-3, 8.5, 0]
			},
			{
				"name": "armLeft",
				"pivot": [2, 17.5, 0],
				"rotation": [0, 0, -22.5],
				"cubes": [
					{"origin": [2, 8.5, -1], "size": [2, 8, 2], "uv": [22, 28], "mirror": true},
					{"origin": [2.51, 14.5, -0.8], "size": [2, 2, 5], "uv": [31, 39], "inflate": -0.4, "mirror": true}
				]
			},
			{
				"name": "armLeftPositioningBone",
				"parent": "armLeft",
				"pivot": [3, 8.5, 0]
			},
			{
				"name": "body",
				"pivot": [0, 10.5, 0],
				"cubes": [
					{"origin": [-3, 8.7, -2.5], "size": [6, 9, 5], "uv": [0, 16]},
					{"origin": [-3, 7.8, -2.5], "size": [6, 9, 5], "uv": [0, 30], "inflate": 0.3}
				]
			},
			{
				"name": "sittingRotationSkirt",
				"parent": "body",
				"pivot": [0, 10.5, 0]
			},
			{
				"name": "bone20",
				"parent": "sittingRotationSkirt",
				"pivot": [0, 10.5, 1],
				"rotation": [-15, 0, 0],
				"cubes": [
					{"origin": [-2.5, 7.5, -3], "size": [5, 5, 0], "uv": [4, 44]}
				]
			},
			{
				"name": "legLeft",
				"pivot": [2, 9, 0],
				"cubes": [
					{"origin": [0.499, 0, -1.5], "size": [3, 9, 3], "uv": [22, 16]}
				]
			},
			{
				"name": "bone18",
				"parent": "legLeft",
				"pivot": [2, 10, 0],
				"rotation": [0, 0, -10],
				"cubes": [
					{"origin": [0.2, 8, -2], "size": [3, 3, 4], "uv": [56, 0], "inflate": 0.4}
				]
			},
			{
				"name": "legRight",
				"pivot": [-2, 9, 0],
				"cubes": [
					{"origin": [-3.499, 0, -1.5], "size": [3, 9, 3], "uv": [22, 16]}
				]
			},
			{
				"name": "bone19",
				"parent": "legRight",
				"pivot": [-1, 10, 0],
				"rotation": [0, 0, 10],
				"cubes": [
					{"origin": [-3.2, 7.8, -2], "size": [3, 3, 4], "uv": [56, 0], "inflate": 0.41}
				]
			},
			{
				"name": "wingLeft",
				"pivot": [1.5, 14, 2.75],
				"rotation": [0, 60, 0]
			},
			{
				"name": "bone23",
				"parent": "wingLeft",
				"pivot": [1.5, 14, 2.75],
				"cubes": [
					{"origin": [1.5, 2, 2.5], "size": [0, 24, 26], "uv": [62, -1]}
				]
			},
			{
				"name": "bone49",
				"parent": "bone23",
				"pivot": [1.5, 14, 2.75],
				"rotation": [12.5, 0, 0],
				"cubes": [
					{"origin": [1, 11.1, 2.2], "size": [1, 3, 7], "uv": [67, 13], "inflate": -0.2}
				]
			},
			{
				"name": "bone50",
				"parent": "bone49",
				"pivot": [1.5, 13, 6.75],
				"rotation": [22.5, 0, 0],
				"cubes": [
					{"origin": [1, 10.6, 7.6], "size": [1, 3, 5], "uv": [69, 15], "inflate": -0.199}
				]
			},
			{
				"name": "bone51",
				"parent": "bone50",
				"pivot": [1.5, 13, 10.75],
				"rotation": [25, 0, 0],
				"cubes": [
					{"origin": [1, 10, 11.6], "size": [1, 3, 5], "uv": [69, 15], "inflate": -0.198}
				]
			},
			{
				"name": "bone52",
				"parent": "bone23",
				"pivot": [1.5, 16, 8.75],
				"rotation": [97.5, 0, 0],
				"cubes": [
					{"origin": [1.2, 1.29194, 10.41319], "size": [1, 10, 3], "uv": [70, 0], "inflate": -0.3}
				]
			},
			{
				"name": "bone53",
				"parent": "bone52",
				"pivot": [1.5, 4.44286, -1.54582],
				"rotation": [-7.5, 0, 0],
				"cubes": [
					{"origin": [1.2, -3.17949, 9.6311], "size": [1, 7, 4], "uv": [64, 9], "inflate": -0.25}
				]
			},
			{
				"name": "bone54",
				"parent": "bone23",
				"pivot": [1.5, 5, 15.75],
				"rotation": [90, 0, 0],
				"cubes": [
					{"origin": [1, 0, 27.5], "size": [1, 7, 3], "uv": [70, 3], "inflate": -0.3}
				]
			},
			{
				"name": "bone55",
				"parent": "bone54",
				"pivot": [1.5, 0, 15.75],
				"rotation": [-7.5, 0, 0],
				"cubes": [
					{"origin": [1, -3.5, 26.3], "size": [1, 6, 4], "uv": [64, 10], "inflate": -0.25}
				]
			},
			{
				"name": "bone56",
				"parent": "bone23",
				"pivot": [1.5, 6, 8.75],
				"rotation": [65, 0, 0],
				"cubes": [
					{"origin": [0.9, 2, 20.5], "size": [1, 5, 3], "uv": [70, 5], "inflate": -0.3}
				]
			},
			{
				"name": "bone57",
				"parent": "bone56",
				"pivot": [1.5, 0, 8.75],
				"rotation": [-7.5, 0, 0],
				"cubes": [
					{"origin": [0.9, -0.5, 19], "size": [1, 5, 4], "uv": [64, 11], "inflate": -0.25}
				]
			},
			{
				"name": "bone58",
				"parent": "bone57",
				"pivot": [1.5, 4, 4.75],
				"rotation": [-17.5, 0, 0],
				"cubes": [
					{"origin": [0.8, 4.8, 15], "size": [1, 4, 4], "uv": [64, 12], "inflate": -0.25}
				]
			},
			{
				"name": "wingLeft2",
				"parent": "wingLeft",
				"pivot": [1.5, 15, 0.75],
				"rotation": [32.5, -15, 0],
				"cubes": [
					{"origin": [1.5, 6, 0.5], "size": [0, 14, 21], "uv": [26, 28]}
				]
			},
			{
				"name": "bone21",
				"parent": "wingLeft2",
				"pivot": [1.5, 15, 0.75],
				"rotation": [12.5, 0, 0],
				"cubes": [
					{"origin": [1, 12.1, 0.2], "size": [1, 3, 7], "uv": [67, 13], "inflate": -0.2}
				]
			},
			{
				"name": "bone22",
				"parent": "bone21",
				"pivot": [1.5, 14, 4.75],
				"rotation": [22.5, 0, 0],
				"cubes": [
					{"origin": [1, 11.6, 5.6], "size": [1, 3, 5], "uv": [69, 15], "inflate": -0.199}
				]
			},
			{
				"name": "bone24",
				"parent": "wingLeft2",
				"pivot": [1.5, 13, 4.75],
				"rotation": [97.5, 0, 0],
				"cubes": [
					{"origin": [1.19, 1.29194, 6.41319], "size": [1, 7, 3], "uv": [70, 0], "inflate": -0.3}
				]
			},
			{
				"name": "bone25",
				"parent": "bone24",
				"pivot": [1.5, 1.44286, -5.54582],
				"rotation": [-7.5, 0, 0],
				"cubes": [
					{"origin": [1.2, -1.17949, 5.3], "size": [1, 5, 4], "uv": [64, 11], "inflate": -0.25}
				]
			},
			{
				"name": "bone26",
				"parent": "wingLeft2",
				"pivot": [1.5, 2, 10.75],
				"rotation": [90, 0, 0],
				"cubes": [
					{"origin": [1, -1, 22.5], "size": [1, 5, 3], "uv": [70, 3], "inflate": -0.3}
				]
			},
			{
				"name": "bone27",
				"parent": "bone26",
				"pivot": [1.5, -3, 10.75],
				"rotation": [-7.5, 0, 0],
				"cubes": [
					{"origin": [1, -2.5, 21.3], "size": [1, 4, 4], "uv": [64, 12], "inflate": -0.25}
				]
			},
			{
				"name": "bone28",
				"parent": "wingLeft2",
				"pivot": [1.5, 3, 0.75],
				"rotation": [65, 0, 0],
				"cubes": [
					{"origin": [0.9, 1, 12.5], "size": [1, 3, 3], "uv": [70, 5], "inflate": -0.3}
				]
			},
			{
				"name": "bone29",
				"parent": "bone28",
				"pivot": [1.5, -3, 0.75],
				"rotation": [-7.5, 0, 0],
				"cubes": [
					{"origin": [0.9, -1.5, 11], "size": [1, 5, 4], "uv": [64, 11], "inflate": -0.25}
				]
			},
			{
				"name": "bone30",
				"parent": "bone29",
				"pivot": [1.5, 1, -3.25],
				"rotation": [-17.5, 0, 0],
				"cubes": [
					{"origin": [0.8, 5.8, 7], "size": [1, 4, 4], "uv": [64, 12], "inflate": -0.25}
				]
			},
			{
				"name": "wingLeft3",
				"parent": "wingLeft",
				"pivot": [1.5, 13, 2.75],
				"rotation": [-52.72375, 22.75369, 11.6247],
				"cubes": [
					{"origin": [1.5, 4, 2.5], "size": [0, 14, 21], "uv": [26, 28]}
				]
			},
			{
				"name": "bone87",
				"parent": "wingLeft3",
				"pivot": [1.5, 13, 2.75],
				"rotation": [12.5, 0, 0],
				"cubes": [
					{"origin": [1, 10.1, 2.2], "size": [1, 3, 7], "uv": [67, 13], "inflate": -0.2}
				]
			},
			{
				"name": "bone88",
				"parent": "bone87",
				"pivot": [1.5, 12, 6.75],
				"rotation": [22.5, 0, 0],
				"cubes": [
					{"origin": [1, 9.6, 7.6], "size": [1, 3, 5], "uv": [69, 15], "inflate": -0.199}
				]
			},
			{
				"name": "bone89",
				"parent": "wingLeft3",
				"pivot": [1.5, 11, 6.75],
				"rotation": [97.5, 0, 0],
				"cubes": [
					{"origin": [1.2, -0.70806, 8.41319], "size": [1, 7, 3], "uv": [70, 0], "inflate": -0.3}
				]
			},
			{
				"name": "bone90",
				"parent": "bone89",
				"pivot": [1.5, -4.55714, -2.54582],
				"rotation": [10, 0, 0],
				"cubes": [
					{"origin": [1.2, -7.17949, 8.3], "size": [1, 5, 4], "uv": [64, 11], "inflate": -0.25}
				]
			},
			{
				"name": "bone91",
				"parent": "wingLeft3",
				"pivot": [1.5, 0, 12.75],
				"rotation": [90, 0, 0],
				"cubes": [
					{"origin": [1, -3, 24.5], "size": [1, 5, 3], "uv": [70, 3], "inflate": -0.3}
				]
			},
			{
				"name": "bone92",
				"parent": "bone91",
				"pivot": [1.5, -8, 12.75],
				"rotation": [5, 0, 0],
				"cubes": [
					{"origin": [1, -7.5, 23.3], "size": [1, 4, 4], "uv": [64, 12], "inflate": -0.25}
				]
			},
			{
				"name": "bone93",
				"parent": "wingLeft3",
				"pivot": [1.5, 1, 2.75],
				"rotation": [65, 0, 0],
				"cubes": [
					{"origin": [0.9, -1, 14.5], "size": [1, 3, 3], "uv": [70, 5], "inflate": -0.3}
				]
			},
			{
				"name": "bone94",
				"parent": "bone93",
				"pivot": [1.5, -5, 2.75],
				"rotation": [-7.5, 0, 0],
				"cubes": [
					{"origin": [0.9, -3.5, 13], "size": [1, 5, 4], "uv": [64, 11], "inflate": -0.25}
				]
			},
			{
				"name": "bone95",
				"parent": "bone94",
				"pivot": [1.5, -1, -1.25],
				"rotation": [-17.5, 0, 0],
				"cubes": [
					{"origin": [0.8, 3.8, 9], "size": [1, 4, 4], "uv": [64, 12], "inflate": -0.25}
				]
			},
			{
				"name": "wingRight",
				"pivot": [-1.5, 14, 2.75],
				"rotation": [0, -60, 0]
			},
			{
				"name": "bone31",
				"parent": "wingRight",
				"pivot": [-1.5, 14, 2.75]
			},
			{
				"name": "bone32",
				"parent": "bone31",
				"pivot": [-1.5, 14, 2.75],
				"rotation": [12.5, 0, 0],
				"cubes": [
					{"origin": [-2, 11.1, 2.2], "size": [1, 3, 7], "uv": [67, 13], "inflate": -0.2, "mirror": true}
				]
			},
			{
				"name": "bone33",
				"parent": "wingRight",
				"pivot": [-1.5, 14, 2.75]
			},
			{
				"name": "bone34",
				"parent": "bone33",
				"pivot": [-1.5, 14, 2.75],
				"rotation": [12.5, 0, 0]
			},
			{
				"name": "bone35",
				"parent": "bone34",
				"pivot": [-1.5, 13, 6.75],
				"rotation": [22.5, 0, 0],
				"cubes": [
					{"origin": [-2, 10.6, 7.6], "size": [1, 3, 5], "uv": [69, 15], "inflate": -0.199, "mirror": true}
				]
			},
			{
				"name": "bone36",
				"parent": "wingRight",
				"pivot": [-1.5, 14, 2.75]
			},
			{
				"name": "bone37",
				"parent": "bone36",
				"pivot": [-1.5, 14, 2.75],
				"rotation": [12.5, 0, 0]
			},
			{
				"name": "bone38",
				"parent": "bone37",
				"pivot": [-1.5, 13, 6.75],
				"rotation": [22.5, 0, 0]
			},
			{
				"name": "bone39",
				"parent": "bone38",
				"pivot": [-1.5, 13, 10.75],
				"rotation": [25, 0, 0],
				"cubes": [
					{"origin": [-2, 10, 11.6], "size": [1, 3, 5], "uv": [69, 15], "inflate": -0.198, "mirror": true}
				]
			},
			{
				"name": "bone40",
				"parent": "wingRight",
				"pivot": [-1.5, 14, 2.75],
				"cubes": [
					{"origin": [-1.5, 2, 2.5], "size": [0, 24, 26], "uv": [62, -1], "mirror": true}
				]
			},
			{
				"name": "bone41",
				"parent": "wingRight",
				"pivot": [-1.5, 14, 2.75]
			},
			{
				"name": "bone42",
				"parent": "bone41",
				"pivot": [-1.5, 16, 8.75],
				"rotation": [97.5, 0, 0],
				"cubes": [
					{"origin": [-2.2, 1.29194, 10.41319], "size": [1, 10, 3], "uv": [70, 0], "inflate": -0.3, "mirror": true}
				]
			},
			{
				"name": "bone43",
				"parent": "wingRight",
				"pivot": [-1.5, 14, 2.75]
			},
			{
				"name": "bone44",
				"parent": "bone43",
				"pivot": [-1.5, 16, 8.75],
				"rotation": [97.5, 0, 0]
			},
			{
				"name": "bone45",
				"parent": "bone44",
				"pivot": [-1.5, 4.44286, -1.54582],
				"rotation": [-7.5, 0, 0],
				"cubes": [
					{"origin": [-2.2, -3.17949, 9.6311], "size": [1, 7, 4], "uv": [64, 9], "inflate": -0.25, "mirror": true}
				]
			},
			{
				"name": "bone46",
				"parent": "wingRight",
				"pivot": [-1.5, 14, 2.75]
			},
			{
				"name": "bone47",
				"parent": "bone46",
				"pivot": [-1.5, 5, 15.75],
				"rotation": [90, 0, 0],
				"cubes": [
					{"origin": [-2, 0, 27.5], "size": [1, 7, 3], "uv": [70, 3], "inflate": -0.3, "mirror": true}
				]
			},
			{
				"name": "bone48",
				"parent": "wingRight",
				"pivot": [-1.5, 14, 2.75]
			},
			{
				"name": "bone59",
				"parent": "bone48",
				"pivot": [-1.5, 5, 15.75],
				"rotation": [90, 0, 0]
			},
			{
				"name": "bone60",
				"parent": "bone59",
				"pivot": [-1.5, 0, 15.75],
				"rotation": [-7.5, 0, 0],
				"cubes": [
					{"origin": [-2, -3.5, 26.3], "size": [1, 6, 4], "uv": [64, 10], "inflate": -0.25, "mirror": true}
				]
			},
			{
				"name": "bone61",
				"parent": "wingRight",
				"pivot": [-1.5, 14, 2.75]
			},
			{
				"name": "bone62",
				"parent": "bone61",
				"pivot": [-1.5, 6, 8.75],
				"rotation": [65, 0, 0],
				"cubes": [
					{"origin": [-1.9, 2, 20.5], "size": [1, 5, 3], "uv": [70, 5], "inflate": -0.3, "mirror": true}
				]
			},
			{
				"name": "bone63",
				"parent": "wingRight",
				"pivot": [-1.5, 14, 2.75]
			},
			{
				"name": "bone64",
				"parent": "bone63",
				"pivot": [-1.5, 6, 8.75],
				"rotation": [65, 0, 0]
			},
			{
				"name": "bone65",
				"parent": "bone64",
				"pivot": [-1.5, 0, 8.75],
				"rotation": [-7.5, 0, 0],
				"cubes": [
					{"origin": [-1.9, -0.5, 19], "size": [1, 5, 4], "uv": [64, 11], "inflate": -0.25, "mirror": true}
				]
			},
			{
				"name": "bone66",
				"parent": "wingRight",
				"pivot": [-1.5, 14, 2.75]
			},
			{
				"name": "bone67",
				"parent": "bone66",
				"pivot": [-1.5, 6, 8.75],
				"rotation": [65, 0, 0]
			},
			{
				"name": "bone68",
				"parent": "bone67",
				"pivot": [-1.5, 0, 8.75],
				"rotation": [-7.5, 0, 0]
			},
			{
				"name": "bone69",
				"parent": "bone68",
				"pivot": [-1.5, 4, 4.75],
				"rotation": [-17.5, 0, 0],
				"cubes": [
					{"origin": [-1.8, 4.8, 15], "size": [1, 4, 4], "uv": [64, 12], "inflate": -0.25, "mirror": true}
				]
			},
			{
				"name": "wingRight2",
				"parent": "wingRight",
				"pivot": [-1.5, 15, 0.75],
				"rotation": [32.5, 15, 0],
				"cubes": [
					{"origin": [-1.5, 6, 0.5], "size": [0, 14, 21], "uv": [26, 28], "mirror": true}
				]
			},
			{
				"name": "bone70",
				"parent": "wingRight2",
				"pivot": [-1.5, 15, 0.75],
				"rotation": [12.5, 0, 0],
				"cubes": [
					{"origin": [-2, 12.1, 0.2], "size": [1, 3, 7], "uv": [67, 13], "inflate": -0.2, "mirror": true}
				]
			},
			{
				"name": "bone73",
				"parent": "wingRight2",
				"pivot": [-1.5, 15, 0.75],
				"rotation": [12.5, 0, 0]
			},
			{
				"name": "bone74",
				"parent": "bone73",
				"pivot": [-1.5, 14, 4.75],
				"rotation": [22.5, 0, 0],
				"cubes": [
					{"origin": [-2, 11.6, 5.6], "size": [1, 3, 5], "uv": [69, 15], "inflate": -0.199, "mirror": true}
				]
			},
			{
				"name": "bone75",
				"parent": "wingRight2",
				"pivot": [-1.5, 13, 4.75],
				"rotation": [97.5, 0, 0],
				"cubes": [
					{"origin": [-2.19, 1.29194, 6.41319], "size": [1, 7, 3], "uv": [70, 0], "inflate": -0.3, "mirror": true}
				]
			},
			{
				"name": "bone76",
				"parent": "wingRight2",
				"pivot": [-1.5, 13, 4.75],
				"rotation": [97.5, 0, 0]
			},
			{
				"name": "bone77",
				"parent": "bone76",
				"pivot": [-1.5, 1.44286, -5.54582],
				"rotation": [-7.5, 0, 0],
				"cubes": [
					{"origin": [-2.2, -1.17949, 5.3], "size": [1, 5, 4], "uv": [64, 11], "inflate": -0.25, "mirror": true}
				]
			},
			{
				"name": "bone78",
				"parent": "wingRight2",
				"pivot": [-1.5, 2, 10.75],
				"rotation": [90, 0, 0],
				"cubes": [
					{"origin": [-2, -1, 22.5], "size": [1, 5, 3], "uv": [70, 3], "inflate": -0.3, "mirror": true}
				]
			},
			{
				"name": "bone79",
				"parent": "wingRight2",
				"pivot": [-1.5, 2, 10.75],
				"rotation": [90, 0, 0]
			},
			{
				"name": "bone80",
				"parent": "bone79",
				"pivot": [-1.5, -3, 10.75],
				"rotation": [-7.5, 0, 0],
				"cubes": [
					{"origin": [-2, -2.5, 21.3], "size": [1, 4, 4], "uv": [64, 12], "inflate": -0.25, "mirror": true}
				]
			},
			{
				"name": "bone81",
				"parent": "wingRight2",
				"pivot": [-1.5, 3, 0.75],
				"rotation": [65, 0, 0],
				"cubes": [
					{"origin": [-1.9, 1, 12.5], "size": [1, 3, 3], "uv": [70, 5], "inflate": -0.3, "mirror": true}
				]
			},
			{
				"name": "bone82",
				"parent": "wingRight2",
				"pivot": [-1.5, 3, 0.75],
				"rotation": [65, 0, 0]
			},
			{
				"name": "bone83",
				"parent": "bone82",
				"pivot": [-1.5, -3, 0.75],
				"rotation": [-7.5, 0, 0],
				"cubes": [
					{"origin": [-1.9, -1.5, 11], "size": [1, 5, 4], "uv": [64, 11], "inflate": -0.25, "mirror": true}
				]
			},
			{
				"name": "bone84",
				"parent": "wingRight2",
				"pivot": [-1.5, 3, 0.75],
				"rotation": [65, 0, 0]
			},
			{
				"name": "bone85",
				"parent": "bone84",
				"pivot": [-1.5, -3, 0.75],
				"rotation": [-7.5, 0, 0]
			},
			{
				"name": "bone86",
				"parent": "bone85",
				"pivot": [-1.5, 1, -3.25],
				"rotation": [-17.5, 0, 0],
				"cubes": [
					{"origin": [-1.8, 5.8, 7], "size": [1, 4, 4], "uv": [64, 12], "inflate": -0.25, "mirror": true}
				]
			},
			{
				"name": "wingRight3",
				"parent": "wingRight",
				"pivot": [-1.5, 13, 2.75],
				"rotation": [-52.72375, -22.75369, -11.6247],
				"cubes": [
					{"origin": [-1.5, 4, 2.5], "size": [0, 14, 21], "uv": [26, 28], "mirror": true}
				]
			},
			{
				"name": "bone2",
				"parent": "wingRight3",
				"pivot": [-1.5, 13, 2.75],
				"rotation": [12.5, 0, 0],
				"cubes": [
					{"origin": [-2, 10.1, 2.2], "size": [1, 3, 7], "uv": [67, 13], "inflate": -0.2, "mirror": true}
				]
			},
			{
				"name": "bone3",
				"parent": "wingRight3",
				"pivot": [-1.5, 13, 2.75],
				"rotation": [12.5, 0, 0]
			},
			{
				"name": "bone4",
				"parent": "bone3",
				"pivot": [-1.5, 12, 6.75],
				"rotation": [22.5, 0, 0],
				"cubes": [
					{"origin": [-2, 9.6, 7.6], "size": [1, 3, 5], "uv": [69, 15], "inflate": -0.199, "mirror": true}
				]
			},
			{
				"name": "bone5",
				"parent": "wingRight3",
				"pivot": [-1.5, 11, 6.75],
				"rotation": [97.5, 0, 0],
				"cubes": [
					{"origin": [-2.2, -0.70806, 8.41319], "size": [1, 7, 3], "uv": [70, 0], "inflate": -0.3, "mirror": true}
				]
			},
			{
				"name": "bone6",
				"parent": "wingRight3",
				"pivot": [-1.5, 11, 6.75],
				"rotation": [97.5, 0, 0]
			},
			{
				"name": "bone7",
				"parent": "bone6",
				"pivot": [-1.5, -4.55714, -2.54582],
				"rotation": [10, 0, 0],
				"cubes": [
					{"origin": [-2.2, -7.17949, 8.3], "size": [1, 5, 4], "uv": [64, 11], "inflate": -0.25, "mirror": true}
				]
			},
			{
				"name": "bone8",
				"parent": "wingRight3",
				"pivot": [-1.5, 0, 12.75],
				"rotation": [90, 0, 0],
				"cubes": [
					{"origin": [-2, -3, 24.5], "size": [1, 5, 3], "uv": [70, 3], "inflate": -0.3, "mirror": true}
				]
			},
			{
				"name": "bone9",
				"parent": "wingRight3",
				"pivot": [-1.5, 0, 12.75],
				"rotation": [90, 0, 0]
			},
			{
				"name": "bone10",
				"parent": "bone9",
				"pivot": [-1.5, -8, 12.75],
				"rotation": [5, 0, 0],
				"cubes": [
					{"origin": [-2, -7.5, 23.3], "size": [1, 4, 4], "uv": [64, 12], "inflate": -0.25, "mirror": true}
				]
			},
			{
				"name": "bone11",
				"parent": "wingRight3",
				"pivot": [-1.5, 1, 2.75],
				"rotation": [65, 0, 0],
				"cubes": [
					{"origin": [-1.9, -1, 14.5], "size": [1, 3, 3], "uv": [70, 5], "inflate": -0.3, "mirror": true}
				]
			},
			{
				"name": "bone12",
				"parent": "wingRight3",
				"pivot": [-1.5, 1, 2.75],
				"rotation": [65, 0, 0]
			},
			{
				"name": "bone13",
				"parent": "bone12",
				"pivot": [-1.5, -5, 2.75],
				"rotation": [-7.5, 0, 0],
				"cubes": [
					{"origin": [-1.9, -3.5, 13], "size": [1, 5, 4], "uv": [64, 11], "inflate": -0.25, "mirror": true}
				]
			},
			{
				"name": "bone14",
				"parent": "wingRight3",
				"pivot": [-1.5, 1, 2.75],
				"rotation": [65, 0, 0]
			},
			{
				"name": "bone15",
				"parent": "bone14",
				"pivot": [-1.5, -5, 2.75],
				"rotation": [-7.5, 0, 0]
			},
			{
				"name": "bone16",
				"parent": "bone15",
				"pivot": [-1.5, -1, -1.25],
				"rotation": [-17.5, 0, 0],
				"cubes": [
					{"origin": [-1.8, 3.8, 9], "size": [1, 4, 4], "uv": [64, 12], "inflate": -0.25, "mirror": true}
				]
			},
			{
				"name": "bone102",
				"pivot": [0, 0, 0]
			},
			{
				"name": "chestPlate",
				"parent": "bone102",
				"pivot": [0, 0, 0]
			},
			{
				"name": "cosFloat",
				"parent": "chestPlate",
				"pivot": [0, 0, 0]
			},
			{
				"name": "bone124",
				"parent": "cosFloat",
				"pivot": [0, 16, 19]
			},
			{
				"name": "bone123",
				"parent": "bone124",
				"pivot": [30, 27, -9],
				"rotation": [20.17393, 10.17781, -115.68482],
				"cubes": [
					{"origin": [29, 27, 25], "size": [5, 8, 0], "uv": [78, 10], "mirror": true}
				]
			},
			{
				"name": "bone122",
				"parent": "bone124",
				"pivot": [-30, 27, -9],
				"rotation": [20.17393, -10.17781, 115.68482],
				"cubes": [
					{"origin": [-34, 27, 25], "size": [5, 8, 0], "uv": [78, 10]}
				]
			},
			{
				"name": "bone121",
				"parent": "bone124",
				"pivot": [29, 1, -13],
				"rotation": [18.74227, -12.67956, -57.10087],
				"cubes": [
					{"origin": [28, 1, 21], "size": [5, 8, 0], "uv": [78, 10], "mirror": true}
				]
			},
			{
				"name": "bone120",
				"parent": "bone124",
				"pivot": [-29, 1, -13],
				"rotation": [18.74227, 12.67956, 57.10087],
				"cubes": [
					{"origin": [-33, 1, 21], "size": [5, 8, 0], "uv": [78, 10]}
				]
			},
			{
				"name": "bone119",
				"parent": "bone124",
				"pivot": [34, 14, -11],
				"rotation": [22.5, 0, -90],
				"cubes": [
					{"origin": [33, 14, 23], "size": [5, 8, 0], "uv": [78, 10], "mirror": true}
				]
			},
			{
				"name": "bone118",
				"parent": "bone124",
				"pivot": [-34, 14, -11],
				"rotation": [22.5, 0, 90],
				"cubes": [
					{"origin": [-38, 14, 23], "size": [5, 8, 0], "uv": [78, 10]}
				]
			},
			{
				"name": "bone117",
				"parent": "bone124",
				"pivot": [0, 50, -7],
				"rotation": [-40, 0, 0],
				"cubes": [
					{"origin": [-4, 50, 27], "size": [5, 8, 0], "uv": [88, 10], "mirror": true}
				]
			},
			{
				"name": "bone116",
				"parent": "bone124",
				"pivot": [0, -16, -14],
				"rotation": [22.5, 0, 0],
				"cubes": [
					{"origin": [-4, -16, 20], "size": [5, 8, 0], "uv": [78, 10]}
				]
			},
			{
				"name": "_sinFloat",
				"parent": "cosFloat",
				"pivot": [0, 0, 0]
			},
			{
				"name": "bone104",
				"parent": "_sinFloat",
				"pivot": [0, 16, 21],
				"rotation": [-102.5, 0, 0]
			},
			{
				"name": "bone105",
				"parent": "bone104",
				"pivot": [0, 16, 21]
			},
			{
				"name": "bone106",
				"parent": "bone105",
				"pivot": [0, 16, 21],
				"cubes": [
					{"origin": [-5, 16, 36.38842], "size": [10, 1, 0], "uv": [78, 9]}
				]
			},
			{
				"name": "bone107",
				"parent": "bone105",
				"pivot": [0, 16, 21],
				"rotation": [0, -36, 0],
				"cubes": [
					{"origin": [-5, 16, 36.38842], "size": [10, 1, 0], "uv": [78, 9]}
				]
			},
			{
				"name": "bone108",
				"parent": "bone105",
				"pivot": [0, 16, 21],
				"rotation": [0, -72, 0],
				"cubes": [
					{"origin": [-5, 16, 36.38842], "size": [10, 1, 0], "uv": [78, 9]}
				]
			},
			{
				"name": "bone109",
				"parent": "bone105",
				"pivot": [0, 16, 21],
				"rotation": [0, -108, 0],
				"cubes": [
					{"origin": [-5, 16, 36.38842], "size": [10, 1, 0], "uv": [78, 9]}
				]
			},
			{
				"name": "bone110",
				"parent": "bone105",
				"pivot": [0, 16, 21],
				"rotation": [0, -144, 0],
				"cubes": [
					{"origin": [-5, 16, 36.38842], "size": [10, 1, 0], "uv": [78, 9]}
				]
			},
			{
				"name": "bone111",
				"parent": "bone105",
				"pivot": [0, 16, 21],
				"rotation": [0, -180, 0],
				"cubes": [
					{"origin": [-5, 16, 36.38842], "size": [10, 1, 0], "uv": [78, 9]}
				]
			},
			{
				"name": "bone112",
				"parent": "bone105",
				"pivot": [0, 16, 21],
				"rotation": [0, -216, 0],
				"cubes": [
					{"origin": [-5, 16, 36.38842], "size": [10, 1, 0], "uv": [78, 9]}
				]
			},
			{
				"name": "bone113",
				"parent": "bone105",
				"pivot": [0, 16, 21],
				"rotation": [0, -252, 0],
				"cubes": [
					{"origin": [-5, 16, 36.38842], "size": [10, 1, 0], "uv": [78, 9]}
				]
			},
			{
				"name": "bone114",
				"parent": "bone105",
				"pivot": [0, 16, 21],
				"rotation": [0, -288, 0],
				"cubes": [
					{"origin": [-5, 16, 36.38842], "size": [10, 1, 0], "uv": [78, 9]}
				]
			},
			{
				"name": "bone115",
				"parent": "bone105",
				"pivot": [0, 16, 21],
				"rotation": [0, -324, 0],
				"cubes": [
					{"origin": [-5, 16, 36.38842], "size": [10, 1, 0], "uv": [78, 9]}
				]
			}
		]
	}
}