{
	"format_version": "1.10.0",
	"geometry.model": {
		"texturewidth": 96,
		"textureheight": 72,
		"visible_bounds_width": 4,
		"visible_bounds_height": 4,
		"visible_bounds_offset": [0, 1, 0],
		"bones": [
			{
				"name": "head",
				"pivot": [0, 18, 0],
				"cubes": [
					{"origin": [-4, 17.8, -4], "size": [8, 8, 8], "uv": [0, 0], "inflate": -0.3},
					{"origin": [-4, 17.8, -4], "size": [8, 8, 8], "uv": [32, 0]}
				]
			},
			{
				"name": "blink",
				"parent": "head",
				"pivot": [0, 18, 0],
				"cubes": [
					{"origin": [-4, 17.8, -4.001], "size": [8, 8, 1], "uv": [76, 53], "inflate": -0.3}
				]
			},
			{
				"name": "bone",
				"parent": "head",
				"pivot": [3, 14, 3],
				"rotation": [12.08681, -3.21132, -15.34007],
				"cubes": [
					{"origin": [6, 12, 2], "size": [2, 13, 2], "uv": [64, 0]}
				]
			},
			{
				"name": "bone2",
				"parent": "head",
				"pivot": [-3, 14, 3],
				"rotation": [12.08681, 3.21132, 15.34007],
				"cubes": [
					{"origin": [-8, 12, 2], "size": [2, 13, 2], "uv": [64, 0], "mirror": true}
				]
			},
			{
				"name": "bone39",
				"parent": "head",
				"pivot": [0, 19, -1],
				"rotation": [-27.5, 0, 0],
				"cubes": [
					{"origin": [-5.25, 19, -2], "size": [10.5, 1, 0], "uv": [22, 43]}
				]
			},
			{
				"name": "armRight",
				"pivot": [-2, 17.5, 0],
				"rotation": [0, 0, 25],
				"cubes": [
					{"origin": [-4, 8.5, -1], "size": [2, 8, 2], "uv": [22, 28], "inflate": 0.1, "mirror": true},
					{"origin": [-4.5, 12.5, -1.5], "size": [3, 2, 3], "uv": [22, 38], "mirror": true}
				]
			},
			{
				"name": "armRightPositioningBone",
				"parent": "armRight",
				"pivot": [-3, 8.5, 0]
			},
			{
				"name": "armLeft",
				"pivot": [2, 17.5, 0],
				"rotation": [0, 0, -25],
				"cubes": [
					{"origin": [2, 8.5, -1], "size": [2, 8, 2], "uv": [30, 28], "inflate": 0.1},
					{"origin": [1.2, 9, -1.7], "size": [3, 2, 3], "uv": [22, 38]}
				]
			},
			{
				"name": "armLeftPositioningBone",
				"parent": "armLeft",
				"pivot": [3, 8.5, 0]
			},
			{
				"name": "body",
				"pivot": [0, 10.5, 0],
				"cubes": [
					{"origin": [-3, 8.999, -2.5], "size": [6, 9, 5], "uv": [0, 16], "inflate": -0.1},
					{"origin": [-3, 8.8, -2.5], "size": [6, 9, 5], "uv": [0, 30], "inflate": 0.3}
				]
			},
			{
				"name": "sittingRotationSkirt",
				"parent": "body",
				"pivot": [0, 10.5, 0]
			},
			{
				"name": "bone3",
				"parent": "sittingRotationSkirt",
				"pivot": [0, 18.5, 0]
			},
			{
				"name": "bone4",
				"parent": "bone3",
				"pivot": [0, 8, 0]
			},
			{
				"name": "bone5",
				"parent": "bone4",
				"pivot": [0, 8, 4.3525],
				"rotation": [24, 0, 0]
			},
			{
				"name": "bone6",
				"parent": "bone5",
				"pivot": [0, 8, 4.3525],
				"rotation": [0, -45, 0],
				"cubes": [
					{"origin": [-1.5, 8, 2.8525], "size": [2, 5, 2], "uv": [0, 0]}
				]
			},
			{
				"name": "bone7",
				"parent": "bone3",
				"pivot": [0, 8, 0],
				"rotation": [0, -36, 0]
			},
			{
				"name": "bone8",
				"parent": "bone7",
				"pivot": [0, 8, 4.3525],
				"rotation": [24, 0, 0]
			},
			{
				"name": "bone9",
				"parent": "bone8",
				"pivot": [0, 8, 4.3525],
				"rotation": [0, -45, 0],
				"cubes": [
					{"origin": [-1.3, 8, 3.3525], "size": [2, 5, 2], "uv": [0, 0]}
				]
			},
			{
				"name": "bone10",
				"parent": "bone3",
				"pivot": [0, 8, 0],
				"rotation": [0, -72, 0]
			},
			{
				"name": "bone11",
				"parent": "bone10",
				"pivot": [0, 8, 4.3525],
				"rotation": [24, 0, 0]
			},
			{
				"name": "bone12",
				"parent": "bone11",
				"pivot": [0, 8, 4.3525],
				"rotation": [0, -45, 0],
				"cubes": [
					{"origin": [-1, 8, 3.3525], "size": [2, 5, 2], "uv": [0, 0]}
				]
			},
			{
				"name": "bone13",
				"parent": "bone3",
				"pivot": [0, 8, 0],
				"rotation": [0, -108, 0]
			},
			{
				"name": "bone14",
				"parent": "bone13",
				"pivot": [0, 8, 4.3525],
				"rotation": [24, 0, 0]
			},
			{
				"name": "bone15",
				"parent": "bone14",
				"pivot": [0, 8, 4.3525],
				"rotation": [0, -45, 0],
				"cubes": [
					{"origin": [-1, 8, 3.3525], "size": [2, 5, 2], "uv": [0, 0]}
				]
			},
			{
				"name": "bone16",
				"parent": "bone3",
				"pivot": [0, 8, 0],
				"rotation": [0, -144, 0]
			},
			{
				"name": "bone17",
				"parent": "bone16",
				"pivot": [0, 8, 4.3525],
				"rotation": [24, 0, 0]
			},
			{
				"name": "bone18",
				"parent": "bone17",
				"pivot": [0, 8, 4.3525],
				"rotation": [0, -45, 0],
				"cubes": [
					{"origin": [-1, 8, 3.1], "size": [2, 5, 2], "uv": [0, 0]}
				]
			},
			{
				"name": "bone19",
				"parent": "bone3",
				"pivot": [0, 8, 0],
				"rotation": [0, -180, 0]
			},
			{
				"name": "bone20",
				"parent": "bone19",
				"pivot": [0, 8, 4.3525],
				"rotation": [24, 0, 0]
			},
			{
				"name": "bone21",
				"parent": "bone20",
				"pivot": [0, 8, 4.3525],
				"rotation": [0, -45, 0],
				"cubes": [
					{"origin": [-1.5, 8, 2.8525], "size": [2, 5, 2], "uv": [0, 0]}
				]
			},
			{
				"name": "bone22",
				"parent": "bone3",
				"pivot": [0, 8, 0],
				"rotation": [0, -216, 0]
			},
			{
				"name": "bone23",
				"parent": "bone22",
				"pivot": [0, 8, 4.3525],
				"rotation": [24, 0, 0]
			},
			{
				"name": "bone24",
				"parent": "bone23",
				"pivot": [0, 8, 4.3525],
				"rotation": [0, -45, 0],
				"cubes": [
					{"origin": [-1.3, 8, 3.3525], "size": [2, 5, 2], "uv": [0, 0]}
				]
			},
			{
				"name": "bone25",
				"parent": "bone3",
				"pivot": [0, 8, 0],
				"rotation": [0, -252, 0]
			},
			{
				"name": "bone26",
				"parent": "bone25",
				"pivot": [0, 8, 4.3525],
				"rotation": [24, 0, 0]
			},
			{
				"name": "bone27",
				"parent": "bone26",
				"pivot": [0, 8, 4.3525],
				"rotation": [0, -45, 0],
				"cubes": [
					{"origin": [-1, 8, 3.3525], "size": [2, 5, 2], "uv": [0, 0]}
				]
			},
			{
				"name": "bone28",
				"parent": "bone3",
				"pivot": [0, 8, 0],
				"rotation": [0, -288, 0]
			},
			{
				"name": "bone29",
				"parent": "bone28",
				"pivot": [0, 8, 4.3525],
				"rotation": [24, 0, 0]
			},
			{
				"name": "bone30",
				"parent": "bone29",
				"pivot": [0, 8, 4.3525],
				"rotation": [0, -45, 0],
				"cubes": [
					{"origin": [-1, 8, 3.3525], "size": [2, 5, 2], "uv": [0, 0]}
				]
			},
			{
				"name": "bone31",
				"parent": "bone3",
				"pivot": [0, 8, 0],
				"rotation": [0, -324, 0]
			},
			{
				"name": "bone32",
				"parent": "bone31",
				"pivot": [0, 8, 4.3525],
				"rotation": [24, 0, 0]
			},
			{
				"name": "bone33",
				"parent": "bone32",
				"pivot": [0, 8, 4.3525],
				"rotation": [0, -45, 0],
				"cubes": [
					{"origin": [-1, 8, 3.1], "size": [2, 5, 2], "uv": [0, 0]}
				]
			},
			{
				"name": "bone34",
				"parent": "body",
				"pivot": [-6, 11.5, 0],
				"rotation": [-12.5, 0, 42.5],
				"cubes": [
					{"origin": [-7.5, 17, -4.5], "size": [2, 2, 1], "uv": [19, 16]}
				]
			},
			{
				"name": "bone35",
				"parent": "body",
				"pivot": [6, 11.5, 0],
				"rotation": [-12.5, 0, -42.5],
				"cubes": [
					{"origin": [5.5, 17, -4.5], "size": [2, 2, 1], "uv": [19, 16], "mirror": true}
				]
			},
			{
				"name": "bone44",
				"parent": "body",
				"pivot": [-1, 8.5, 1],
				"rotation": [-20, 0, 20],
				"cubes": [
					{"origin": [-3.5, 13, -5.2], "size": [1, 2, 0], "uv": [0, 30]}
				]
			},
			{
				"name": "bone45",
				"parent": "body",
				"pivot": [1, 8.5, 1],
				"rotation": [-20, 0, -20],
				"cubes": [
					{"origin": [2.5, 13, -5.2], "size": [1, 2, 0], "uv": [0, 30], "mirror": true}
				]
			},
			{
				"name": "leggings",
				"parent": "body",
				"pivot": [0, 10.5, 0]
			},
			{
				"name": "bone36",
				"parent": "leggings",
				"pivot": [0, 14.5, 1],
				"rotation": [12.5, 0, 0],
				"cubes": [
					{"origin": [-5, 13.2, 3], "size": [10, 4, 3], "uv": [62, 20]},
					{"origin": [-5, 13.2, 3], "size": [10, 4, 3], "uv": [50, 46], "inflate": 0.3}
				]
			},
			{
				"name": "bone43",
				"parent": "bone36",
				"pivot": [-1, 12.5, 0],
				"rotation": [22.5, 0, 0],
				"cubes": [
					{"origin": [-6, -2.5, 5], "size": [12, 15, 0], "uv": [70, 27]}
				]
			},
			{
				"name": "bone38",
				"parent": "bone36",
				"pivot": [3, 8.5, -2],
				"rotation": [15, -17.5, -17.5],
				"cubes": [
					{"origin": [7, 11.5, -3], "size": [3, 4, 8], "uv": [34, 31], "mirror": true},
					{"origin": [7, 11.5, -3], "size": [3, 4, 8], "uv": [48, 20], "inflate": 0.3, "mirror": true}
				]
			},
			{
				"name": "bone46",
				"parent": "leggings",
				"pivot": [-3, 8.5, -2],
				"rotation": [15, 17.5, 17.5],
				"cubes": [
					{"origin": [-10, 11.5, -3], "size": [3, 4, 8], "uv": [34, 16]}
				]
			},
			{
				"name": "bone37",
				"parent": "leggings",
				"pivot": [-3, 8.5, -2],
				"rotation": [15, 17.5, 17.5],
				"cubes": [
					{"origin": [-10, 11.5, -3], "size": [3, 4, 8], "uv": [56, 34], "inflate": 0.3}
				]
			},
			{
				"name": "bone40",
				"parent": "bone37",
				"pivot": [-3, 8.5, -2],
				"rotation": [0, 0, 12.5],
				"cubes": [
					{"origin": [-9, -2.5, -3], "size": [0, 14, 8], "uv": [60, 45]}
				]
			},
			{
				"name": "bone41",
				"parent": "leggings",
				"pivot": [3, 8.5, -2],
				"rotation": [15, -17.5, -17.5]
			},
			{
				"name": "bone42",
				"parent": "bone41",
				"pivot": [3, 8.5, -2],
				"rotation": [0, 0, -12.5],
				"cubes": [
					{"origin": [9, -2.5, -3], "size": [0, 14, 8], "uv": [60, 45], "mirror": true}
				]
			},
			{
				"name": "bone48",
				"parent": "leggings",
				"pivot": [0, 11.5, 3],
				"rotation": [-22.5, 0, 0],
				"cubes": [
					{"origin": [-6, 12, -4], "size": [12, 1, 0], "uv": [48, 16]}
				]
			},
			{
				"name": "bone47",
				"parent": "body",
				"pivot": [-1, 9.5, -3],
				"rotation": [-17.10175, 6.25847, 3.28802],
				"cubes": [
					{"origin": [-4, 11, -5], "size": [2, 3, 1], "uv": [34, 20]}
				]
			},
			{
				"name": "legLeft",
				"pivot": [2, 9, 0],
				"cubes": [
					{"origin": [0.499, 0, -1.5], "size": [3, 9, 3], "uv": [22, 16]}
				]
			},
			{
				"name": "legRight",
				"pivot": [-2, 9, 0],
				"cubes": [
					{"origin": [-3.499, 0, -1.5], "size": [3, 9, 3], "uv": [22, 16]}
				]
			},
			{
				"name": "wingLeft",
				"pivot": [1.5, 14, 2.75],
				"rotation": [0, 60, 0],
				"cubes": [
					{"origin": [1.5, 2, 2.5], "size": [0, 24, 18], "uv": [0, 26]}
				]
			},
			{
				"name": "chestPlate",
				"parent": "wingLeft",
				"pivot": [1, 23, -15],
				"rotation": [-57.5, 0, 0],
				"cubes": [
					{"origin": [0.5, 43, 2.8], "size": [2, 4, 10], "uv": [36, 43]}
				]
			},
			{
				"name": "bone49",
				"parent": "wingLeft",
				"pivot": [1.5, 14, 2.75],
				"rotation": [12.5, 0, 0],
				"cubes": [
					{"origin": [1, 11.1, 2.2], "size": [1, 3, 7], "uv": [36, 57], "inflate": -0.2}
				]
			},
			{
				"name": "bone50",
				"parent": "bone49",
				"pivot": [1.5, 13, 6.75],
				"rotation": [22.5, 0, 0],
				"cubes": [
					{"origin": [1, 10.6, 7.6], "size": [1, 3, 5], "uv": [38, 59], "inflate": -0.199}
				]
			},
			{
				"name": "bone51",
				"parent": "bone50",
				"pivot": [1.5, 13, 10.75],
				"rotation": [25, 0, 0],
				"cubes": [
					{"origin": [1, 10, 11.6], "size": [1, 3, 5], "uv": [38, 59], "inflate": -0.198}
				]
			},
			{
				"name": "bone52",
				"parent": "wingLeft",
				"pivot": [1.5, 12, 2.75],
				"rotation": [25, 0, 0],
				"cubes": [
					{"origin": [1.1, 4, 14.5], "size": [1, 10, 3], "uv": [72, 0], "inflate": -0.3}
				]
			},
			{
				"name": "bone53",
				"parent": "bone52",
				"pivot": [1.5, 7, 2.75],
				"rotation": [-7.5, 0, 0],
				"cubes": [
					{"origin": [1.1, -0.5, 13.7], "size": [1, 7, 4], "uv": [76, 42], "inflate": -0.25}
				]
			},
			{
				"name": "bone54",
				"parent": "wingLeft",
				"pivot": [1.5, 14, 0.75],
				"rotation": [10, 0, 0],
				"cubes": [
					{"origin": [1, 9, 12.5], "size": [1, 7, 3], "uv": [72, 3], "inflate": -0.3}
				]
			},
			{
				"name": "bone55",
				"parent": "bone54",
				"pivot": [1.5, 9, 0.75],
				"rotation": [-7.5, 0, 0],
				"cubes": [
					{"origin": [1, 5.5, 11.3], "size": [1, 6, 4], "uv": [76, 43], "inflate": -0.25}
				]
			},
			{
				"name": "bone56",
				"parent": "wingLeft",
				"pivot": [1.5, 16, -1.25],
				"rotation": [-5, 0, 0],
				"cubes": [
					{"origin": [0.9, 13, 10.5], "size": [1, 5, 3], "uv": [72, 5], "inflate": -0.3}
				]
			},
			{
				"name": "bone57",
				"parent": "bone56",
				"pivot": [1.5, 11, -1.25],
				"rotation": [-7.5, 0, 0],
				"cubes": [
					{"origin": [0.9, 10.5, 9], "size": [1, 5, 4], "uv": [76, 44], "inflate": -0.25}
				]
			},
			{
				"name": "bone58",
				"parent": "bone57",
				"pivot": [1.5, 15, -5.25],
				"rotation": [-17.5, 0, 0],
				"cubes": [
					{"origin": [0.8, 15.8, 5], "size": [1, 4, 4], "uv": [76, 45], "inflate": -0.25}
				]
			},
			{
				"name": "wingRight",
				"pivot": [-1.5, 14, 2.75],
				"rotation": [0, -60, 0],
				"cubes": [
					{"origin": [-1.5, 2, 2.5], "size": [0, 24, 18], "uv": [0, 26], "mirror": true}
				]
			},
			{
				"name": "chestPlateLeft",
				"parent": "wingRight",
				"pivot": [-1, 23, -15],
				"rotation": [-57.5, 0, 0],
				"cubes": [
					{"origin": [-2.5, 43, 2.8], "size": [2, 4, 10], "uv": [36, 43], "mirror": true}
				]
			},
			{
				"name": "bone59",
				"parent": "wingRight",
				"pivot": [-1.5, 14, 2.75],
				"rotation": [12.5, 0, 0],
				"cubes": [
					{"origin": [-2, 11.1, 2.2], "size": [1, 3, 7], "uv": [36, 57], "inflate": -0.2, "mirror": true}
				]
			},
			{
				"name": "bone60",
				"parent": "wingRight",
				"pivot": [-1.5, 14, 2.75],
				"rotation": [12.5, 0, 0]
			},
			{
				"name": "bone61",
				"parent": "bone60",
				"pivot": [-1.5, 13, 6.75],
				"rotation": [22.5, 0, 0],
				"cubes": [
					{"origin": [-2, 10.6, 7.6], "size": [1, 3, 5], "uv": [38, 59], "inflate": -0.199, "mirror": true}
				]
			},
			{
				"name": "bone62",
				"parent": "wingRight",
				"pivot": [-1.5, 14, 2.75],
				"rotation": [12.5, 0, 0]
			},
			{
				"name": "bone63",
				"parent": "bone62",
				"pivot": [-1.5, 13, 6.75],
				"rotation": [22.5, 0, 0]
			},
			{
				"name": "bone64",
				"parent": "bone63",
				"pivot": [-1.5, 13, 10.75],
				"rotation": [25, 0, 0],
				"cubes": [
					{"origin": [-2, 10, 11.6], "size": [1, 3, 5], "uv": [38, 59], "inflate": -0.198, "mirror": true}
				]
			},
			{
				"name": "bone65",
				"parent": "wingRight",
				"pivot": [-1.5, 12, 2.75],
				"rotation": [25, 0, 0],
				"cubes": [
					{"origin": [-2.1, 4, 14.5], "size": [1, 10, 3], "uv": [72, 0], "inflate": -0.3, "mirror": true}
				]
			},
			{
				"name": "bone66",
				"parent": "wingRight",
				"pivot": [-1.5, 12, 2.75],
				"rotation": [25, 0, 0]
			},
			{
				"name": "bone67",
				"parent": "bone66",
				"pivot": [-1.5, 7, 2.75],
				"rotation": [-7.5, 0, 0],
				"cubes": [
					{"origin": [-2.1, -0.5, 13.7], "size": [1, 7, 4], "uv": [76, 42], "inflate": -0.25, "mirror": true}
				]
			},
			{
				"name": "bone68",
				"parent": "wingRight",
				"pivot": [-1.5, 14, 0.75],
				"rotation": [10, 0, 0],
				"cubes": [
					{"origin": [-2, 9, 12.5], "size": [1, 7, 3], "uv": [72, 3], "inflate": -0.3, "mirror": true}
				]
			},
			{
				"name": "bone69",
				"parent": "wingRight",
				"pivot": [-1.5, 14, 0.75],
				"rotation": [10, 0, 0]
			},
			{
				"name": "bone70",
				"parent": "bone69",
				"pivot": [-1.5, 9, 0.75],
				"rotation": [-7.5, 0, 0],
				"cubes": [
					{"origin": [-2, 5.5, 11.3], "size": [1, 6, 4], "uv": [76, 43], "inflate": -0.25, "mirror": true}
				]
			},
			{
				"name": "bone71",
				"parent": "wingRight",
				"pivot": [-1.5, 16, -1.25],
				"rotation": [-5, 0, 0],
				"cubes": [
					{"origin": [-1.9, 13, 10.5], "size": [1, 5, 3], "uv": [72, 5], "inflate": -0.3, "mirror": true}
				]
			},
			{
				"name": "bone72",
				"parent": "wingRight",
				"pivot": [-1.5, 16, -1.25],
				"rotation": [-5, 0, 0]
			},
			{
				"name": "bone73",
				"parent": "bone72",
				"pivot": [-1.5, 11, -1.25],
				"rotation": [-7.5, 0, 0],
				"cubes": [
					{"origin": [-1.9, 10.5, 9], "size": [1, 5, 4], "uv": [76, 44], "inflate": -0.25, "mirror": true}
				]
			},
			{
				"name": "bone74",
				"parent": "wingRight",
				"pivot": [-1.5, 16, -1.25],
				"rotation": [-5, 0, 0]
			},
			{
				"name": "bone75",
				"parent": "bone74",
				"pivot": [-1.5, 11, -1.25],
				"rotation": [-7.5, 0, 0]
			},
			{
				"name": "bone76",
				"parent": "bone75",
				"pivot": [-1.5, 15, -5.25],
				"rotation": [-17.5, 0, 0],
				"cubes": [
					{"origin": [-1.8, 15.8, 5], "size": [1, 4, 4], "uv": [76, 45], "inflate": -0.25, "mirror": true}
				]
			}
		]
	}
}