{
	"format_version": "1.10.0",
	"geometry.model": {
		"texturewidth": 72,
		"textureheight": 64,
		"visible_bounds_width": 4,
		"visible_bounds_height": 4,
		"visible_bounds_offset": [0, 1, 0],
		"bones": [
			{
				"name": "head",
				"pivot": [0, 18, 0],
				"cubes": [
					{"origin": [-4, 18, -4], "size": [8, 8, 8], "uv": [0, 0]},
					{"origin": [-4, 18, -4], "size": [8, 8, 8], "uv": [32, 0], "inflate": 0.3}
				]
			},
			{
				"name": "blink",
				"parent": "head",
				"pivot": [0, 18, 0],
				"cubes": [
					{"origin": [-4, 18, -4.001], "size": [8, 8, 0], "uv": [24, 0]}
				]
			},
			{
				"name": "bone9",
				"parent": "head",
				"pivot": [0, 14, 3],
				"rotation": [-10, 0, 0],
				"cubes": [
					{"origin": [-4, 14, -5], "size": [1, 4, 1], "uv": [19, 10], "inflate": 0.01},
					{"origin": [3, 14, -5], "size": [1, 4, 1], "uv": [19, 10], "inflate": 0.01, "mirror": true}
				]
			},
			{
				"name": "bone10",
				"parent": "head",
				"pivot": [0, 17, 1],
				"rotation": [5, 0, 0]
			},
			{
				"name": "9",
				"parent": "bone10",
				"pivot": [0, 8, 0],
				"rotation": [10, 0, 0]
			},
			{
				"name": "bone8",
				"parent": "9",
				"pivot": [0, 8, 0],
				"rotation": [-15, 0, 0],
				"cubes": [
					{"origin": [-3.5, 6.19087, 8.89363], "size": [7, 5, 1], "uv": [0, 38]}
				]
			},
			{
				"name": "bone7",
				"parent": "9",
				"pivot": [0, 15, 1],
				"rotation": [17.5, 0, 0],
				"cubes": [
					{"origin": [-3.5, 6, 7], "size": [7, 12, 1], "uv": [54, 16]}
				]
			},
			{
				"name": "bone2",
				"parent": "bone10",
				"pivot": [-5, 13, 1],
				"rotation": [18.10189, -1.69862, 11.45935],
				"cubes": [
					{"origin": [-6, 13, 6.3], "size": [5, 7, 1], "uv": [0, 44], "mirror": true}
				]
			},
			{
				"name": "bone",
				"parent": "bone10",
				"pivot": [5, 13, 1],
				"rotation": [18.10189, 1.69862, -11.45935],
				"cubes": [
					{"origin": [1, 13, 6.3], "size": [5, 7, 1], "uv": [0, 44]}
				]
			},
			{
				"name": "bone71",
				"parent": "bone10",
				"pivot": [0, 17, 1],
				"rotation": [0, 0, -15]
			},
			{
				"name": "bone4",
				"parent": "bone71",
				"pivot": [0, 10, 2],
				"rotation": [5.10455, -14.24, 37.78381],
				"cubes": [
					{"origin": [-7.49512, 5.36509, 7.8], "size": [5, 6, 1], "uv": [56, 0], "mirror": true}
				]
			},
			{
				"name": "bone6",
				"parent": "bone71",
				"pivot": [-4, -1, 3],
				"rotation": [-9.78174, -14.11615, 38.86867],
				"cubes": [
					{"origin": [-15.35432, 3.0919, 7.8254], "size": [5, 4, 1], "uv": [59, 29], "mirror": true}
				]
			},
			{
				"name": "bone72",
				"parent": "bone10",
				"pivot": [0, 17, 1],
				"rotation": [0, 0, 15]
			},
			{
				"name": "bone3",
				"parent": "bone72",
				"pivot": [0, 10, 2],
				"rotation": [5.10455, 14.24, -37.78381],
				"cubes": [
					{"origin": [2.49512, 5.36509, 7.8], "size": [5, 6, 1], "uv": [56, 0]}
				]
			},
			{
				"name": "bone5",
				"parent": "bone72",
				"pivot": [4, -1, 3],
				"rotation": [-9.78174, 14.11615, -38.86867],
				"cubes": [
					{"origin": [10.35432, 3.0919, 7.8254], "size": [5, 4, 1], "uv": [59, 29]}
				]
			},
			{
				"name": "bone73",
				"parent": "head",
				"pivot": [0, 21, -4]
			},
			{
				"name": "_chestPlate",
				"parent": "bone73",
				"pivot": [0, 21, -4],
				"cubes": [
					{"origin": [-6, 15.3, -6.5], "size": [12, 9, 7], "uv": [28, 29], "inflate": -1.8}
				]
			},
			{
				"name": "armRight",
				"pivot": [-2, 17.5, 0],
				"rotation": [0, 0, 25],
				"cubes": [
					{"origin": [-4, 8.5, -1], "size": [2, 8, 2], "uv": [20, 30]},
					{"origin": [-4, 9.5, -1], "size": [2, 4, 2], "uv": [0, 0], "inflate": 0.4}
				]
			},
			{
				"name": "armRightPositioningBone",
				"parent": "armRight",
				"pivot": [-3, 8.5, 0]
			},
			{
				"name": "armLeft",
				"pivot": [2, 17.5, 0],
				"rotation": [0, 0, -25],
				"cubes": [
					{"origin": [2, 8.5, -1], "size": [2, 8, 2], "uv": [20, 30], "mirror": true},
					{"origin": [2, 9.5, -1], "size": [2, 4, 2], "uv": [0, 0], "inflate": 0.4, "mirror": true}
				]
			},
			{
				"name": "armLeftPositioningBone",
				"parent": "armLeft",
				"pivot": [3, 8.5, 0]
			},
			{
				"name": "body",
				"pivot": [0, 10.5, 0],
				"cubes": [
					{"origin": [-3, 8.999, -2.5], "size": [6, 9, 5], "uv": [12, 16]},
					{"origin": [-3, 8.999, -2], "size": [6, 9, 4], "uv": [34, 16], "inflate": 0.8},
					{"origin": [-3, 8.999, -2], "size": [6, 9, 4], "uv": [12, 41], "inflate": 0.5}
				]
			},
			{
				"name": "bone12",
				"parent": "body",
				"pivot": [0, 16.5, 2],
				"rotation": [52.5, 0, 0],
				"cubes": [
					{"origin": [-3, 16.7, -4], "size": [6, 4, 4], "uv": [0, 30], "inflate": -0.1}
				]
			},
			{
				"name": "legLeft",
				"pivot": [2, 9, 0],
				"cubes": [
					{"origin": [0.499, 0, -1.5], "size": [3, 9, 3], "uv": [0, 16]}
				]
			},
			{
				"name": "legRight",
				"pivot": [-2, 9, 0],
				"cubes": [
					{"origin": [-3.499, 0, -1.5], "size": [3, 9, 3], "uv": [0, 16]}
				]
			}
		]
	}
}