{
	"format_version": "1.10.0",
	"geometry.model": {
		"texturewidth": 72,
		"textureheight": 72,
		"visible_bounds_width": 3,
		"visible_bounds_height": 3,
		"visible_bounds_offset": [0, 0.5, 0],
		"bones": [
			{
				"name": "bone",
				"pivot": [0, 0, 0],
				"cubes": [
					{"origin": [-6, 0.01, -4], "size": [12, 7, 8], "uv": [0, 0], "inflate": 0.1},
					{"origin": [-4, 0.01, -6], "size": [8, 7, 12], "uv": [0, 15], "inflate": 0.11},
					{"origin": [-4, 6.5, -4], "size": [8, 3, 8], "uv": [40, 0], "inflate": 0.105},
					{"origin": [-0.5, -0.01, -0.5], "size": [1, 5, 1], "uv": [32, 0]}
				]
			},
			{
				"name": "bone2",
				"parent": "bone",
				"pivot": [0, 0, 0],
				"rotation": [0, -45, 0],
				"cubes": [
					{"origin": [-6.5, 0, 0], "size": [13, 10, 0], "uv": [28, 15]}
				]
			},
			{
				"name": "bone3",
				"parent": "bone",
				"pivot": [0, 0, 0],
				"rotation": [0, 45, 0],
				"cubes": [
					{"origin": [-6.5, 0, 0], "size": [13, 10, 0], "uv": [0, 34]}
				]
			}
		]
	}
}