{
	"format_version": "1.10.0",
	"geometry.model": {
		"texturewidth": 64,
		"textureheight": 96,
		"visible_bounds_width": 4,
		"visible_bounds_height": 4,
		"visible_bounds_offset": [0, 1, 0],
		"bones": [
			{
				"name": "head",
				"pivot": [0, 18, 0],
				"cubes": [
					{"origin": [-4, 18, -4], "size": [8, 8, 8], "uv": [0, 0]},
					{"origin": [-4, 18, -4], "size": [8, 8, 8], "uv": [32, 0], "inflate": 0.3}
				]
			},
			{
				"name": "blink",
				"parent": "head",
				"pivot": [0, 18, 0],
				"cubes": [
					{"origin": [-4, 18, -4.01], "size": [8, 5, 0], "uv": [24, 0]}
				]
			},
			{
				"name": "bone",
				"parent": "head",
				"pivot": [0, 20, 3],
				"rotation": [15, 0, 0],
				"cubes": [
					{"origin": [-2.5, 26.7, -3], "size": [1, 2, 1], "uv": [4, 5]}
				]
			},
			{
				"name": "bone2",
				"parent": "head",
				"pivot": [0, 20, 3],
				"rotation": [15, 0, 0],
				"cubes": [
					{"origin": [1.5, 26.7, -3], "size": [1, 2, 1], "uv": [4, 5], "mirror": true}
				]
			},
			{
				"name": "bone3",
				"parent": "head",
				"pivot": [0, 17, 2],
				"rotation": [-20, 0, 0],
				"cubes": [
					{"origin": [-4, 12, -4.5], "size": [1, 5, 1], "uv": [27, 10], "inflate": 0.01}
				]
			},
			{
				"name": "bone4",
				"parent": "head",
				"pivot": [0, 17, 2],
				"rotation": [-20, 0, 0],
				"cubes": [
					{"origin": [3, 12, -4.5], "size": [1, 5, 1], "uv": [22, 10], "inflate": 0.01, "mirror": true}
				]
			},
			{
				"name": "bone8",
				"parent": "head",
				"pivot": [0, 17, -1],
				"rotation": [-5, 0, 0]
			},
			{
				"name": "_chestPlate",
				"parent": "bone8",
				"pivot": [0, 17, -1],
				"cubes": [
					{"origin": [-4, 15, 3], "size": [8, 4, 1], "uv": [34, 26], "inflate": 0.01}
				]
			},
			{
				"name": "bone16",
				"parent": "head",
				"pivot": [0, 18, 0]
			},
			{
				"name": "helmet",
				"parent": "bone16",
				"pivot": [0, 18, 0],
				"cubes": [
					{"origin": [-4, 18, -4], "size": [8, 8, 8], "uv": [32, 58], "inflate": 0.5}
				]
			},
			{
				"name": "armRight",
				"pivot": [-2, 17.5, 0],
				"rotation": [0, 0, 25],
				"cubes": [
					{"origin": [-4, 8.5, -1], "size": [2, 8, 2], "uv": [34, 16]}
				]
			},
			{
				"name": "bone14",
				"parent": "armRight",
				"pivot": [0, 15.5, 0],
				"rotation": [0, 0, 30],
				"cubes": [
					{"origin": [-4, 11.5, -3], "size": [4, 6, 6], "uv": [20, 54], "inflate": -0.04}
				]
			},
			{
				"name": "armRightPositioningBone",
				"parent": "armRight",
				"pivot": [-3, 8.5, 0]
			},
			{
				"name": "bone19",
				"parent": "armRight",
				"pivot": [-3, 17.5, 0],
				"rotation": [0, 0, -12.5],
				"cubes": [
					{"origin": [-5.8, 8.5, -1.5], "size": [3, 4, 3], "uv": [3, 28], "inflate": 0.299, "mirror": true}
				]
			},
			{
				"name": "bone21",
				"parent": "armRight",
				"pivot": [0, 17.5, 0],
				"rotation": [0, 0, 17.5],
				"cubes": [
					{"origin": [-2.5, 8, -1.5], "size": [3, 4, 3], "uv": [48, 16], "inflate": 0.3, "mirror": true}
				]
			},
			{
				"name": "armLeft",
				"pivot": [2, 17.5, 0],
				"rotation": [0, 0, -25],
				"cubes": [
					{"origin": [2, 8.5, -1], "size": [2, 8, 2], "uv": [34, 16]}
				]
			},
			{
				"name": "bone15",
				"parent": "armLeft",
				"pivot": [0, 15.5, 0],
				"rotation": [0, 0, -30],
				"cubes": [
					{"origin": [0, 11.5, -3], "size": [4, 6, 6], "uv": [20, 54], "inflate": -0.03, "mirror": true}
				]
			},
			{
				"name": "armLeftPositioningBone",
				"parent": "armLeft",
				"pivot": [3, 8.5, 0]
			},
			{
				"name": "bone18",
				"parent": "armLeft",
				"pivot": [3, 17.5, 0],
				"rotation": [0, 0, 12.5],
				"cubes": [
					{"origin": [2.8, 8.5, -1.5], "size": [3, 4, 3], "uv": [3, 28], "inflate": 0.299}
				]
			},
			{
				"name": "bone20",
				"parent": "armLeft",
				"pivot": [0, 17.5, 0],
				"rotation": [0, 0, -17.5],
				"cubes": [
					{"origin": [-0.5, 8, -1.5], "size": [3, 4, 3], "uv": [48, 16], "inflate": 0.3}
				]
			},
			{
				"name": "body",
				"pivot": [0, 10.5, 0],
				"cubes": [
					{"origin": [-3, 8.999, -2.5], "size": [6, 9, 5], "uv": [12, 16]},
					{"origin": [-3, 8.999, -2.5], "size": [6, 9, 5], "uv": [12, 30], "inflate": 0.3}
				]
			},
			{
				"name": "bone5",
				"parent": "body",
				"pivot": [0, 12.5, -3],
				"rotation": [-15, 0, 0]
			},
			{
				"name": "_helmet",
				"parent": "bone5",
				"pivot": [0, 12.5, -3],
				"cubes": [
					{"origin": [-4, 15.5, -3], "size": [8, 4, 6], "uv": [0, 44], "inflate": 0.4}
				]
			},
			{
				"name": "bone6",
				"parent": "bone5",
				"pivot": [0, 17.5, 8],
				"rotation": [35, 0, 0],
				"cubes": [
					{"origin": [-5, 10.5, 2.3], "size": [10, 9, 0], "uv": [0, 54]}
				]
			},
			{
				"name": "bone7",
				"parent": "bone6",
				"pivot": [0, 11.5, 3],
				"rotation": [27.5, 0, 0],
				"cubes": [
					{"origin": [-5, 3.93575, 1.91723], "size": [10, 7, 0], "uv": [0, 63]}
				]
			},
			{
				"name": "bone9",
				"parent": "body",
				"pivot": [0, 9.5, 0],
				"rotation": [-10, 0, 0],
				"cubes": [
					{"origin": [-1, 14.8, -5], "size": [2, 2, 2], "uv": [56, 0], "inflate": -0.2}
				]
			},
			{
				"name": "bone10",
				"parent": "bone9",
				"pivot": [-3, 9.5, 0],
				"rotation": [0, 0, 27.5],
				"cubes": [
					{"origin": [-4, 12.5, -4.01], "size": [3, 4, 0], "uv": [42, 16]}
				]
			},
			{
				"name": "bone11",
				"parent": "bone9",
				"pivot": [3, 9.5, 0],
				"rotation": [0, 0, -27.5],
				"cubes": [
					{"origin": [1, 12.5, -4], "size": [3, 3, 0], "uv": [42, 20]}
				]
			},
			{
				"name": "bone12",
				"parent": "body",
				"pivot": [0, 10.5, 0],
				"rotation": [0, 0, 20],
				"cubes": [
					{"origin": [-4, 7.5, -3], "size": [5, 4, 6], "uv": [28, 43], "inflate": -0.19}
				]
			},
			{
				"name": "bone13",
				"parent": "body",
				"pivot": [3, 11.5, 0],
				"rotation": [0, 0, -20],
				"cubes": [
					{"origin": [-1, 8.5, -3], "size": [5, 4, 6], "uv": [28, 43], "inflate": -0.191, "mirror": true}
				]
			},
			{
				"name": "bone17",
				"parent": "body",
				"pivot": [0, 8.5, -2],
				"rotation": [15, 0, 0]
			},
			{
				"name": "chestPlate",
				"parent": "bone17",
				"pivot": [0, 8.5, -2],
				"cubes": [
					{"origin": [-4, 12, 5], "size": [8, 4, 0], "uv": [29, 31]}
				]
			},
			{
				"name": "legLeft",
				"pivot": [2, 9, 0],
				"cubes": [
					{"origin": [0.499, 0, -1.5], "size": [3, 9, 3], "uv": [0, 16], "mirror": true}
				]
			},
			{
				"name": "legRight",
				"pivot": [-2, 9, 0],
				"cubes": [
					{"origin": [-3.499, 0, -1.5], "size": [3, 9, 3], "uv": [0, 16]}
				]
			},
			{
				"name": "bone44",
				"pivot": [-3, 14, 0],
				"rotation": [0, -12.5, -20]
			},
			{
				"name": "bootsLeft",
				"parent": "bone44",
				"pivot": [-3, 14, 0]
			},
			{
				"name": "sinFloat",
				"parent": "bootsLeft",
				"pivot": [10, 15, 0],
				"cubes": [
					{"origin": [9, 14, -3], "size": [2, 2, 2], "uv": [0, 0]},
					{"origin": [8, 13, -2.5], "size": [4, 4, 4], "uv": [46, 31], "inflate": -0.4}
				]
			},
			{
				"name": "bone45",
				"parent": "sinFloat",
				"pivot": [10, 12, 0],
				"rotation": [17.5, 0, 0],
				"cubes": [
					{"origin": [9.5, 15.5, -1.5], "size": [1, 2, 5], "uv": [0, 35]}
				]
			},
			{
				"name": "bone46",
				"parent": "sinFloat",
				"pivot": [10, 9, -2],
				"rotation": [-17.5, 0, 0],
				"cubes": [
					{"origin": [9.5, 12.5, -4], "size": [1, 2, 5], "uv": [0, 35]}
				]
			},
			{
				"name": "bone47",
				"parent": "sinFloat",
				"pivot": [4, 15, -3],
				"rotation": [-17.5, 0, 90],
				"cubes": [
					{"origin": [3.5, 19, -4], "size": [1, 2, 5], "uv": [0, 35]}
				]
			},
			{
				"name": "bone63",
				"parent": "sinFloat",
				"pivot": [7, 15, 0],
				"rotation": [17.5, 0, 90],
				"cubes": [
					{"origin": [6.5, 18.5, -1], "size": [1, 2, 5], "uv": [0, 35]}
				]
			},
			{
				"name": "bone64",
				"parent": "sinFloat",
				"pivot": [12, 15, -2],
				"rotation": [-22.58945, -5.72706, 50.18846],
				"cubes": [
					{"origin": [10, 15, 1], "size": [3, 0, 5], "uv": [29, 35]},
					{"origin": [11.5, 13.5, 1], "size": [0, 3, 5], "uv": [42, 18]}
				]
			},
			{
				"name": "bone65",
				"parent": "bone64",
				"pivot": [13, 15, 3],
				"rotation": [-23.176, 2.11763, 68.60945],
				"cubes": [
					{"origin": [11, 15, 5.5], "size": [3, 0, 5], "uv": [35, 35]},
					{"origin": [12.5, 13.5, 5.5], "size": [0, 3, 5], "uv": [34, 35]}
				]
			}
		]
	}
}