{
	"format_version": "1.10.0",
	"geometry.model": {
		"texturewidth": 64,
		"textureheight": 64,
		"visible_bounds_width": 4,
		"visible_bounds_height": 4,
		"visible_bounds_offset": [0, 1, 0],
		"bones": [
			{
				"name": "head",
				"pivot": [0, 18, 0],
				"cubes": [
					{"origin": [-4, 18, -4], "size": [8, 8, 8], "uv": [0, 0]},
					{"origin": [-4, 18, -4], "size": [8, 8, 8], "uv": [32, 0], "inflate": 0.3},
					{"origin": [-6, 15.6, -6.5], "size": [12, 9, 7], "uv": [0, 44], "inflate": -1.8}
				]
			},
			{
				"name": "blink",
				"parent": "head",
				"pivot": [0, 18, 0],
				"cubes": [
					{"origin": [-4, 18, -4.001], "size": [8, 8, 0], "uv": [24, 0]}
				]
			},
			{
				"name": "bone48",
				"parent": "head",
				"pivot": [0, 18, -4],
				"rotation": [-5, 0, 0],
				"cubes": [
					{"origin": [-4, 14, -4.2], "size": [1, 5, 1], "uv": [18, 9], "inflate": 0.01},
					{"origin": [3, 14, -4.2], "size": [1, 5, 1], "uv": [18, 9], "inflate": 0.01, "mirror": true}
				]
			},
			{
				"name": "bone51",
				"parent": "head",
				"pivot": [6, 6, 9],
				"rotation": [-2.49328, -2.71546, -2.38654],
				"cubes": [
					{"origin": [1.25, 3.95829, 6.79558], "size": [6, 5, 1], "uv": [34, 37]}
				]
			},
			{
				"name": "bone49",
				"parent": "head",
				"pivot": [7, 9, 8],
				"rotation": [17.32417, 1.61888, -12.39638],
				"cubes": [
					{"origin": [1.2, 9, 7], "size": [6, 14, 1], "uv": [34, 22]}
				]
			},
			{
				"name": "bone50",
				"parent": "head",
				"pivot": [-7, 9, 8],
				"rotation": [17.32417, -1.61888, 12.39638],
				"cubes": [
					{"origin": [-7.2, 9, 7], "size": [6, 14, 1], "uv": [34, 22], "mirror": true}
				]
			},
			{
				"name": "bone35",
				"parent": "head",
				"pivot": [-6, 6, 9],
				"rotation": [-2.49328, 2.71546, 2.38654],
				"cubes": [
					{"origin": [-7.25, 3.95829, 6.79558], "size": [6, 5, 1], "uv": [34, 37], "mirror": true}
				]
			},
			{
				"name": "_helmet",
				"parent": "head",
				"pivot": [0, 18, 0],
				"cubes": [
					{"origin": [-5.2, 18.8, -2.3], "size": [2, 3, 3], "uv": [0, 38]},
					{"origin": [3.2, 18.8, -2.3], "size": [2, 3, 3], "uv": [0, 38], "mirror": true},
					{"origin": [-4.5, 21.31, -1], "size": [9, 5, 1], "uv": [34, 16]}
				]
			},
			{
				"name": "helmet",
				"parent": "head",
				"pivot": [0, 18, 0],
				"cubes": [
					{"origin": [-5.2, 18.8, -2.3], "size": [2, 3, 3], "uv": [48, 22]},
					{"origin": [3.2, 18.8, -2.3], "size": [2, 3, 3], "uv": [48, 22], "mirror": true}
				]
			},
			{
				"name": "bone",
				"parent": "helmet",
				"pivot": [4, 20, -1],
				"rotation": [-60, 0, 0],
				"cubes": [
					{"origin": [-4.5, 22, -2], "size": [9, 5, 1], "uv": [31, 44]},
					{"origin": [1.5, 16, -1.5], "size": [3, 3, 1], "uv": [56, 0]}
				]
			},
			{
				"name": "armRight",
				"pivot": [-2, 17.5, 0],
				"rotation": [0, 0, 25],
				"cubes": [
					{"origin": [-4, 8.5, -1], "size": [2, 8, 2], "uv": [0, 28]},
					{"origin": [-4, 9.3, -1], "size": [2, 2, 2], "uv": [0, 0], "inflate": 0.3}
				]
			},
			{
				"name": "armRightPositioningBone",
				"parent": "armRight",
				"pivot": [-3, 8.5, 0]
			},
			{
				"name": "armLeft",
				"pivot": [2, 17.5, 0],
				"rotation": [0, 0, -25],
				"cubes": [
					{"origin": [2, 8.5, -1], "size": [2, 8, 2], "uv": [0, 28], "mirror": true},
					{"origin": [2, 9.3, -1], "size": [2, 2, 2], "uv": [0, 0], "inflate": 0.3, "mirror": true}
				]
			},
			{
				"name": "armLeftPositioningBone",
				"parent": "armLeft",
				"pivot": [3, 8.5, 0]
			},
			{
				"name": "body",
				"pivot": [0, 10.5, 0],
				"cubes": [
					{"origin": [-3, 8.999, -2.5], "size": [6, 9, 5], "uv": [12, 16]},
					{"origin": [-3, 9.3, -2.5], "size": [6, 9, 5], "uv": [12, 30], "inflate": 0.34}
				]
			},
			{
				"name": "chestPlate",
				"parent": "body",
				"pivot": [0, 10.5, 0],
				"cubes": [
					{"origin": [-2, 16.5, -3], "size": [4, 2, 6], "uv": [39, 50], "inflate": 0.4},
					{"origin": [1, 5.3, -2.5], "size": [2, 11, 5], "uv": [48, 28], "inflate": 0.5}
				]
			},
			{
				"name": "bone2",
				"parent": "body",
				"pivot": [0, 10.5, 1],
				"rotation": [-7.5, 0, 0],
				"cubes": [
					{"origin": [-0.5, 9.5, -3.5], "size": [1, 8, 0], "uv": [55, 16]}
				]
			},
			{
				"name": "legLeft",
				"pivot": [2, 9, 0],
				"cubes": [
					{"origin": [0.499, 0, -1.5], "size": [3, 9, 3], "uv": [0, 16]}
				]
			},
			{
				"name": "legRight",
				"pivot": [-2, 9, 0],
				"cubes": [
					{"origin": [-3.499, 0, -1.5], "size": [3, 9, 3], "uv": [0, 16], "mirror": true}
				]
			}
		]
	}
}