{
	"format_version": "1.10.0",
	"geometry.model": {
		"texturewidth": 64,
		"textureheight": 64,
		"visible_bounds_width": 3,
		"visible_bounds_height": 4,
		"visible_bounds_offset": [0, 1, 0],
		"bones": [
			{
				"name": "head",
				"pivot": [0, 18, 0],
				"cubes": [
					{"origin": [-4, 18, -4], "size": [8, 8, 8], "uv": [0, 0]},
					{"origin": [-4, 18, -4], "size": [8, 8, 8], "uv": [32, 0], "inflate": 0.3}
				]
			},
			{
				"name": "blink",
				"parent": "head",
				"pivot": [0, 18, 0],
				"cubes": [
					{"origin": [-4, 18, -4.001], "size": [8, 8, 0], "uv": [24, 0]}
				]
			},
			{
				"name": "bone35",
				"parent": "head",
				"pivot": [1, 21, -2],
				"rotation": [-25, 10, -32.5],
				"cubes": [
					{"origin": [-5.3, 21.5, -3], "size": [2, 2, 0], "uv": [56, 0]}
				]
			},
			{
				"name": "bone36",
				"parent": "head",
				"pivot": [-1, 21, -2],
				"rotation": [-25, -10, 32.5],
				"cubes": [
					{"origin": [3.3, 21.5, -3], "size": [2, 2, 0], "uv": [56, 0], "mirror": true}
				]
			},
			{
				"name": "h",
				"parent": "head",
				"pivot": [0, 21, 3],
				"rotation": [5, 0, 0]
			},
			{
				"name": "bone41",
				"parent": "h",
				"pivot": [-1, 18, 0],
				"rotation": [12.51153, 2.4407, -9.45857],
				"cubes": [
					{"origin": [-2.3, 8, 4], "size": [7, 12, 1], "uv": [0, 41]}
				]
			},
			{
				"name": "bone39",
				"parent": "h",
				"pivot": [-1, 18, 0],
				"rotation": [12.51153, 2.4407, -9.45857]
			},
			{
				"name": "bone40",
				"parent": "bone39",
				"pivot": [-1, 12, 0],
				"rotation": [-14.25168, 3.35788, 3.08336],
				"cubes": [
					{"origin": [-2.3961, 2.5, 4.9], "size": [7, 7, 1], "uv": [32, 31]}
				]
			},
			{
				"name": "bone37",
				"parent": "h",
				"pivot": [1, 18, 0],
				"rotation": [12.51153, -2.4407, 9.45857],
				"cubes": [
					{"origin": [-4.7, 8, 3.9], "size": [7, 12, 1], "uv": [0, 41], "mirror": true}
				]
			},
			{
				"name": "bone38",
				"parent": "bone37",
				"pivot": [1, 12, 0],
				"rotation": [-14.25168, -3.35788, -3.08336],
				"cubes": [
					{"origin": [-4.6039, 2.5, 4.75], "size": [7, 7, 1], "uv": [32, 31], "mirror": true}
				]
			},
			{
				"name": "bone52",
				"parent": "head",
				"pivot": [-1, 14, 4],
				"rotation": [-17.5, 0, 0],
				"cubes": [
					{"origin": [-4.01, 12, -5], "size": [1, 4, 1], "uv": [23, 11]}
				]
			},
			{
				"name": "bone53",
				"parent": "head",
				"pivot": [1, 14, 4],
				"rotation": [-17.5, 0, 0],
				"cubes": [
					{"origin": [3.01, 12, -5], "size": [1, 4, 1], "uv": [23, 11], "mirror": true}
				]
			},
			{
				"name": "armRight",
				"pivot": [-2, 17.5, 0],
				"rotation": [0, 0, 25],
				"cubes": [
					{"origin": [-4, 8.5, -1], "size": [2, 8, 2], "uv": [36, 39], "inflate": -0.05}
				]
			},
			{
				"name": "bone30",
				"parent": "armRight",
				"pivot": [-1, 16.5, 0],
				"rotation": [0, 0, 15],
				"cubes": [
					{"origin": [-3.85, 12, -3], "size": [4, 5, 6], "uv": [12, 30], "mirror": true}
				]
			},
			{
				"name": "bone54",
				"parent": "armRight",
				"pivot": [-5, 18.5, 0]
			},
			{
				"name": "bone55",
				"parent": "bone54",
				"pivot": [-3, 1, 0]
			},
			{
				"name": "bone56",
				"parent": "bone55",
				"pivot": [-3, 1, -2.97143],
				"rotation": [-7.98988, 0, 0]
			},
			{
				"name": "bone57",
				"parent": "bone56",
				"pivot": [-3, 0.58698, -2.97143],
				"rotation": [0, 0, -7.91331],
				"cubes": [
					{"origin": [-3, 0.58698, -2.9], "size": [3, 11, 3], "uv": [24, 41]}
				]
			},
			{
				"name": "bone58",
				"parent": "bone56",
				"pivot": [-3, 0.58698, -2.97143],
				"rotation": [0, 0, 7.91331],
				"cubes": [
					{"origin": [-6, 0.58698, -2.97143], "size": [3, 11, 3], "uv": [24, 41]}
				]
			},
			{
				"name": "bone59",
				"parent": "bone54",
				"pivot": [-3, 1, 0],
				"rotation": [0, -90, 0]
			},
			{
				"name": "bone60",
				"parent": "bone59",
				"pivot": [-3, 1, -2.97143],
				"rotation": [-7.98988, 0, 0]
			},
			{
				"name": "bone61",
				"parent": "bone60",
				"pivot": [-3, 0.58698, -2.97143],
				"rotation": [0, 0, -7.91331],
				"cubes": [
					{"origin": [-3, 0.58698, -2.97143], "size": [3, 11, 3], "uv": [24, 41]}
				]
			},
			{
				"name": "bone62",
				"parent": "bone60",
				"pivot": [-3, 0.58698, -2.97143],
				"rotation": [0, 0, 7.91331],
				"cubes": [
					{"origin": [-6, 0.58698, -2.9], "size": [3, 11, 3], "uv": [24, 41]}
				]
			},
			{
				"name": "bone63",
				"parent": "bone54",
				"pivot": [-3, 1, 0],
				"rotation": [0, -180, 0]
			},
			{
				"name": "bone64",
				"parent": "bone63",
				"pivot": [-3, 1, -2.97143],
				"rotation": [-7.98988, 0, 0]
			},
			{
				"name": "bone65",
				"parent": "bone64",
				"pivot": [-3, 0.58698, -2.97143],
				"rotation": [0, 0, -7.91331],
				"cubes": [
					{"origin": [-3, 0.58698, -2.97143], "size": [3, 11, 3], "uv": [24, 41]}
				]
			},
			{
				"name": "bone66",
				"parent": "bone64",
				"pivot": [-3, 0.58698, -2.97143],
				"rotation": [0, 0, 7.91331],
				"cubes": [
					{"origin": [-6, 0.58698, -2.9], "size": [3, 11, 3], "uv": [24, 41]}
				]
			},
			{
				"name": "bone67",
				"parent": "bone54",
				"pivot": [-3, 1, 0],
				"rotation": [0, -270, 0]
			},
			{
				"name": "bone68",
				"parent": "bone67",
				"pivot": [-3, 1, -2.97143],
				"rotation": [-7.98988, 0, 0]
			},
			{
				"name": "bone69",
				"parent": "bone68",
				"pivot": [-3, 0.58698, -2.97143],
				"rotation": [0, 0, -7.91331],
				"cubes": [
					{"origin": [-3, 0.58698, -2.97143], "size": [3, 11, 3], "uv": [24, 41]}
				]
			},
			{
				"name": "bone70",
				"parent": "bone68",
				"pivot": [-3, 0.58698, -2.97143],
				"rotation": [0, 0, 7.91331],
				"cubes": [
					{"origin": [-6, 0.58698, -2.9], "size": [3, 11, 3], "uv": [24, 41]}
				]
			},
			{
				"name": "armRightPositioningBone",
				"parent": "armRight",
				"pivot": [-3, 8.5, 0]
			},
			{
				"name": "armLeft",
				"pivot": [2, 17.5, 0],
				"rotation": [0, 0, -25],
				"cubes": [
					{"origin": [2, 8.5, -1], "size": [2, 8, 2], "uv": [44, 21], "inflate": -0.05}
				]
			},
			{
				"name": "bone31",
				"parent": "armLeft",
				"pivot": [1, 16.5, 0],
				"rotation": [0, 0, -15],
				"cubes": [
					{"origin": [-0.15, 12, -3], "size": [4, 5, 6], "uv": [12, 30]}
				]
			},
			{
				"name": "armLeftPositioningBone",
				"parent": "armLeft",
				"pivot": [3, 8.5, 0]
			},
			{
				"name": "body",
				"pivot": [0, 10.5, 0],
				"cubes": [
					{"origin": [-3, 8.999, -2.5], "size": [6, 9, 5], "uv": [0, 16]},
					{"origin": [-3, 8.999, -2.5], "size": [6, 9, 5], "uv": [22, 16], "inflate": 0.3}
				]
			},
			{
				"name": "sittingRotationSkirt",
				"parent": "body",
				"pivot": [0, 10.5, 0]
			},
			{
				"name": "bone",
				"parent": "sittingRotationSkirt",
				"pivot": [0, 16.5, 0]
			},
			{
				"name": "bone2",
				"parent": "bone",
				"pivot": [0, 6, 0]
			},
			{
				"name": "bone3",
				"parent": "bone2",
				"pivot": [0, 6, -6.13985],
				"rotation": [-20.87159, 0, 0]
			},
			{
				"name": "bone4",
				"parent": "bone3",
				"pivot": [0, 5.49269, -6.13985],
				"rotation": [0, 0, -9.73561],
				"cubes": [
					{"origin": [0, 6.49269, -5.73], "size": [3, 8, 3], "uv": [0, 30]}
				]
			},
			{
				"name": "bone5",
				"parent": "bone3",
				"pivot": [0, 5.49269, -6.13985],
				"rotation": [0, 0, 9.73561],
				"cubes": [
					{"origin": [-3, 6.49269, -5.7], "size": [3, 8, 3], "uv": [0, 30]}
				]
			},
			{
				"name": "bone6",
				"parent": "bone",
				"pivot": [0, 6, 0],
				"rotation": [0, -51.42857, 0]
			},
			{
				"name": "bone7",
				"parent": "bone6",
				"pivot": [0, 6, -6.13985],
				"rotation": [-20.87159, 0, 0]
			},
			{
				"name": "bone8",
				"parent": "bone7",
				"pivot": [0, 5.49269, -6.13985],
				"rotation": [0, 0, -9.73561],
				"cubes": [
					{"origin": [0, 6.49269, -6.13985], "size": [3, 8, 3], "uv": [0, 30]}
				]
			},
			{
				"name": "bone9",
				"parent": "bone7",
				"pivot": [0, 5.49269, -6.13985],
				"rotation": [0, 0, 9.73561],
				"cubes": [
					{"origin": [-3, 6.49269, -6], "size": [3, 8, 3], "uv": [0, 30]}
				]
			},
			{
				"name": "bone10",
				"parent": "bone",
				"pivot": [0, 6, 0],
				"rotation": [0, -102.85714, 0]
			},
			{
				"name": "bone11",
				"parent": "bone10",
				"pivot": [0, 6, -6.13985],
				"rotation": [-20.87159, 0, 0]
			},
			{
				"name": "bone12",
				"parent": "bone11",
				"pivot": [0, 5.49269, -6.13985],
				"rotation": [0, 0, -9.73561],
				"cubes": [
					{"origin": [0, 6.49269, -6.13985], "size": [3, 8, 3], "uv": [0, 30]}
				]
			},
			{
				"name": "bone13",
				"parent": "bone11",
				"pivot": [0, 5.49269, -6.13985],
				"rotation": [0, 0, 9.73561],
				"cubes": [
					{"origin": [-3, 6.49269, -6], "size": [3, 8, 3], "uv": [0, 30]}
				]
			},
			{
				"name": "bone14",
				"parent": "bone",
				"pivot": [0, 6, 0],
				"rotation": [0, -154.28571, 0]
			},
			{
				"name": "bone15",
				"parent": "bone14",
				"pivot": [0, 6, -6.13985],
				"rotation": [-20.87159, 0, 0]
			},
			{
				"name": "bone16",
				"parent": "bone15",
				"pivot": [0, 5.49269, -6.13985],
				"rotation": [0, 0, -9.73561],
				"cubes": [
					{"origin": [-0.2, 6.49269, -5.8], "size": [3, 8, 3], "uv": [0, 30]}
				]
			},
			{
				"name": "bone17",
				"parent": "bone15",
				"pivot": [0, 5.49269, -6.13985],
				"rotation": [0, 0, 9.73561],
				"cubes": [
					{"origin": [-3, 6.49269, -6], "size": [3, 8, 3], "uv": [0, 30]}
				]
			},
			{
				"name": "bone18",
				"parent": "bone",
				"pivot": [0, 6, 0],
				"rotation": [0, -205.71429, 0]
			},
			{
				"name": "bone19",
				"parent": "bone18",
				"pivot": [0, 6, -6.13985],
				"rotation": [-20.87159, 0, 0]
			},
			{
				"name": "bone20",
				"parent": "bone19",
				"pivot": [0, 5.49269, -6.13985],
				"rotation": [0, 0, -9.73561],
				"cubes": [
					{"origin": [0, 6.49269, -6], "size": [3, 8, 3], "uv": [0, 30]}
				]
			},
			{
				"name": "bone21",
				"parent": "bone19",
				"pivot": [0, 5.49269, -6.13985],
				"rotation": [0, 0, 9.73561],
				"cubes": [
					{"origin": [-2.8, 6.49269, -5.8], "size": [3, 8, 3], "uv": [0, 30]}
				]
			},
			{
				"name": "bone22",
				"parent": "bone",
				"pivot": [0, 6, 0],
				"rotation": [0, -257.14286, 0]
			},
			{
				"name": "bone23",
				"parent": "bone22",
				"pivot": [0, 6, -6.13985],
				"rotation": [-20.87159, 0, 0]
			},
			{
				"name": "bone24",
				"parent": "bone23",
				"pivot": [0, 5.49269, -6.13985],
				"rotation": [0, 0, -9.73561],
				"cubes": [
					{"origin": [0, 6.49269, -6], "size": [3, 8, 3], "uv": [0, 30]}
				]
			},
			{
				"name": "bone25",
				"parent": "bone23",
				"pivot": [0, 5.49269, -6.13985],
				"rotation": [0, 0, 9.73561],
				"cubes": [
					{"origin": [-3, 6.49269, -6.13985], "size": [3, 8, 3], "uv": [0, 30]}
				]
			},
			{
				"name": "bone26",
				"parent": "bone",
				"pivot": [0, 6, 0],
				"rotation": [0, -308.57143, 0]
			},
			{
				"name": "bone27",
				"parent": "bone26",
				"pivot": [0, 6, -6.13985],
				"rotation": [-20.87159, 0, 0]
			},
			{
				"name": "bone28",
				"parent": "bone27",
				"pivot": [0, 5.49269, -6.13985],
				"rotation": [0, 0, -9.73561],
				"cubes": [
					{"origin": [0, 6.49269, -6], "size": [3, 8, 3], "uv": [0, 30]}
				]
			},
			{
				"name": "bone29",
				"parent": "bone27",
				"pivot": [0, 5.49269, -6.13985],
				"rotation": [0, 0, 9.73561],
				"cubes": [
					{"origin": [-3, 6.49269, -6.13985], "size": [3, 8, 3], "uv": [0, 30]}
				]
			},
			{
				"name": "bone34",
				"parent": "body",
				"pivot": [0, 10.5, 0],
				"rotation": [0, 180, 0]
			},
			{
				"name": "bone33",
				"parent": "bone34",
				"pivot": [0, 10.5, 0],
				"rotation": [-10, 0, 0],
				"cubes": [
					{"origin": [-3, 12, -4], "size": [6, 5, 0], "uv": [39, 16]}
				]
			},
			{
				"name": "bone32",
				"parent": "body",
				"pivot": [0, 10.5, 0],
				"rotation": [-10, 0, 0],
				"cubes": [
					{"origin": [-3, 12, -4], "size": [6, 5, 0], "uv": [39, 16]}
				]
			},
			{
				"name": "bone46",
				"parent": "body",
				"pivot": [1, 10.5, 0],
				"rotation": [0, 0, -12.5],
				"cubes": [
					{"origin": [0, 17, -3.3], "size": [4, 1, 2], "uv": [50, 29]}
				]
			},
			{
				"name": "tail",
				"parent": "body",
				"pivot": [-2, 16.5, -3]
			},
			{
				"name": "bone48",
				"parent": "tail",
				"pivot": [3, 11.5, 0],
				"rotation": [-31.24436, 10.89963, -1.93674],
				"cubes": [
					{"origin": [-2.4, 5.5, -5.6], "size": [2, 8, 0], "uv": [20, 41]}
				]
			},
			{
				"name": "bone50",
				"parent": "bone48",
				"pivot": [-1, 5.5, -5],
				"rotation": [-25, 0, 0],
				"cubes": [
					{"origin": [-2.4, 1.24643, -5.54378], "size": [2, 4, 0], "uv": [16, 41]}
				]
			},
			{
				"name": "bone47",
				"parent": "tail",
				"pivot": [3, 10.5, -3],
				"rotation": [-21.87121, 47.47925, 13.7108],
				"cubes": [
					{"origin": [-2, 5.5, -8.95], "size": [2, 7, 0], "uv": [16, 41]}
				]
			},
			{
				"name": "bone49",
				"parent": "bone47",
				"pivot": [-11, 6.5, -3],
				"rotation": [-25, 0, 0],
				"cubes": [
					{"origin": [-2, -1.92089, -7.96991], "size": [2, 5, 0], "uv": [16, 41]}
				]
			},
			{
				"name": "bone51",
				"parent": "bone49",
				"pivot": [-11, 2.5, -3],
				"rotation": [-20, 0, 0],
				"cubes": [
					{"origin": [-2, -6.35408, -6.15816], "size": [2, 3, 0], "uv": [16, 41]}
				]
			},
			{
				"name": "wingLeft",
				"parent": "tail",
				"pivot": [-2, 16.5, -2],
				"rotation": [0, 15, 0]
			},
			{
				"name": "b2",
				"parent": "wingLeft",
				"pivot": [-2, 16.5, -1],
				"rotation": [-17.88874, -53.98599, 17.35533]
			},
			{
				"name": "bone44",
				"parent": "b2",
				"pivot": [4.4949, 12.57616, 0.34744],
				"rotation": [25.5758, 49.2365, -22.51248],
				"cubes": [
					{"origin": [2.5049, 20.12568, -6.51891], "size": [1, 2, 4], "uv": [48, 32]}
				]
			},
			{
				"name": "bone45",
				"parent": "b2",
				"pivot": [4.4949, 12.57616, 0.34744],
				"rotation": [-1.9242, 49.2365, -22.51248],
				"cubes": [
					{"origin": [2.4949, 17.87616, -10.15256], "size": [1, 2, 4], "uv": [48, 32]}
				]
			},
			{
				"name": "b",
				"parent": "wingLeft",
				"pivot": [0, 10.5, 0]
			},
			{
				"name": "bone43",
				"parent": "b",
				"pivot": [6, 13.5, 0],
				"rotation": [25.5758, 49.2365, -22.51248],
				"cubes": [
					{"origin": [4.01, 21.01429, -7.44838], "size": [1, 2, 4], "uv": [48, 32]}
				]
			},
			{
				"name": "bone42",
				"parent": "b",
				"pivot": [6, 13.5, 0],
				"rotation": [-1.9242, 49.2365, -22.51248],
				"cubes": [
					{"origin": [4, 18.5, -11], "size": [1, 2, 4], "uv": [48, 32]}
				]
			},
			{
				"name": "legLeft",
				"pivot": [2, 9, 0],
				"cubes": [
					{"origin": [0.499, -0.09, -1.5], "size": [3, 9, 3], "uv": [52, 16], "inflate": -0.1}
				]
			},
			{
				"name": "legRight",
				"pivot": [-2, 9, 0],
				"cubes": [
					{"origin": [-3.499, -0.09, -1.5], "size": [3, 9, 3], "uv": [52, 16], "inflate": -0.1, "mirror": true}
				]
			}
		]
	}
}