{
	"format_version": "1.10.0",
	"geometry.model": {
		"texturewidth": 72,
		"textureheight": 72,
		"visible_bounds_width": 3,
		"visible_bounds_height": 3,
		"visible_bounds_offset": [0, 0.5, 0],
		"bones": [
			{
				"name": "bone",
				"pivot": [0, 0, 0],
				"cubes": [
					{"origin": [-6, 0.01, -4], "size": [12, 7, 8], "uv": [0, 0], "inflate": 0.1},
					{"origin": [-4, 0.01, -6], "size": [8, 7, 12], "uv": [0, 15], "inflate": 0.11},
					{"origin": [-4, 6.5, -4], "size": [8, 3, 8], "uv": [40, 0], "inflate": 0.105},
					{"origin": [-0.5, -0.01, -0.5], "size": [1, 5, 1], "uv": [32, 0]}
				]
			},
			{
				"name": "bone2",
				"parent": "bone",
				"pivot": [0, 0, 0],
				"rotation": [0, -45, 0],
				"cubes": [
					{"origin": [-6.5, 0, 0], "size": [13, 10, 0], "uv": [28, 15]}
				]
			},
			{
				"name": "bone3",
				"parent": "bone",
				"pivot": [0, 0, 0],
				"rotation": [0, 45, 0],
				"cubes": [
					{"origin": [-6.5, 0, 0], "size": [13, 10, 0], "uv": [0, 34]}
				]
			},
			{
				"name": "bone4",
				"pivot": [-2, 10, -2],
				"rotation": [16.47027, -24.09293, -34.3817]
			},
			{
				"name": "bone5",
				"parent": "bone4",
				"pivot": [-2, 23, -2]
			},
			{
				"name": "bone6",
				"parent": "bone5",
				"pivot": [-2, 11, -2],
				"rotation": [-60, 0, 0],
				"cubes": [
					{"origin": [-2.5, 10.3, -1.31181], "size": [1, 2, 0], "uv": [0, 0]}
				]
			},
			{
				"name": "bone7",
				"parent": "bone5",
				"pivot": [-2, 11, -2],
				"rotation": [-60, -72, 0],
				"cubes": [
					{"origin": [-2.5, 10.3, -1.31181], "size": [1, 2, 0], "uv": [0, 0]}
				]
			},
			{
				"name": "bone8",
				"parent": "bone5",
				"pivot": [-2, 11, -2],
				"rotation": [-60, -144, 0],
				"cubes": [
					{"origin": [-2.5, 10.3, -1.31181], "size": [1, 2, 0], "uv": [0, 0]}
				]
			},
			{
				"name": "bone9",
				"parent": "bone5",
				"pivot": [-2, 11, -2],
				"rotation": [-60, -216, 0],
				"cubes": [
					{"origin": [-2.5, 10.3, -1.31181], "size": [1, 2, 0], "uv": [0, 0]}
				]
			},
			{
				"name": "bone10",
				"parent": "bone5",
				"pivot": [-2, 11, -2],
				"rotation": [-60, -288, 0],
				"cubes": [
					{"origin": [-2.5, 10.3, -1.31181], "size": [1, 2, 0], "uv": [0, 0]}
				]
			},
			{
				"name": "bone11",
				"pivot": [-2, 6, 1],
				"rotation": [97.58508, -0.64686, -14.98637]
			},
			{
				"name": "bone12",
				"parent": "bone11",
				"pivot": [-2.22579, 25.98096, 0.15734]
			},
			{
				"name": "bone13",
				"parent": "bone12",
				"pivot": [-2.22579, 13.98096, 0.15734],
				"rotation": [-60, 0, 0],
				"cubes": [
					{"origin": [-2.72579, 13.28096, 0.84553], "size": [1, 2, 0], "uv": [0, 0]}
				]
			},
			{
				"name": "bone14",
				"parent": "bone12",
				"pivot": [-2.22579, 13.98096, 0.15734],
				"rotation": [-60, -72, 0],
				"cubes": [
					{"origin": [-2.72579, 13.28096, 0.84553], "size": [1, 2, 0], "uv": [0, 0]}
				]
			},
			{
				"name": "bone15",
				"parent": "bone12",
				"pivot": [-2.22579, 13.98096, 0.15734],
				"rotation": [-60, -144, 0],
				"cubes": [
					{"origin": [-2.72579, 13.28096, 0.84553], "size": [1, 2, 0], "uv": [0, 0]}
				]
			},
			{
				"name": "bone16",
				"parent": "bone12",
				"pivot": [-2.22579, 13.98096, 0.15734],
				"rotation": [-60, -216, 0],
				"cubes": [
					{"origin": [-2.72579, 13.28096, 0.84553], "size": [1, 2, 0], "uv": [0, 0]}
				]
			},
			{
				"name": "bone17",
				"parent": "bone12",
				"pivot": [-2.22579, 13.98096, 0.15734],
				"rotation": [-60, -288, 0],
				"cubes": [
					{"origin": [-2.72579, 13.28096, 0.84553], "size": [1, 2, 0], "uv": [0, 0]}
				]
			},
			{
				"name": "bone18",
				"pivot": [0, 4, 0],
				"rotation": [-82.5, 82.5, 0]
			},
			{
				"name": "bone19",
				"parent": "bone18",
				"pivot": [0.78316, 22.94867, -1]
			},
			{
				"name": "bone20",
				"parent": "bone19",
				"pivot": [0.78316, 10.94867, -1],
				"rotation": [-60, 0, 0],
				"cubes": [
					{"origin": [0.28316, 10.24867, -0.31181], "size": [1, 2, 0], "uv": [0, 0]}
				]
			},
			{
				"name": "bone21",
				"parent": "bone19",
				"pivot": [0.78316, 10.94867, -1],
				"rotation": [-60, -72, 0],
				"cubes": [
					{"origin": [0.28316, 10.24867, -0.31181], "size": [1, 2, 0], "uv": [0, 0]}
				]
			},
			{
				"name": "bone22",
				"parent": "bone19",
				"pivot": [0.78316, 10.94867, -1],
				"rotation": [-60, -144, 0],
				"cubes": [
					{"origin": [0.28316, 10.24867, -0.31181], "size": [1, 2, 0], "uv": [0, 0]}
				]
			},
			{
				"name": "bone23",
				"parent": "bone19",
				"pivot": [0.78316, 10.94867, -1],
				"rotation": [-60, -216, 0],
				"cubes": [
					{"origin": [0.28316, 10.24867, -0.31181], "size": [1, 2, 0], "uv": [0, 0]}
				]
			},
			{
				"name": "bone24",
				"parent": "bone19",
				"pivot": [0.78316, 10.94867, -1],
				"rotation": [-60, -288, 0],
				"cubes": [
					{"origin": [0.28316, 10.24867, -0.31181], "size": [1, 2, 0], "uv": [0, 0]}
				]
			},
			{
				"name": "bone25",
				"pivot": [-6, 6, 3],
				"rotation": [0, -35, -75]
			},
			{
				"name": "bone26",
				"parent": "bone25",
				"pivot": [-6, 19, 3]
			},
			{
				"name": "bone27",
				"parent": "bone26",
				"pivot": [-6, 7, 3],
				"rotation": [-60, 0, 0],
				"cubes": [
					{"origin": [-6.5, 6.3, 3.68819], "size": [1, 2, 0], "uv": [0, 0]}
				]
			},
			{
				"name": "bone28",
				"parent": "bone26",
				"pivot": [-6, 7, 3],
				"rotation": [-60, -72, 0],
				"cubes": [
					{"origin": [-6.5, 6.3, 3.68819], "size": [1, 2, 0], "uv": [0, 0]}
				]
			},
			{
				"name": "bone29",
				"parent": "bone26",
				"pivot": [-6, 7, 3],
				"rotation": [-60, -144, 0],
				"cubes": [
					{"origin": [-6.5, 6.3, 3.68819], "size": [1, 2, 0], "uv": [0, 0]}
				]
			},
			{
				"name": "bone30",
				"parent": "bone26",
				"pivot": [-6, 7, 3],
				"rotation": [-60, -216, 0],
				"cubes": [
					{"origin": [-6.5, 6.3, 3.68819], "size": [1, 2, 0], "uv": [0, 0]}
				]
			},
			{
				"name": "bone31",
				"parent": "bone26",
				"pivot": [-6, 7, 3],
				"rotation": [-60, -288, 0],
				"cubes": [
					{"origin": [-6.5, 6.3, 3.68819], "size": [1, 2, 0], "uv": [0, 0]}
				]
			},
			{
				"name": "bone32",
				"pivot": [-3, 3, 6],
				"rotation": [-102.5, 0, 0]
			},
			{
				"name": "bone33",
				"parent": "bone32",
				"pivot": [-3, 16, 6]
			},
			{
				"name": "bone34",
				"parent": "bone33",
				"pivot": [-3, 4, 6],
				"rotation": [-60, 0, 0],
				"cubes": [
					{"origin": [-3.5, 3.3, 6.68819], "size": [1, 2, 0], "uv": [0, 0]}
				]
			},
			{
				"name": "bone35",
				"parent": "bone33",
				"pivot": [-3, 4, 6],
				"rotation": [-60, -72, 0],
				"cubes": [
					{"origin": [-3.5, 3.3, 6.68819], "size": [1, 2, 0], "uv": [0, 0]}
				]
			},
			{
				"name": "bone36",
				"parent": "bone33",
				"pivot": [-3, 4, 6],
				"rotation": [-60, -144, 0],
				"cubes": [
					{"origin": [-3.5, 3.3, 6.68819], "size": [1, 2, 0], "uv": [0, 0]}
				]
			},
			{
				"name": "bone37",
				"parent": "bone33",
				"pivot": [-3, 4, 6],
				"rotation": [-60, -216, 0],
				"cubes": [
					{"origin": [-3.5, 3.3, 6.68819], "size": [1, 2, 0], "uv": [0, 0]}
				]
			},
			{
				"name": "bone38",
				"parent": "bone33",
				"pivot": [-3, 4, 6],
				"rotation": [-60, -288, 0],
				"cubes": [
					{"origin": [-3.5, 3.3, 6.68819], "size": [1, 2, 0], "uv": [0, 0]}
				]
			},
			{
				"name": "bone39",
				"pivot": [4, 7, -5],
				"rotation": [32.73241, -24.4045, 32.73241]
			},
			{
				"name": "bone40",
				"parent": "bone39",
				"pivot": [4, 20, -5]
			},
			{
				"name": "bone41",
				"parent": "bone40",
				"pivot": [4, 8, -5],
				"rotation": [-60, 0, 0],
				"cubes": [
					{"origin": [3.5, 7.3, -4.31181], "size": [1, 2, 0], "uv": [0, 0]}
				]
			},
			{
				"name": "bone42",
				"parent": "bone40",
				"pivot": [4, 8, -5],
				"rotation": [-60, -72, 0],
				"cubes": [
					{"origin": [3.5, 7.3, -4.31181], "size": [1, 2, 0], "uv": [0, 0]}
				]
			},
			{
				"name": "bone43",
				"parent": "bone40",
				"pivot": [4, 8, -5],
				"rotation": [-60, -144, 0],
				"cubes": [
					{"origin": [3.5, 7.3, -4.31181], "size": [1, 2, 0], "uv": [0, 0]}
				]
			},
			{
				"name": "bone44",
				"parent": "bone40",
				"pivot": [4, 8, -5],
				"rotation": [-60, -216, 0],
				"cubes": [
					{"origin": [3.5, 7.3, -4.31181], "size": [1, 2, 0], "uv": [0, 0]}
				]
			},
			{
				"name": "bone45",
				"parent": "bone40",
				"pivot": [4, 8, -5],
				"rotation": [-60, -288, 0],
				"cubes": [
					{"origin": [3.5, 7.3, -4.31181], "size": [1, 2, 0], "uv": [0, 0]}
				]
			},
			{
				"name": "bone46",
				"pivot": [-5, 2, -5],
				"rotation": [46.1453, 12.80911, -107.02501]
			},
			{
				"name": "bone47",
				"parent": "bone46",
				"pivot": [-5, 15, -5]
			},
			{
				"name": "bone48",
				"parent": "bone47",
				"pivot": [-5, 3, -5],
				"rotation": [-60, 0, 0],
				"cubes": [
					{"origin": [-5.5, 2.3, -4.31181], "size": [1, 2, 0], "uv": [0, 0]}
				]
			},
			{
				"name": "bone49",
				"parent": "bone47",
				"pivot": [-5, 3, -5],
				"rotation": [-60, -72, 0],
				"cubes": [
					{"origin": [-5.5, 2.3, -4.31181], "size": [1, 2, 0], "uv": [0, 0]}
				]
			},
			{
				"name": "bone50",
				"parent": "bone47",
				"pivot": [-5, 3, -5],
				"rotation": [-60, -144, 0],
				"cubes": [
					{"origin": [-5.5, 2.3, -4.31181], "size": [1, 2, 0], "uv": [0, 0]}
				]
			},
			{
				"name": "bone51",
				"parent": "bone47",
				"pivot": [-5, 3, -5],
				"rotation": [-60, -216, 0],
				"cubes": [
					{"origin": [-5.5, 2.3, -4.31181], "size": [1, 2, 0], "uv": [0, 0]}
				]
			},
			{
				"name": "bone52",
				"parent": "bone47",
				"pivot": [-5, 3, -5],
				"rotation": [-60, -288, 0],
				"cubes": [
					{"origin": [-5.5, 2.3, -4.31181], "size": [1, 2, 0], "uv": [0, 0]}
				]
			},
			{
				"name": "bone53",
				"pivot": [2, 9, 4],
				"rotation": [-30, 0, 27.5]
			},
			{
				"name": "bone54",
				"parent": "bone53",
				"pivot": [2, 22, 4]
			},
			{
				"name": "bone55",
				"parent": "bone54",
				"pivot": [2, 10, 4],
				"rotation": [-60, 0, 0],
				"cubes": [
					{"origin": [1.5, 9.3, 4.68819], "size": [1, 2, 0], "uv": [0, 0]}
				]
			},
			{
				"name": "bone56",
				"parent": "bone54",
				"pivot": [2, 10, 4],
				"rotation": [-60, -72, 0],
				"cubes": [
					{"origin": [1.5, 9.3, 4.68819], "size": [1, 2, 0], "uv": [0, 0]}
				]
			},
			{
				"name": "bone57",
				"parent": "bone54",
				"pivot": [2, 10, 4],
				"rotation": [-60, -144, 0],
				"cubes": [
					{"origin": [1.5, 9.3, 4.68819], "size": [1, 2, 0], "uv": [0, 0]}
				]
			},
			{
				"name": "bone58",
				"parent": "bone54",
				"pivot": [2, 10, 4],
				"rotation": [-60, -216, 0],
				"cubes": [
					{"origin": [1.5, 9.3, 4.68819], "size": [1, 2, 0], "uv": [0, 0]}
				]
			},
			{
				"name": "bone59",
				"parent": "bone54",
				"pivot": [2, 10, 4],
				"rotation": [-60, -288, 0],
				"cubes": [
					{"origin": [1.5, 9.3, 4.68819], "size": [1, 2, 0], "uv": [0, 0]}
				]
			}
		]
	}
}