{
	"format_version": "1.10.0",
	"geometry.model": {
		"texturewidth": 128,
		"textureheight": 64,
		"visible_bounds_width": 5,
		"visible_bounds_height": 4,
		"visible_bounds_offset": [0, 1, 0],
		"bones": [
			{
				"name": "head",
				"pivot": [0, 18, 0],
				"cubes": [
					{"origin": [-4, 17.8, -4], "size": [8, 8, 8], "uv": [0, 0], "inflate": -0.3},
					{"origin": [-4, 17.8, -4], "size": [8, 8, 8], "uv": [32, 0]}
				]
			},
			{
				"name": "blink",
				"parent": "head",
				"pivot": [0, 18, 0],
				"cubes": [
					{"origin": [-4, 18.1, -4.001], "size": [8, 8, 1], "uv": [98, 0], "inflate": -0.3}
				]
			},
			{
				"name": "sinFloat",
				"parent": "head",
				"pivot": [0, 28, 0]
			},
			{
				"name": "bone101",
				"parent": "sinFloat",
				"pivot": [0, 29, 0],
				"rotation": [-7.5, 0, 0],
				"cubes": [
					{"origin": [-3, 28.5, -3.5], "size": [4, 1, 1], "uv": [33, 16]},
					{"origin": [2.5, 28.5, -2], "size": [1, 1, 5], "uv": [35, 19]},
					{"origin": [-3.5, 28.5, -3], "size": [1, 1, 6], "uv": [34, 18]},
					{"origin": [-3, 28.5, 2.5], "size": [6, 1, 1], "uv": [31, 16]}
				]
			},
			{
				"name": "bone10",
				"parent": "head",
				"pivot": [0, 22, 3],
				"rotation": [5, 0, 0]
			},
			{
				"name": "bone11",
				"parent": "bone10",
				"pivot": [0, 6.94035, -0.8262],
				"rotation": [10, 0, 0]
			},
			{
				"name": "bone8",
				"parent": "bone11",
				"pivot": [0, 6.94035, -0.8262],
				"rotation": [-7.5, 0, 0],
				"cubes": [
					{"origin": [-3.5, 2.1693, 8.16324], "size": [7, 8, 1], "uv": [48, 16]}
				]
			},
			{
				"name": "bone7",
				"parent": "bone11",
				"pivot": [0, 13.94035, 0.1738],
				"rotation": [12.5, 0, 0],
				"cubes": [
					{"origin": [-3.5, 6.94035, 7.1738], "size": [7, 13, 1], "uv": [34, 25]}
				]
			},
			{
				"name": "bone2",
				"parent": "bone10",
				"pivot": [-5, 12.94035, 0.1738],
				"rotation": [18.10189, -1.69862, 11.45935],
				"cubes": [
					{"origin": [-6, 11.94035, 5.4738], "size": [5, 9, 1], "uv": [50, 25], "mirror": true}
				]
			},
			{
				"name": "bone",
				"parent": "bone10",
				"pivot": [5, 12.94035, 0.1738],
				"rotation": [18.10189, 1.69862, -11.45935],
				"cubes": [
					{"origin": [1, 11.94035, 5.4738], "size": [5, 9, 1], "uv": [50, 25]}
				]
			},
			{
				"name": "bone71",
				"parent": "bone10",
				"pivot": [0, 16.94035, 1.1738],
				"rotation": [0, 0, -15]
			},
			{
				"name": "bone4",
				"parent": "bone71",
				"pivot": [0, 9.94035, 2.1738],
				"rotation": [5.10455, -14.24, 37.78381],
				"cubes": [
					{"origin": [-7.36104, 5.02741, 7.48106], "size": [5, 6, 1], "uv": [14, 44], "mirror": true}
				]
			},
			{
				"name": "bone6",
				"parent": "bone71",
				"pivot": [-4, -1.05965, 3.1738],
				"rotation": [-7.83569, -15.26644, 31.20639],
				"cubes": [
					{"origin": [-14.12346, 2.94753, 7.59719], "size": [5, 5, 1], "uv": [50, 35], "mirror": true}
				]
			},
			{
				"name": "bone72",
				"parent": "bone10",
				"pivot": [0, 16.94035, 1.1738],
				"rotation": [0, 0, 15]
			},
			{
				"name": "bone3",
				"parent": "bone72",
				"pivot": [0, 9.94035, 2.1738],
				"rotation": [5.10455, 14.24, -37.78381],
				"cubes": [
					{"origin": [2.36104, 5.02741, 7.48106], "size": [5, 6, 1], "uv": [14, 44]}
				]
			},
			{
				"name": "bone5",
				"parent": "bone72",
				"pivot": [4, -1.05965, 3.1738],
				"rotation": [-7.83569, 15.26644, -31.20639],
				"cubes": [
					{"origin": [9.12346, 2.94753, 7.59719], "size": [5, 5, 1], "uv": [50, 35]}
				]
			},
			{
				"name": "bone9",
				"parent": "head",
				"pivot": [0, 18, 1]
			},
			{
				"name": "bone12",
				"parent": "bone9",
				"pivot": [-1, 18, 3],
				"rotation": [-11.12501, -5.73576, -26.94093],
				"cubes": [
					{"origin": [-3.8, 16, -3.2], "size": [1, 3, 1], "uv": [0, 0]}
				]
			},
			{
				"name": "bone13",
				"parent": "bone12",
				"pivot": [-3, 16, -3],
				"rotation": [0, 0, -27.5],
				"cubes": [
					{"origin": [-3.70961, 14.3694, -3.2], "size": [1, 2, 1], "uv": [0, 4], "inflate": 0.01}
				]
			},
			{
				"name": "bone14",
				"parent": "bone9",
				"pivot": [1, 18, 3],
				"rotation": [-11.12501, 5.73576, 26.94093]
			},
			{
				"name": "bone15",
				"parent": "bone14",
				"pivot": [3, 16, -3],
				"rotation": [0, 0, 27.5],
				"cubes": [
					{"origin": [2.70961, 14.3694, -3.2], "size": [1, 2, 1], "uv": [0, 30], "inflate": 0.01, "mirror": true}
				]
			},
			{
				"name": "bone16",
				"parent": "bone9",
				"pivot": [1, 18, 3],
				"rotation": [-11.12501, 5.73576, 26.94093],
				"cubes": [
					{"origin": [2.8, 16, -3.2], "size": [1, 3, 1], "uv": [0, 16], "mirror": true}
				]
			},
			{
				"name": "bone17",
				"parent": "bone9",
				"pivot": [0, 17, 1],
				"rotation": [-10, 0, 0],
				"cubes": [
					{"origin": [-0.5, 6, -3.7], "size": [1, 9, 1], "uv": [0, 44], "inflate": 0.2}
				]
			},
			{
				"name": "armRight",
				"pivot": [-2, 17.5, 0],
				"rotation": [0, 0, 25],
				"cubes": [
					{"origin": [-4, 8.5, -1], "size": [2, 8, 2], "uv": [22, 28], "mirror": true},
					{"origin": [-4.51, 14.5, -0.8], "size": [2, 2, 5], "uv": [31, 39], "inflate": -0.4}
				]
			},
			{
				"name": "armRightPositioningBone",
				"parent": "armRight",
				"pivot": [-3, 8.5, 0]
			},
			{
				"name": "armLeft",
				"pivot": [2, 17.5, 0],
				"rotation": [0, 0, -25],
				"cubes": [
					{"origin": [2, 8.5, -1], "size": [2, 8, 2], "uv": [22, 28]},
					{"origin": [2.51, 14.5, -0.8], "size": [2, 2, 5], "uv": [31, 39], "inflate": -0.4, "mirror": true}
				]
			},
			{
				"name": "armLeftPositioningBone",
				"parent": "armLeft",
				"pivot": [3, 8.5, 0]
			},
			{
				"name": "body",
				"pivot": [0, 10.5, 0],
				"cubes": [
					{"origin": [-3, 8.999, -2.5], "size": [6, 9, 5], "uv": [0, 16], "inflate": -0.05},
					{"origin": [-3, 7.8, -2.5], "size": [6, 9, 5], "uv": [0, 30], "inflate": 0.3}
				]
			},
			{
				"name": "sittingRotationSkirt",
				"parent": "body",
				"pivot": [0, 10.5, 0]
			},
			{
				"name": "bone20",
				"parent": "sittingRotationSkirt",
				"pivot": [0, 10.5, 1],
				"rotation": [-15, 0, 0],
				"cubes": [
					{"origin": [-2.5, 6.5, -2.8], "size": [5, 5, 0], "uv": [4, 44]}
				]
			},
			{
				"name": "legLeft",
				"pivot": [2, 9, 0],
				"cubes": [
					{"origin": [0.499, 0, -1.5], "size": [3, 9, 3], "uv": [22, 16]}
				]
			},
			{
				"name": "bone18",
				"parent": "legLeft",
				"pivot": [2, 10, 0],
				"rotation": [0, 0, -10],
				"cubes": [
					{"origin": [0.2, 8, -2], "size": [3, 3, 4], "uv": [56, 0], "inflate": 0.4}
				]
			},
			{
				"name": "legRight",
				"pivot": [-2, 9, 0],
				"cubes": [
					{"origin": [-3.499, 0, -1.5], "size": [3, 9, 3], "uv": [22, 16]}
				]
			},
			{
				"name": "bone19",
				"parent": "legRight",
				"pivot": [-1, 10, 0],
				"rotation": [0, 0, 10],
				"cubes": [
					{"origin": [-3.2, 7.8, -2], "size": [3, 3, 4], "uv": [56, 0], "inflate": 0.41}
				]
			},
			{
				"name": "wingLeft",
				"pivot": [1.5, 14, 2.75],
				"rotation": [0, 60, 0]
			},
			{
				"name": "bone23",
				"parent": "wingLeft",
				"pivot": [1.5, 14, 2.75],
				"cubes": [
					{"origin": [1.5, 2, 2.5], "size": [0, 24, 26], "uv": [62, -1]}
				]
			},
			{
				"name": "bone49",
				"parent": "bone23",
				"pivot": [1.5, 14, 2.75],
				"rotation": [12.5, 0, 0],
				"cubes": [
					{"origin": [1, 11.1, 2.2], "size": [1, 3, 7], "uv": [67, 13], "inflate": -0.2}
				]
			},
			{
				"name": "bone50",
				"parent": "bone49",
				"pivot": [1.5, 13, 6.75],
				"rotation": [22.5, 0, 0],
				"cubes": [
					{"origin": [1, 10.6, 7.6], "size": [1, 3, 5], "uv": [69, 15], "inflate": -0.199}
				]
			},
			{
				"name": "bone51",
				"parent": "bone50",
				"pivot": [1.5, 13, 10.75],
				"rotation": [25, 0, 0],
				"cubes": [
					{"origin": [1, 10, 11.6], "size": [1, 3, 5], "uv": [69, 15], "inflate": -0.198}
				]
			},
			{
				"name": "bone52",
				"parent": "bone23",
				"pivot": [1.5, 16, 8.75],
				"rotation": [97.5, 0, 0],
				"cubes": [
					{"origin": [1.2, 1.29194, 10.41319], "size": [1, 10, 3], "uv": [70, 0], "inflate": -0.3}
				]
			},
			{
				"name": "bone53",
				"parent": "bone52",
				"pivot": [1.5, 4.44286, -1.54582],
				"rotation": [-7.5, 0, 0],
				"cubes": [
					{"origin": [1.2, -3.17949, 9.6311], "size": [1, 7, 4], "uv": [64, 9], "inflate": -0.25}
				]
			},
			{
				"name": "bone54",
				"parent": "bone23",
				"pivot": [1.5, 5, 15.75],
				"rotation": [90, 0, 0],
				"cubes": [
					{"origin": [1, 0, 27.5], "size": [1, 7, 3], "uv": [70, 3], "inflate": -0.3}
				]
			},
			{
				"name": "bone55",
				"parent": "bone54",
				"pivot": [1.5, 0, 15.75],
				"rotation": [-7.5, 0, 0],
				"cubes": [
					{"origin": [1, -3.5, 26.3], "size": [1, 6, 4], "uv": [64, 10], "inflate": -0.25}
				]
			},
			{
				"name": "bone56",
				"parent": "bone23",
				"pivot": [1.5, 6, 8.75],
				"rotation": [65, 0, 0],
				"cubes": [
					{"origin": [0.9, 2, 20.5], "size": [1, 5, 3], "uv": [70, 5], "inflate": -0.3}
				]
			},
			{
				"name": "bone57",
				"parent": "bone56",
				"pivot": [1.5, 0, 8.75],
				"rotation": [-7.5, 0, 0],
				"cubes": [
					{"origin": [0.9, -0.5, 19], "size": [1, 5, 4], "uv": [64, 11], "inflate": -0.25}
				]
			},
			{
				"name": "bone58",
				"parent": "bone57",
				"pivot": [1.5, 4, 4.75],
				"rotation": [-17.5, 0, 0],
				"cubes": [
					{"origin": [0.8, 4.8, 15], "size": [1, 4, 4], "uv": [64, 12], "inflate": -0.25}
				]
			},
			{
				"name": "wingLeft2",
				"parent": "wingLeft",
				"pivot": [1.5, 15, 0.75],
				"rotation": [32.5, -15, 0],
				"cubes": [
					{"origin": [1.5, 6, 0.5], "size": [0, 14, 21], "uv": [26, 28]}
				]
			},
			{
				"name": "bone21",
				"parent": "wingLeft2",
				"pivot": [1.5, 15, 0.75],
				"rotation": [12.5, 0, 0],
				"cubes": [
					{"origin": [1, 12.1, 0.2], "size": [1, 3, 7], "uv": [67, 13], "inflate": -0.2}
				]
			},
			{
				"name": "bone22",
				"parent": "bone21",
				"pivot": [1.5, 14, 4.75],
				"rotation": [22.5, 0, 0],
				"cubes": [
					{"origin": [1, 11.6, 5.6], "size": [1, 3, 5], "uv": [69, 15], "inflate": -0.199}
				]
			},
			{
				"name": "bone24",
				"parent": "wingLeft2",
				"pivot": [1.5, 13, 4.75],
				"rotation": [97.5, 0, 0],
				"cubes": [
					{"origin": [1.19, 1.29194, 6.41319], "size": [1, 7, 3], "uv": [70, 0], "inflate": -0.3}
				]
			},
			{
				"name": "bone25",
				"parent": "bone24",
				"pivot": [1.5, 1.44286, -5.54582],
				"rotation": [-7.5, 0, 0],
				"cubes": [
					{"origin": [1.2, -1.17949, 5.3], "size": [1, 5, 4], "uv": [64, 11], "inflate": -0.25}
				]
			},
			{
				"name": "bone26",
				"parent": "wingLeft2",
				"pivot": [1.5, 2, 10.75],
				"rotation": [90, 0, 0],
				"cubes": [
					{"origin": [1, -1, 22.5], "size": [1, 5, 3], "uv": [70, 3], "inflate": -0.3}
				]
			},
			{
				"name": "bone27",
				"parent": "bone26",
				"pivot": [1.5, -3, 10.75],
				"rotation": [-7.5, 0, 0],
				"cubes": [
					{"origin": [1, -2.5, 21.3], "size": [1, 4, 4], "uv": [64, 12], "inflate": -0.25}
				]
			},
			{
				"name": "bone28",
				"parent": "wingLeft2",
				"pivot": [1.5, 3, 0.75],
				"rotation": [65, 0, 0],
				"cubes": [
					{"origin": [0.9, 1, 12.5], "size": [1, 3, 3], "uv": [70, 5], "inflate": -0.3}
				]
			},
			{
				"name": "bone29",
				"parent": "bone28",
				"pivot": [1.5, -3, 0.75],
				"rotation": [-7.5, 0, 0],
				"cubes": [
					{"origin": [0.9, -1.5, 11], "size": [1, 5, 4], "uv": [64, 11], "inflate": -0.25}
				]
			},
			{
				"name": "bone30",
				"parent": "bone29",
				"pivot": [1.5, 1, -3.25],
				"rotation": [-17.5, 0, 0],
				"cubes": [
					{"origin": [0.8, 5.8, 7], "size": [1, 4, 4], "uv": [64, 12], "inflate": -0.25}
				]
			},
			{
				"name": "wingLeft3",
				"parent": "wingLeft",
				"pivot": [1.5, 13, 2.75],
				"rotation": [-52.72375, 22.75369, 11.6247],
				"cubes": [
					{"origin": [1.5, 4, 2.5], "size": [0, 14, 21], "uv": [26, 28]}
				]
			},
			{
				"name": "bone87",
				"parent": "wingLeft3",
				"pivot": [1.5, 13, 2.75],
				"rotation": [12.5, 0, 0],
				"cubes": [
					{"origin": [1, 10.1, 2.2], "size": [1, 3, 7], "uv": [67, 13], "inflate": -0.2}
				]
			},
			{
				"name": "bone88",
				"parent": "bone87",
				"pivot": [1.5, 12, 6.75],
				"rotation": [22.5, 0, 0],
				"cubes": [
					{"origin": [1, 9.6, 7.6], "size": [1, 3, 5], "uv": [69, 15], "inflate": -0.199}
				]
			},
			{
				"name": "bone89",
				"parent": "wingLeft3",
				"pivot": [1.5, 11, 6.75],
				"rotation": [97.5, 0, 0],
				"cubes": [
					{"origin": [1.2, -0.70806, 8.41319], "size": [1, 7, 3], "uv": [70, 0], "inflate": -0.3}
				]
			},
			{
				"name": "bone90",
				"parent": "bone89",
				"pivot": [1.5, -4.55714, -2.54582],
				"rotation": [10, 0, 0],
				"cubes": [
					{"origin": [1.2, -7.17949, 8.3], "size": [1, 5, 4], "uv": [64, 11], "inflate": -0.25}
				]
			},
			{
				"name": "bone91",
				"parent": "wingLeft3",
				"pivot": [1.5, 0, 12.75],
				"rotation": [90, 0, 0],
				"cubes": [
					{"origin": [1, -3, 24.5], "size": [1, 5, 3], "uv": [70, 3], "inflate": -0.3}
				]
			},
			{
				"name": "bone92",
				"parent": "bone91",
				"pivot": [1.5, -8, 12.75],
				"rotation": [5, 0, 0],
				"cubes": [
					{"origin": [1, -7.5, 23.3], "size": [1, 4, 4], "uv": [64, 12], "inflate": -0.25}
				]
			},
			{
				"name": "bone93",
				"parent": "wingLeft3",
				"pivot": [1.5, 1, 2.75],
				"rotation": [65, 0, 0],
				"cubes": [
					{"origin": [0.9, -1, 14.5], "size": [1, 3, 3], "uv": [70, 5], "inflate": -0.3}
				]
			},
			{
				"name": "bone94",
				"parent": "bone93",
				"pivot": [1.5, -5, 2.75],
				"rotation": [-7.5, 0, 0],
				"cubes": [
					{"origin": [0.9, -3.5, 13], "size": [1, 5, 4], "uv": [64, 11], "inflate": -0.25}
				]
			},
			{
				"name": "bone95",
				"parent": "bone94",
				"pivot": [1.5, -1, -1.25],
				"rotation": [-17.5, 0, 0],
				"cubes": [
					{"origin": [0.8, 3.8, 9], "size": [1, 4, 4], "uv": [64, 12], "inflate": -0.25}
				]
			},
			{
				"name": "wingRight",
				"pivot": [-1.5, 14, 2.75],
				"rotation": [0, -60, 0]
			},
			{
				"name": "bone31",
				"parent": "wingRight",
				"pivot": [-1.5, 14, 2.75]
			},
			{
				"name": "bone32",
				"parent": "bone31",
				"pivot": [-1.5, 14, 2.75],
				"rotation": [12.5, 0, 0],
				"cubes": [
					{"origin": [-2, 11.1, 2.2], "size": [1, 3, 7], "uv": [67, 13], "inflate": -0.2, "mirror": true}
				]
			},
			{
				"name": "bone33",
				"parent": "wingRight",
				"pivot": [-1.5, 14, 2.75]
			},
			{
				"name": "bone34",
				"parent": "bone33",
				"pivot": [-1.5, 14, 2.75],
				"rotation": [12.5, 0, 0]
			},
			{
				"name": "bone35",
				"parent": "bone34",
				"pivot": [-1.5, 13, 6.75],
				"rotation": [22.5, 0, 0],
				"cubes": [
					{"origin": [-2, 10.6, 7.6], "size": [1, 3, 5], "uv": [69, 15], "inflate": -0.199, "mirror": true}
				]
			},
			{
				"name": "bone36",
				"parent": "wingRight",
				"pivot": [-1.5, 14, 2.75]
			},
			{
				"name": "bone37",
				"parent": "bone36",
				"pivot": [-1.5, 14, 2.75],
				"rotation": [12.5, 0, 0]
			},
			{
				"name": "bone38",
				"parent": "bone37",
				"pivot": [-1.5, 13, 6.75],
				"rotation": [22.5, 0, 0]
			},
			{
				"name": "bone39",
				"parent": "bone38",
				"pivot": [-1.5, 13, 10.75],
				"rotation": [25, 0, 0],
				"cubes": [
					{"origin": [-2, 10, 11.6], "size": [1, 3, 5], "uv": [69, 15], "inflate": -0.198, "mirror": true}
				]
			},
			{
				"name": "bone40",
				"parent": "wingRight",
				"pivot": [-1.5, 14, 2.75],
				"cubes": [
					{"origin": [-1.5, 2, 2.5], "size": [0, 24, 26], "uv": [62, -1], "mirror": true}
				]
			},
			{
				"name": "bone41",
				"parent": "wingRight",
				"pivot": [-1.5, 14, 2.75]
			},
			{
				"name": "bone42",
				"parent": "bone41",
				"pivot": [-1.5, 16, 8.75],
				"rotation": [97.5, 0, 0],
				"cubes": [
					{"origin": [-2.19, 1.29194, 10.41319], "size": [1, 10, 3], "uv": [70, 0], "inflate": -0.3, "mirror": true}
				]
			},
			{
				"name": "bone43",
				"parent": "wingRight",
				"pivot": [-1.5, 14, 2.75]
			},
			{
				"name": "bone44",
				"parent": "bone43",
				"pivot": [-1.5, 16, 8.75],
				"rotation": [97.5, 0, 0]
			},
			{
				"name": "bone45",
				"parent": "bone44",
				"pivot": [-1.5, 4.44286, -1.54582],
				"rotation": [-7.5, 0, 0],
				"cubes": [
					{"origin": [-2.2, -3.17949, 9.6311], "size": [1, 7, 4], "uv": [64, 9], "inflate": -0.25, "mirror": true}
				]
			},
			{
				"name": "bone46",
				"parent": "wingRight",
				"pivot": [-1.5, 14, 2.75]
			},
			{
				"name": "bone47",
				"parent": "bone46",
				"pivot": [-1.5, 5, 15.75],
				"rotation": [90, 0, 0],
				"cubes": [
					{"origin": [-2, 0, 27.5], "size": [1, 7, 3], "uv": [70, 3], "inflate": -0.3, "mirror": true}
				]
			},
			{
				"name": "bone48",
				"parent": "wingRight",
				"pivot": [-1.5, 14, 2.75]
			},
			{
				"name": "bone59",
				"parent": "bone48",
				"pivot": [-1.5, 5, 15.75],
				"rotation": [90, 0, 0]
			},
			{
				"name": "bone60",
				"parent": "bone59",
				"pivot": [-1.5, 0, 15.75],
				"rotation": [-7.5, 0, 0],
				"cubes": [
					{"origin": [-2, -3.5, 26.3], "size": [1, 6, 4], "uv": [64, 10], "inflate": -0.25, "mirror": true}
				]
			},
			{
				"name": "bone61",
				"parent": "wingRight",
				"pivot": [-1.5, 14, 2.75]
			},
			{
				"name": "bone62",
				"parent": "bone61",
				"pivot": [-1.5, 6, 8.75],
				"rotation": [65, 0, 0],
				"cubes": [
					{"origin": [-1.9, 2, 20.5], "size": [1, 5, 3], "uv": [70, 5], "inflate": -0.3, "mirror": true}
				]
			},
			{
				"name": "bone63",
				"parent": "wingRight",
				"pivot": [-1.5, 14, 2.75]
			},
			{
				"name": "bone64",
				"parent": "bone63",
				"pivot": [-1.5, 6, 8.75],
				"rotation": [65, 0, 0]
			},
			{
				"name": "bone65",
				"parent": "bone64",
				"pivot": [-1.5, 0, 8.75],
				"rotation": [-7.5, 0, 0],
				"cubes": [
					{"origin": [-1.9, -0.5, 19], "size": [1, 5, 4], "uv": [64, 11], "inflate": -0.25, "mirror": true}
				]
			},
			{
				"name": "bone66",
				"parent": "wingRight",
				"pivot": [-1.5, 14, 2.75]
			},
			{
				"name": "bone67",
				"parent": "bone66",
				"pivot": [-1.5, 6, 8.75],
				"rotation": [65, 0, 0]
			},
			{
				"name": "bone68",
				"parent": "bone67",
				"pivot": [-1.5, 0, 8.75],
				"rotation": [-7.5, 0, 0]
			},
			{
				"name": "bone69",
				"parent": "bone68",
				"pivot": [-1.5, 4, 4.75],
				"rotation": [-17.5, 0, 0],
				"cubes": [
					{"origin": [-1.8, 4.8, 15], "size": [1, 4, 4], "uv": [64, 12], "inflate": -0.25, "mirror": true}
				]
			},
			{
				"name": "wingRight2",
				"parent": "wingRight",
				"pivot": [-1.5, 15, 0.75],
				"rotation": [32.5, 15, 0],
				"cubes": [
					{"origin": [-1.5, 6, 0.5], "size": [0, 14, 21], "uv": [26, 28], "mirror": true}
				]
			},
			{
				"name": "bone70",
				"parent": "wingRight2",
				"pivot": [-1.5, 15, 0.75],
				"rotation": [12.5, 0, 0],
				"cubes": [
					{"origin": [-2, 12.1, 0.2], "size": [1, 3, 7], "uv": [67, 13], "inflate": -0.2, "mirror": true}
				]
			},
			{
				"name": "bone73",
				"parent": "wingRight2",
				"pivot": [-1.5, 15, 0.75],
				"rotation": [12.5, 0, 0]
			},
			{
				"name": "bone74",
				"parent": "bone73",
				"pivot": [-1.5, 14, 4.75],
				"rotation": [22.5, 0, 0],
				"cubes": [
					{"origin": [-2, 11.6, 5.6], "size": [1, 3, 5], "uv": [69, 15], "inflate": -0.199, "mirror": true}
				]
			},
			{
				"name": "bone75",
				"parent": "wingRight2",
				"pivot": [-1.5, 13, 4.75],
				"rotation": [97.5, 0, 0],
				"cubes": [
					{"origin": [-2.2, 1.29194, 6.41319], "size": [1, 7, 3], "uv": [70, 0], "inflate": -0.3, "mirror": true}
				]
			},
			{
				"name": "bone76",
				"parent": "wingRight2",
				"pivot": [-1.5, 13, 4.75],
				"rotation": [97.5, 0, 0]
			},
			{
				"name": "bone77",
				"parent": "bone76",
				"pivot": [-1.5, 1.44286, -5.54582],
				"rotation": [-7.5, 0, 0],
				"cubes": [
					{"origin": [-2.2, -1.17949, 5.3], "size": [1, 5, 4], "uv": [64, 11], "inflate": -0.25, "mirror": true}
				]
			},
			{
				"name": "bone78",
				"parent": "wingRight2",
				"pivot": [-1.5, 2, 10.75],
				"rotation": [90, 0, 0],
				"cubes": [
					{"origin": [-2, -1, 22.5], "size": [1, 5, 3], "uv": [70, 3], "inflate": -0.3, "mirror": true}
				]
			},
			{
				"name": "bone79",
				"parent": "wingRight2",
				"pivot": [-1.5, 2, 10.75],
				"rotation": [90, 0, 0]
			},
			{
				"name": "bone80",
				"parent": "bone79",
				"pivot": [-1.5, -3, 10.75],
				"rotation": [-7.5, 0, 0],
				"cubes": [
					{"origin": [-2, -2.5, 21.3], "size": [1, 4, 4], "uv": [64, 12], "inflate": -0.25, "mirror": true}
				]
			},
			{
				"name": "bone81",
				"parent": "wingRight2",
				"pivot": [-1.5, 3, 0.75],
				"rotation": [65, 0, 0],
				"cubes": [
					{"origin": [-1.9, 1, 12.5], "size": [1, 3, 3], "uv": [70, 5], "inflate": -0.3, "mirror": true}
				]
			},
			{
				"name": "bone82",
				"parent": "wingRight2",
				"pivot": [-1.5, 3, 0.75],
				"rotation": [65, 0, 0]
			},
			{
				"name": "bone83",
				"parent": "bone82",
				"pivot": [-1.5, -3, 0.75],
				"rotation": [-7.5, 0, 0],
				"cubes": [
					{"origin": [-1.9, -1.5, 11], "size": [1, 5, 4], "uv": [64, 11], "inflate": -0.25, "mirror": true}
				]
			},
			{
				"name": "bone84",
				"parent": "wingRight2",
				"pivot": [-1.5, 3, 0.75],
				"rotation": [65, 0, 0]
			},
			{
				"name": "bone85",
				"parent": "bone84",
				"pivot": [-1.5, -3, 0.75],
				"rotation": [-7.5, 0, 0]
			},
			{
				"name": "bone86",
				"parent": "bone85",
				"pivot": [-1.5, 1, -3.25],
				"rotation": [-17.5, 0, 0],
				"cubes": [
					{"origin": [-1.8, 5.8, 7], "size": [1, 4, 4], "uv": [64, 12], "inflate": -0.25, "mirror": true}
				]
			},
			{
				"name": "bone96",
				"pivot": [0, 0, 0]
			},
			{
				"name": "cosFloat",
				"parent": "bone96",
				"pivot": [0, 0, 0]
			},
			{
				"name": "chestPlate",
				"parent": "cosFloat",
				"pivot": [0, 0, 0]
			},
			{
				"name": "bone97",
				"parent": "chestPlate",
				"pivot": [1, 13, 4],
				"rotation": [-12.62444, -32.88159, -25.68766]
			},
			{
				"name": "bone98",
				"parent": "bone97",
				"pivot": [1, 13, 4],
				"cubes": [
					{"origin": [-4, 13, 16.07107], "size": [10, 5, 0], "uv": [78, 10]}
				]
			},
			{
				"name": "bone99",
				"parent": "bone97",
				"pivot": [1, 13, 4],
				"rotation": [0, -45, 0],
				"cubes": [
					{"origin": [-4, 13, 16.07107], "size": [10, 5, 0], "uv": [0, 54]}
				]
			},
			{
				"name": "bone100",
				"parent": "bone97",
				"pivot": [-9, 13, -15],
				"rotation": [0, -10, 0],
				"cubes": [
					{"origin": [-16.87262, 13, 8.99484], "size": [10, 5, 0], "uv": [78, 5]}
				]
			},
			{
				"name": "bone102",
				"parent": "bone97",
				"pivot": [1, 13, 4],
				"rotation": [0, 120, 0],
				"cubes": [
					{"origin": [-0.70591, 13, 16.95372], "size": [10, 5, 0], "uv": [0, 54]}
				]
			},
			{
				"name": "bone103",
				"parent": "bone97",
				"pivot": [1, 29, 4],
				"rotation": [0, 92.5, 0],
				"cubes": [
					{"origin": [14.33877, 13, 11.66019], "size": [10, 5, 0], "uv": [78, 0]}
				]
			},
			{
				"name": "bone104",
				"parent": "bone97",
				"pivot": [1, 13, 4],
				"rotation": [0, -270, 0],
				"cubes": [
					{"origin": [-4, 13, 16.07107], "size": [10, 5, 0], "uv": [76, 15]}
				]
			},
			{
				"name": "bone105",
				"parent": "bone97",
				"pivot": [1, 13, 4],
				"rotation": [0, -315, 0],
				"cubes": [
					{"origin": [-4, 13, 16.07107], "size": [10, 5, 0], "uv": [0, 54]}
				]
			}
		]
	}
}