{
	"format_version": "1.10.0",
	"geometry.model": {
		"texturewidth": 128,
		"textureheight": 64,
		"visible_bounds_width": 3,
		"visible_bounds_height": 4,
		"visible_bounds_offset": [0, 1, 0],
		"bones": [
			{
				"name": "head",
				"pivot": [0, 18, 0],
				"cubes": [
					{"origin": [-5, 18.5, -5], "size": [10, 3, 10], "uv": [39, 30], "inflate": -0.2},
					{"origin": [-4, 18, -4], "size": [8, 8, 8], "uv": [32, 0], "inflate": 0.3}
				]
			},
			{
				"name": "ahoge",
				"parent": "head",
				"pivot": [0, 26, 0],
				"rotation": [22.5, 0, 0],
				"cubes": [
					{"origin": [-6, 26, -1], "size": [6, 6, 0], "uv": [56, 0]}
				]
			},
			{
				"name": "blink",
				"parent": "head",
				"pivot": [0, 18, 0],
				"cubes": [
					{"origin": [-4, 18, -4.001], "size": [8, 8, 0], "uv": [24, 0]}
				]
			},
			{
				"name": "_leggings",
				"parent": "head",
				"pivot": [0, 18, 0]
			},
			{
				"name": "bone17",
				"parent": "_leggings",
				"pivot": [-9, 18, 4],
				"rotation": [-8.60644, -12.0174, -35.79355],
				"cubes": [
					{"origin": [-4.55116, -0.71025, 10.82126], "size": [2, 3, 1], "uv": [0, 0], "inflate": 0.2}
				]
			},
			{
				"name": "bone18",
				"parent": "_leggings",
				"pivot": [9, 18, 4],
				"rotation": [-8.60644, 12.0174, 35.79355],
				"cubes": [
					{"origin": [2.55116, -0.71025, 10.82126], "size": [2, 3, 1], "uv": [0, 0], "inflate": 0.2, "mirror": true}
				]
			},
			{
				"name": "bone16",
				"parent": "_leggings",
				"pivot": [-2, 18, 1],
				"rotation": [30, 0, 12.5],
				"cubes": [
					{"origin": [-2.5, 4, 3], "size": [2, 13, 1], "uv": [86, 12], "inflate": 0.2, "mirror": true}
				]
			},
			{
				"name": "bone15",
				"parent": "_leggings",
				"pivot": [2, 18, 1],
				"rotation": [30, 0, -12.5],
				"cubes": [
					{"origin": [0.5, 4, 3], "size": [2, 13, 1], "uv": [86, 12], "inflate": 0.2}
				]
			},
			{
				"name": "helmet",
				"parent": "head",
				"pivot": [0, 18, 0],
				"cubes": [
					{"origin": [-4, 18, -4], "size": [8, 8, 8], "uv": [92, 0]}
				]
			},
			{
				"name": "bone7",
				"parent": "helmet",
				"pivot": [-5, 20, -5],
				"rotation": [0, -45, 30],
				"cubes": [
					{"origin": [-1, 28, -8], "size": [5, 4, 5], "uv": [69, 31]},
					{"origin": [-1.35, 28.5, -7.7], "size": [5, 4, 5], "uv": [0, 44], "inflate": 0.7}
				]
			},
			{
				"name": "bone12",
				"parent": "bone7",
				"pivot": [-7, 28, -1],
				"rotation": [0, 27.5, 25],
				"cubes": [
					{"origin": [4.9, 34.3, -4], "size": [5, 2, 2], "uv": [35, 30]}
				]
			},
			{
				"name": "bone8",
				"parent": "bone7",
				"pivot": [1, 46, -5]
			},
			{
				"name": "bone9",
				"parent": "bone8",
				"pivot": [1, 28, -5]
			},
			{
				"name": "bone10",
				"parent": "bone9",
				"pivot": [1, 28, 0.51186],
				"rotation": [60, 0, 0],
				"cubes": [
					{"origin": [-3, 28.69069, 0.51186], "size": [8, 3, 0], "uv": [64, 12]}
				]
			},
			{
				"name": "bone24",
				"parent": "bone8",
				"pivot": [1, 28, -5],
				"rotation": [0, -90, 0]
			},
			{
				"name": "bone25",
				"parent": "bone24",
				"pivot": [1, 28, 0.51186],
				"rotation": [60, 0, 0],
				"cubes": [
					{"origin": [-3, 28.69069, 0.51186], "size": [8, 3, 0], "uv": [64, 12]}
				]
			},
			{
				"name": "bone28",
				"parent": "bone8",
				"pivot": [1, 28, -5],
				"rotation": [0, -180, 0]
			},
			{
				"name": "bone29",
				"parent": "bone28",
				"pivot": [1, 28, 0.51186],
				"rotation": [60, 0, 0],
				"cubes": [
					{"origin": [-3, 28.69069, 0.51186], "size": [8, 3, 0], "uv": [64, 12]}
				]
			},
			{
				"name": "bone32",
				"parent": "bone8",
				"pivot": [1, 28, -5],
				"rotation": [0, -270, 0]
			},
			{
				"name": "bone33",
				"parent": "bone32",
				"pivot": [1, 28, 0.51186],
				"rotation": [60, 0, 0],
				"cubes": [
					{"origin": [-3, 28.69069, 0.51186], "size": [8, 3, 0], "uv": [64, 12]}
				]
			},
			{
				"name": "_helmet",
				"parent": "head",
				"pivot": [0, 18, 0],
				"cubes": [
					{"origin": [-4, 18, -4], "size": [8, 8, 8], "uv": [0, 0]}
				]
			},
			{
				"name": "armRight",
				"pivot": [-2, 17.5, 0],
				"rotation": [0, 0, 25],
				"cubes": [
					{"origin": [-4, 8.5, -1], "size": [2, 8, 2], "uv": [34, 16], "mirror": true},
					{"origin": [-4, 9.5, -1], "size": [2, 7, 2], "uv": [27, 30], "inflate": 0.1, "mirror": true},
					{"origin": [-4.5, 9.5, -1.5], "size": [3, 3, 3], "uv": [27, 39], "inflate": 0.3, "mirror": true}
				]
			},
			{
				"name": "armRightPositioningBone",
				"parent": "armRight",
				"pivot": [-3, 8.5, 0]
			},
			{
				"name": "armLeft",
				"pivot": [2, 17.5, 0],
				"rotation": [0, 0, -25],
				"cubes": [
					{"origin": [2, 8.5, -1], "size": [2, 8, 2], "uv": [34, 16]},
					{"origin": [2, 9.5, -1], "size": [2, 7, 2], "uv": [27, 30], "inflate": 0.1},
					{"origin": [1.5, 9.5, -1.5], "size": [3, 3, 3], "uv": [27, 39], "inflate": 0.3}
				]
			},
			{
				"name": "armLeftPositioningBone",
				"parent": "armLeft",
				"pivot": [3, 8.5, 0]
			},
			{
				"name": "body",
				"pivot": [0, 10.5, 0],
				"cubes": [
					{"origin": [-3, 8.999, -2.5], "size": [6, 9, 5], "uv": [12, 16]},
					{"origin": [-3, 8.999, -2.5], "size": [6, 9, 5], "uv": [5, 30], "inflate": 0.3}
				]
			},
			{
				"name": "bone3",
				"parent": "body",
				"pivot": [1, 6.5, 0],
				"rotation": [9.76758, 2.15393, -27.31594],
				"cubes": [
					{"origin": [5.5, 5.5, -1], "size": [0, 6, 5], "uv": [0, 23]}
				]
			},
			{
				"name": "bone4",
				"parent": "body",
				"pivot": [-1, 6.5, 0],
				"rotation": [9.76758, -2.15393, 27.31594],
				"cubes": [
					{"origin": [-5.5, 5.5, -1], "size": [0, 6, 5], "uv": [0, 23], "mirror": true}
				]
			},
			{
				"name": "bone5",
				"parent": "body",
				"pivot": [2, 8.5, -1],
				"rotation": [22.24175, 18.54032, -38.04922],
				"cubes": [
					{"origin": [-11, 4.5, 4.5], "size": [15, 7, 0], "uv": [20, 45]}
				]
			},
			{
				"name": "bone13",
				"parent": "body",
				"pivot": [0, 13.5, 1],
				"rotation": [-17.59525, 22.18915, 22.98146],
				"cubes": [
					{"origin": [-1, 12.5, -4.2], "size": [3, 3, 0], "uv": [0, 4]}
				]
			},
			{
				"name": "bone14",
				"parent": "body",
				"pivot": [0, 13.5, 1],
				"rotation": [-17.59525, -22.18915, -22.98146],
				"cubes": [
					{"origin": [-2, 12.5, -4.2], "size": [3, 3, 0], "uv": [0, 4], "mirror": true}
				]
			},
			{
				"name": "bone19",
				"parent": "body",
				"pivot": [0, 10.5, 1],
				"rotation": [15, 0, 0],
				"cubes": [
					{"origin": [-3, 8.5, 3], "size": [6, 5, 2], "uv": [66, 43]}
				]
			},
			{
				"name": "_chestPlate",
				"parent": "body",
				"pivot": [0, 10.5, 0],
				"cubes": [
					{"origin": [-3, 8.999, -2.5], "size": [6, 9, 5], "uv": [64, 16], "inflate": 0.1}
				]
			},
			{
				"name": "bone6",
				"parent": "_chestPlate",
				"pivot": [2, 9.5, -2],
				"rotation": [25.18514, 7.70281, -31.84936],
				"cubes": [
					{"origin": [-9, 6.5, 3.5], "size": [12, 6, 0], "uv": [68, 6]}
				]
			},
			{
				"name": "chestPlate",
				"parent": "body",
				"pivot": [0, 10.5, 0],
				"cubes": [
					{"origin": [-3, 8.999, -2.5], "size": [6, 9, 5], "uv": [42, 16], "inflate": 0.1}
				]
			},
			{
				"name": "bone20",
				"parent": "chestPlate",
				"pivot": [2, 9.5, -2],
				"rotation": [25.18514, 7.70281, -31.84936],
				"cubes": [
					{"origin": [-9, 6.5, 3.5], "size": [12, 6, 0], "uv": [68, 0]}
				]
			},
			{
				"name": "legLeft",
				"pivot": [2, 9, 0],
				"cubes": [
					{"origin": [0.499, 0, -1.5], "size": [3, 9, 3], "uv": [0, 16]},
					{"origin": [0, 1.2, -2], "size": [4, 2, 4], "uv": [50, 43]}
				]
			},
			{
				"name": "bootsRight",
				"parent": "legLeft",
				"pivot": [2, 9, 0]
			},
			{
				"name": "bone21",
				"parent": "bootsRight",
				"pivot": [2, 9, 0],
				"rotation": [0, 0, -10],
				"cubes": [
					{"origin": [0, 8.3, -2.5], "size": [4, 2, 5], "uv": [84, 26], "inflate": 0.05}
				]
			},
			{
				"name": "_bootsRight",
				"parent": "legLeft",
				"pivot": [2, 9, 0]
			},
			{
				"name": "bone",
				"parent": "_bootsRight",
				"pivot": [2, 9, 0],
				"rotation": [0, 0, -10],
				"cubes": [
					{"origin": [0, 8.3, -2.5], "size": [4, 2, 5], "uv": [84, 35], "inflate": 0.05}
				]
			},
			{
				"name": "legRight",
				"pivot": [-2, 9, 0],
				"cubes": [
					{"origin": [-3.499, 0, -1.5], "size": [3, 9, 3], "uv": [0, 16]},
					{"origin": [-4, 1.2, -2], "size": [4, 2, 4], "uv": [50, 43]}
				]
			},
			{
				"name": "_bootsLeft",
				"parent": "legRight",
				"pivot": [-2, 9, 0]
			},
			{
				"name": "bone2",
				"parent": "_bootsLeft",
				"pivot": [-2, 9, 0],
				"rotation": [0, 0, 10],
				"cubes": [
					{"origin": [-4, 8.3, -2.5], "size": [4, 2, 5], "uv": [84, 35], "inflate": 0.05, "mirror": true}
				]
			},
			{
				"name": "bootsLeft",
				"parent": "legRight",
				"pivot": [-2, 9, 0]
			},
			{
				"name": "bone22",
				"parent": "bootsLeft",
				"pivot": [-2, 9, 0],
				"rotation": [0, 0, 10],
				"cubes": [
					{"origin": [-4, 8.3, -2.5], "size": [4, 2, 5], "uv": [84, 26], "inflate": 0.05, "mirror": true}
				]
			}
		]
	}
}