{
	"format_version": "1.10.0",
	"geometry.model": {
		"texturewidth": 128,
		"textureheight": 64,
		"visible_bounds_width": 3,
		"visible_bounds_height": 4,
		"visible_bounds_offset": [0, 1, 0],
		"bones": [
			{
				"name": "head",
				"pivot": [0, 18, 0],
				"cubes": [
					{"origin": [-4, 18, -4], "size": [8, 8, 8], "uv": [0, 0]},
					{"origin": [-4, 18, -4], "size": [8, 8, 8], "uv": [32, 0], "inflate": 0.3}
				]
			},
			{
				"name": "blink",
				"parent": "head",
				"pivot": [0, 18, 0],
				"cubes": [
					{"origin": [-4, 18, -4.001], "size": [8, 8, 0], "uv": [24, 0]}
				]
			},
			{
				"name": "bone7",
				"parent": "head",
				"pivot": [-2, 12, 4],
				"rotation": [24.76758, -2.15393, 12.31594],
				"cubes": [
					{"origin": [-6.6, 5, 7], "size": [6, 17, 1], "uv": [79, 0]}
				]
			},
			{
				"name": "bone9",
				"parent": "head",
				"pivot": [0, 5, 7],
				"rotation": [-7.5, 0, 15],
				"cubes": [
					{"origin": [-8.36257, 2.77244, 9.18298], "size": [6, 4, 1], "uv": [79, 18]}
				]
			},
			{
				"name": "bone10",
				"parent": "head",
				"pivot": [0, 5, 7],
				"rotation": [-7.5, 0, -15],
				"cubes": [
					{"origin": [2.36257, 2.77244, 9.18298], "size": [6, 4, 1], "uv": [79, 18], "mirror": true}
				]
			},
			{
				"name": "bone11",
				"parent": "head",
				"pivot": [0, 15, 1],
				"rotation": [-29.75327, -7.15286, -7.43713],
				"cubes": [
					{"origin": [2.5, 12, -4], "size": [2, 5, 2], "uv": [22, 9]}
				]
			},
			{
				"name": "bone12",
				"parent": "bone11",
				"pivot": [1, 14, 2],
				"rotation": [-12.5, 0, 15],
				"cubes": [
					{"origin": [2.89838, 9.13258, -3.68312], "size": [2, 3, 2], "uv": [85, 23]}
				]
			},
			{
				"name": "bone13",
				"parent": "head",
				"pivot": [0, 16, 0],
				"rotation": [-12.5, 0, -7.5],
				"cubes": [
					{"origin": [-3.8, 14.8, -5], "size": [1, 4, 1], "uv": [2, 11]}
				]
			},
			{
				"name": "bone14",
				"parent": "bone13",
				"pivot": [0, 16, 0],
				"rotation": [-14.65993, -3.21132, -17.08681],
				"cubes": [
					{"origin": [-4.25869, 12.76355, -4.60595], "size": [1, 2, 1], "uv": [80, 24]}
				]
			},
			{
				"name": "bone16",
				"parent": "head",
				"pivot": [1, 20, -1],
				"rotation": [-15, 0, -12.5],
				"cubes": [
					{"origin": [4.5, 10, -2.3], "size": [2, 14, 2], "uv": [71, 0]}
				]
			},
			{
				"name": "bone18",
				"parent": "head",
				"pivot": [2, 20, -9],
				"rotation": [-31.60659, 7.99365, 12.73415],
				"cubes": [
					{"origin": [7.26867, 13.98505, -1.34315], "size": [2, 4, 2], "uv": [71, 16]}
				]
			},
			{
				"name": "bone19",
				"parent": "head",
				"pivot": [-2, 19, -5],
				"rotation": [22.40116, 47.92894, -15.32044]
			},
			{
				"name": "bone20",
				"parent": "head",
				"pivot": [1, 19, -5],
				"rotation": [22.40116, -47.92894, 15.32044],
				"cubes": [
					{"origin": [4, 23, -7.5], "size": [0, 6, 6], "uv": [59, -6], "inflate": -0.5, "mirror": true}
				]
			},
			{
				"name": "bone22",
				"parent": "head",
				"pivot": [7, 22, 3],
				"rotation": [-140.90522, -51.92643, 162.87821],
				"cubes": [
					{"origin": [6.5, 20.7, 2], "size": [0, 6, 6], "uv": [59, -6], "inflate": -0.5, "mirror": true}
				]
			},
			{
				"name": "bone39",
				"parent": "head",
				"pivot": [2, 12, 4],
				"rotation": [24.76758, 2.15393, -12.31594],
				"cubes": [
					{"origin": [0.6, 5, 7], "size": [6, 17, 1], "uv": [79, 0], "mirror": true}
				]
			},
			{
				"name": "_helmet",
				"parent": "head",
				"pivot": [0, 18, 0]
			},
			{
				"name": "bone42",
				"parent": "_helmet",
				"pivot": [-1, 19, -5],
				"rotation": [22.40116, 47.92894, -15.32044],
				"cubes": [
					{"origin": [-4, 23, -7.5], "size": [0, 6, 6], "uv": [59, -6], "inflate": -0.5}
				]
			},
			{
				"name": "bone21",
				"parent": "_helmet",
				"pivot": [-7, 22, 3],
				"rotation": [-140.90522, 51.92643, -162.87821],
				"cubes": [
					{"origin": [-6.5, 20.7, 2], "size": [0, 6, 6], "uv": [59, -6], "inflate": -0.5}
				]
			},
			{
				"name": "bone15",
				"parent": "_helmet",
				"pivot": [-1, 20, -1],
				"rotation": [-15, 0, 12.5],
				"cubes": [
					{"origin": [-6.5, 10, -2.3], "size": [2, 14, 2], "uv": [71, 0]}
				]
			},
			{
				"name": "bone17",
				"parent": "_helmet",
				"pivot": [-2, 20, -9],
				"rotation": [-31.60659, -7.99365, -12.73415],
				"cubes": [
					{"origin": [-9.26867, 13.98505, -1.34315], "size": [2, 4, 2], "uv": [71, 16], "mirror": true}
				]
			},
			{
				"name": "armRight",
				"pivot": [-2, 17.5, 0],
				"rotation": [0, 0, 25],
				"cubes": [
					{"origin": [-4, 8.5, -1], "size": [2, 8, 2], "uv": [34, 16]}
				]
			},
			{
				"name": "armRightPositioningBone",
				"parent": "armRight",
				"pivot": [-3, 8.5, 0]
			},
			{
				"name": "_chestPlate",
				"parent": "armRight",
				"pivot": [-2, 17.5, 0],
				"cubes": [
					{"origin": [-4.5, 12.6, -1.5], "size": [3, 2, 3], "uv": [34, 26]}
				]
			},
			{
				"name": "bone8",
				"parent": "_chestPlate",
				"pivot": [-4, 13.5, 1],
				"rotation": [25, 0, 0],
				"cubes": [
					{"origin": [-4.5, 2.5, -0.5], "size": [3, 13, 3], "uv": [111, 5], "inflate": 0.001}
				]
			},
			{
				"name": "leggings",
				"parent": "armRight",
				"pivot": [-2, 17.5, 0],
				"cubes": [
					{"origin": [-5, 8, -2], "size": [4, 5, 4], "uv": [0, 40]},
					{"origin": [-5, 8, -2], "size": [4, 5, 4], "uv": [0, 49], "inflate": -0.4},
					{"origin": [-3, 12, -1.5], "size": [1, 5, 3], "uv": [16, 44], "inflate": -0.2}
				]
			},
			{
				"name": "armLeft",
				"pivot": [2, 17.5, 0],
				"rotation": [0, 0, -25],
				"cubes": [
					{"origin": [2, 8.5, -1], "size": [2, 8, 2], "uv": [34, 16], "mirror": true}
				]
			},
			{
				"name": "armLeftPositioningBone",
				"parent": "armLeft",
				"pivot": [3, 8.5, 0]
			},
			{
				"name": "_chestPlateLeft",
				"parent": "armLeft",
				"pivot": [2, 17.5, 0],
				"cubes": [
					{"origin": [1.5, 12.6, -1.5], "size": [3, 2, 3], "uv": [34, 26]}
				]
			},
			{
				"name": "bone40",
				"parent": "_chestPlateLeft",
				"pivot": [4, 13.5, 1],
				"rotation": [25, 0, 0],
				"cubes": [
					{"origin": [1.5, 2.5, -0.5], "size": [3, 13, 3], "uv": [111, 5], "inflate": 0.001, "mirror": true}
				]
			},
			{
				"name": "leggingsLeft",
				"parent": "armLeft",
				"pivot": [8, 17.5, 0],
				"cubes": [
					{"origin": [1, 8, -2], "size": [4, 5, 4], "uv": [0, 40]},
					{"origin": [1, 8, -2], "size": [4, 5, 4], "uv": [0, 49], "inflate": -0.4},
					{"origin": [2, 12, -1.5], "size": [1, 5, 3], "uv": [16, 44], "inflate": -0.2}
				]
			},
			{
				"name": "body",
				"pivot": [0, 10.5, 0]
			},
			{
				"name": "sittingRotationSkirt",
				"parent": "body",
				"pivot": [0, 10.5, 0]
			},
			{
				"name": "bone",
				"parent": "sittingRotationSkirt",
				"pivot": [0, 10.5, 0],
				"rotation": [0, 0, -10],
				"cubes": [
					{"origin": [-0.5, 8.5, -2.5], "size": [4, 3, 5], "uv": [93, 12], "inflate": 0.2}
				]
			},
			{
				"name": "bone2",
				"parent": "sittingRotationSkirt",
				"pivot": [0, 10.5, 0],
				"rotation": [0, 0, 10],
				"cubes": [
					{"origin": [-3.5, 8.5, -2.5], "size": [4, 3, 5], "uv": [93, 20], "inflate": 0.2}
				]
			},
			{
				"name": "_chestPlateMiddle",
				"parent": "body",
				"pivot": [0, 10.5, 0],
				"cubes": [
					{"origin": [-3, 8.999, -2.5], "size": [6, 9, 5], "uv": [12, 16]},
					{"origin": [-3, 8.999, -2.5], "size": [6, 9, 5], "uv": [12, 30], "inflate": 0.3}
				]
			},
			{
				"name": "xiong",
				"parent": "_chestPlateMiddle",
				"pivot": [0, 10.5, 0]
			},
			{
				"name": "bone3",
				"parent": "xiong",
				"pivot": [-3, 9.5, -2],
				"rotation": [-27.51365, -2.41476, 10.64743],
				"cubes": [
					{"origin": [-4.2, 14, -6], "size": [2.4, 3, 1], "uv": [65, 6]}
				]
			},
			{
				"name": "bone4",
				"parent": "xiong",
				"pivot": [3, 9.5, -2],
				"rotation": [-27.51365, 2.41476, -10.64743],
				"cubes": [
					{"origin": [1.8, 14, -6], "size": [2.4, 3, 1], "uv": [65, 10]}
				]
			},
			{
				"name": "bone5",
				"parent": "_chestPlateMiddle",
				"pivot": [-3, 13.5, -2],
				"rotation": [-28.34408, 10.05471, 34.84822],
				"cubes": [
					{"origin": [-4.8, 13, -4.8], "size": [2.8, 5, 0], "uv": [4, 0], "mirror": true}
				]
			},
			{
				"name": "bone6",
				"parent": "_chestPlateMiddle",
				"pivot": [3, 13.5, -2],
				"rotation": [-28.34408, -10.05471, -34.84822],
				"cubes": [
					{"origin": [2, 13, -4.8], "size": [2.8, 5, 0], "uv": [4, 0]}
				]
			},
			{
				"name": "bone41",
				"parent": "_chestPlateMiddle",
				"pivot": [0, 10.5, 1],
				"rotation": [12.5, 0, 0],
				"cubes": [
					{"origin": [-2, 14.5, 4.2], "size": [4, 3, 0], "uv": [57, 16]}
				]
			},
			{
				"name": "v",
				"parent": "_chestPlateMiddle",
				"pivot": [0, 10.5, 0]
			},
			{
				"name": "bone23",
				"parent": "v",
				"pivot": [0, 10.5, 0]
			},
			{
				"name": "bone24",
				"parent": "bone23",
				"pivot": [0, 14.5, 0],
				"rotation": [-32.5, 0, 0],
				"cubes": [
					{"origin": [-1, 14.5, 4], "size": [2, 2, 2], "uv": [69, 26]},
					{"origin": [1.05, 14.5, 3.7], "size": [2, 2, 2], "uv": [69, 22]},
					{"origin": [-3.05, 14.5, 3.7], "size": [2, 2, 2], "uv": [69, 22]},
					{"origin": [-5.11, 14.5, 3], "size": [2, 2, 2], "uv": [69, 26]},
					{"origin": [3.11, 14.5, 3], "size": [2, 2, 2], "uv": [69, 26]}
				]
			},
			{
				"name": "bone25",
				"parent": "bone23",
				"pivot": [0, 7.5, 1],
				"rotation": [30, 0, 0],
				"cubes": [
					{"origin": [-1, 7.5, 5], "size": [2, 2, 2], "uv": [69, 26]},
					{"origin": [1.1, 7.5, 4.7], "size": [2, 2, 2], "uv": [69, 22]},
					{"origin": [-3.1, 7.5, 4.7], "size": [2, 2, 2], "uv": [69, 22]},
					{"origin": [-5.1, 8.5, 4.5], "size": [2, 2, 2], "uv": [69, 26]},
					{"origin": [3.1, 8.5, 4.5], "size": [2, 2, 2], "uv": [69, 26]}
				]
			},
			{
				"name": "bone35",
				"parent": "bone23",
				"pivot": [0, 10.5, 0]
			},
			{
				"name": "bone36",
				"parent": "bone35",
				"pivot": [3, 4.5, 0],
				"rotation": [36.70688, 17.45889, -7.98468],
				"cubes": [
					{"origin": [-1, -4, 6], "size": [7, 11, 0], "uv": [43, 16]}
				]
			},
			{
				"name": "bone37",
				"parent": "bone35",
				"pivot": [-3, 4.5, 0],
				"rotation": [36.70688, -17.45889, 7.98468],
				"cubes": [
					{"origin": [-6, -4, 6], "size": [7, 11, 0], "uv": [43, 16], "mirror": true}
				]
			},
			{
				"name": "bone38",
				"parent": "bone35",
				"pivot": [0, 1.5, 3],
				"rotation": [37.5, 0, 0],
				"cubes": [
					{"origin": [-3, -3.3, 9], "size": [6, 11, 0], "uv": [57, 19]}
				]
			},
			{
				"name": "bone26",
				"parent": "v",
				"pivot": [1, 10.5, 1],
				"rotation": [44.00703, 68.90942, 45.99297]
			},
			{
				"name": "bone27",
				"parent": "bone26",
				"pivot": [1, 14.5, 0],
				"rotation": [-32.5, 0, 0],
				"cubes": [
					{"origin": [-0.1, 14.5, 4.5], "size": [2, 2, 2], "uv": [69, 26]},
					{"origin": [2, 14.5, 4], "size": [2, 2, 2], "uv": [69, 22]},
					{"origin": [4.1, 14.5, 3], "size": [2, 2, 2], "uv": [69, 26]}
				]
			},
			{
				"name": "bone28",
				"parent": "bone26",
				"pivot": [1, 7.5, 1],
				"rotation": [30, 0, 0],
				"cubes": [
					{"origin": [0, 7.5, 5.5], "size": [2, 2, 2], "uv": [69, 26]},
					{"origin": [2, 7.5, 5], "size": [2, 2, 2], "uv": [69, 22]},
					{"origin": [3.9, 8.5, 4.5], "size": [2, 2, 2], "uv": [69, 26]}
				]
			},
			{
				"name": "bone29",
				"parent": "v",
				"pivot": [-2, 9.5, -3],
				"rotation": [35.08631, -68.77348, -32.79005]
			},
			{
				"name": "bone30",
				"parent": "bone29",
				"pivot": [-2, 13.5, -4],
				"rotation": [-32.5, 0, 0],
				"cubes": [
					{"origin": [1.1, 13.5, 0.5], "size": [2, 2, 2], "uv": [69, 26]},
					{"origin": [-1, 13.5, 0], "size": [2, 2, 2], "uv": [69, 22]},
					{"origin": [-3.1, 13.5, -1], "size": [2, 2, 2], "uv": [69, 26]}
				]
			},
			{
				"name": "bone31",
				"parent": "bone29",
				"pivot": [-2, 6.5, -3],
				"rotation": [30, 0, 0],
				"cubes": [
					{"origin": [1.2, 6.5, 1.5], "size": [2, 2, 2], "uv": [69, 26]},
					{"origin": [-1, 6.5, 1], "size": [2, 2, 2], "uv": [69, 22]},
					{"origin": [-2.9, 7.5, 0.5], "size": [2, 2, 2], "uv": [69, 26]}
				]
			},
			{
				"name": "bone32",
				"parent": "bone29",
				"pivot": [-2, 8.5, -3],
				"rotation": [37.92445, 7.9185, 6.12673],
				"cubes": [
					{"origin": [-3, -4.5, 1], "size": [7, 11, 0], "uv": [43, 16]}
				]
			},
			{
				"name": "bone33",
				"parent": "v",
				"pivot": [2, 9.5, -3],
				"rotation": [35.08631, 68.77348, 32.79005]
			},
			{
				"name": "bone34",
				"parent": "bone33",
				"pivot": [2, 8.5, -3],
				"rotation": [37.92445, -7.9185, -6.12673],
				"cubes": [
					{"origin": [-4, -4.5, 1], "size": [7, 11, 0], "uv": [43, 16], "mirror": true}
				]
			},
			{
				"name": "chestPlate",
				"parent": "body",
				"pivot": [0, 10.5, 0],
				"cubes": [
					{"origin": [-3, 8.999, -2.5], "size": [6, 9, 5], "uv": [34, 31]},
					{"origin": [-3, 9.999, -2.5], "size": [6, 7, 5], "uv": [56, 33], "inflate": 0.3}
				]
			},
			{
				"name": "bone43",
				"parent": "chestPlate",
				"pivot": [0, 16.5, -1],
				"rotation": [-25, 0, 0],
				"cubes": [
					{"origin": [-3, 13.92215, -2.60586], "size": [6, 3, 2], "uv": [108, 0], "inflate": -0.1}
				]
			},
			{
				"name": "leggingsMiddle",
				"parent": "body",
				"pivot": [0, 10.5, 0],
				"cubes": [
					{"origin": [-5, 8.5, -2.5], "size": [10, 6, 6], "uv": [78, 28]},
					{"origin": [-5, 8.5, -2.5], "size": [10, 6, 6], "uv": [72, 40], "inflate": -0.4}
				]
			},
			{
				"name": "legLeft",
				"pivot": [2, 9, 0]
			},
			{
				"name": "_bootsLeft",
				"parent": "legLeft",
				"pivot": [2, 9, 0],
				"cubes": [
					{"origin": [0.499, 0, -1.5], "size": [3, 9, 3], "uv": [0, 28]}
				]
			},
			{
				"name": "bootsLeft",
				"parent": "legLeft",
				"pivot": [2, 9, 0],
				"cubes": [
					{"origin": [0.499, 0, -1.5], "size": [3, 9, 3], "uv": [96, 0]}
				]
			},
			{
				"name": "legRight",
				"pivot": [-2, 9, 0]
			},
			{
				"name": "_bootsRight",
				"parent": "legRight",
				"pivot": [-2, 9, 0],
				"cubes": [
					{"origin": [-3.499, 0, -1.5], "size": [3, 9, 3], "uv": [0, 16]}
				]
			},
			{
				"name": "bootsRight",
				"parent": "legRight",
				"pivot": [-2, 9, 0],
				"cubes": [
					{"origin": [-3.499, 0, -1.5], "size": [3, 9, 3], "uv": [96, 0]}
				]
			}
		]
	}
}