{
	"format_version": "1.10.0",
	"geometry.model": {
		"texturewidth": 72,
		"textureheight": 72,
		"visible_bounds_width": 3,
		"visible_bounds_height": 4,
		"visible_bounds_offset": [0, 1, 0],
		"bones": [
			{
				"name": "head",
				"pivot": [0, 18, 0],
				"cubes": [
					{"origin": [-4, 18, -4], "size": [8, 8, 8], "uv": [0, 0]},
					{"origin": [-4, 18, -4], "size": [8, 8, 8], "uv": [32, 0], "inflate": 0.3}
				]
			},
			{
				"name": "bone99",
				"parent": "head",
				"pivot": [1, 16, -3],
				"rotation": [-14.65993, -3.21132, -12.08681],
				"cubes": [
					{"origin": [5.5, 11, -4], "size": [2, 13, 2], "uv": [56, 16]}
				]
			},
			{
				"name": "bone10",
				"parent": "bone99",
				"pivot": [-1, 23, -7],
				"rotation": [-24.14867, -20.70481, 61.50717],
				"cubes": [
					{"origin": [2, 28, -9], "size": [2, 2, 1], "uv": [0, 5]}
				]
			},
			{
				"name": "bone",
				"parent": "head",
				"pivot": [6, 14, 0],
				"rotation": [17.5, 0, -22.5],
				"cubes": [
					{"origin": [2, 14, 5], "size": [5, 7, 1], "uv": [56, 0]}
				]
			},
			{
				"name": "bone2",
				"parent": "head",
				"pivot": [-6, 14, 0],
				"rotation": [17.5, 0, 22.5],
				"cubes": [
					{"origin": [-7, 14, 5], "size": [5, 7, 1], "uv": [56, 0], "mirror": true}
				]
			},
			{
				"name": "bone3",
				"parent": "head",
				"pivot": [0, 11, 1],
				"rotation": [40.10455, 14.24, -37.78381],
				"cubes": [
					{"origin": [1.9, 3, 5.4], "size": [5, 6, 1], "uv": [28, 46]}
				]
			},
			{
				"name": "bone4",
				"parent": "head",
				"pivot": [0, 11, 1],
				"rotation": [40.10455, -14.24, 37.78381],
				"cubes": [
					{"origin": [-6.9, 3, 5.4], "size": [5, 6, 1], "uv": [28, 46], "mirror": true}
				]
			},
			{
				"name": "bone5",
				"parent": "head",
				"pivot": [4, 0, 1],
				"rotation": [57.37472, 31.26463, -54.36302],
				"cubes": [
					{"origin": [8, -12, 11.5], "size": [5, 5, 1], "uv": [34, 26]}
				]
			},
			{
				"name": "bone6",
				"parent": "head",
				"pivot": [-4, 0, 1],
				"rotation": [57.37472, -31.26463, 54.36302],
				"cubes": [
					{"origin": [-13, -12, 11.5], "size": [5, 5, 1], "uv": [34, 26], "mirror": true}
				]
			},
			{
				"name": "bone7",
				"parent": "head",
				"pivot": [0, 15, -1],
				"rotation": [32.5, 0, 0],
				"cubes": [
					{"origin": [-3.5, 10, 5], "size": [7, 6, 1], "uv": [0, 56]}
				]
			},
			{
				"name": "bone8",
				"parent": "bone7",
				"pivot": [0, 8, -2],
				"rotation": [27.5, 0, 0],
				"cubes": [
					{"origin": [-3.5, -1.5, 5], "size": [7, 9, 1], "uv": [16, 56]}
				]
			},
			{
				"name": "bone9",
				"parent": "head",
				"pivot": [0, 14, 3],
				"rotation": [-10, 0, 0],
				"cubes": [
					{"origin": [-4, 14, -5], "size": [1, 4, 1], "uv": [19, 10], "inflate": 0.01},
					{"origin": [3, 14, -5], "size": [1, 4, 1], "uv": [19, 10], "inflate": 0.01, "mirror": true}
				]
			},
			{
				"name": "bone11",
				"parent": "head",
				"pivot": [0, 17, 0],
				"rotation": [-22.5, 0, 0],
				"cubes": [
					{"origin": [-5, 18.5, -3], "size": [10, 1, 0], "uv": [20, 45]}
				]
			},
			{
				"name": "_helmet",
				"parent": "head",
				"pivot": [0, 18, 0]
			},
			{
				"name": "blink",
				"parent": "_helmet",
				"pivot": [0, 18, 0],
				"cubes": [
					{"origin": [-4, 18, -4.001], "size": [8, 8, 0], "uv": [24, 0]}
				]
			},
			{
				"name": "helmet",
				"parent": "head",
				"pivot": [0, 18, 0]
			},
			{
				"name": "r",
				"parent": "helmet",
				"pivot": [0, 18, 0],
				"cubes": [
					{"origin": [-4, 19, -4.001], "size": [8, 3, 0], "uv": [32, 58]}
				]
			},
			{
				"name": "armRight",
				"pivot": [-2, 17.5, 0],
				"rotation": [0, 0, 25],
				"cubes": [
					{"origin": [-4, 8.5, -1], "size": [2, 8, 2], "uv": [48, 16], "inflate": 0.1},
					{"origin": [-5, 8.8, -2], "size": [4, 6, 4], "uv": [0, 40]}
				]
			},
			{
				"name": "armRightPositioningBone",
				"parent": "armRight",
				"pivot": [-3, 8.5, 0]
			},
			{
				"name": "armLeft",
				"pivot": [2, 17.5, 0],
				"rotation": [0, 0, -25],
				"cubes": [
					{"origin": [2, 8.5, -1], "size": [2, 8, 2], "uv": [48, 16], "inflate": 0.1, "mirror": true},
					{"origin": [1, 8.8, -2], "size": [4, 6, 4], "uv": [0, 40], "mirror": true}
				]
			},
			{
				"name": "armLeftPositioningBone",
				"parent": "armLeft",
				"pivot": [3, 8.5, 0]
			},
			{
				"name": "body",
				"pivot": [0, 10.5, 0],
				"cubes": [
					{"origin": [-3, 8.999, -2.5], "size": [6, 9, 5], "uv": [12, 16]},
					{"origin": [-3, 8.999, -2], "size": [6, 9, 4], "uv": [12, 30], "inflate": 0.6}
				]
			},
			{
				"name": "legLeft",
				"pivot": [2, 9, 0],
				"cubes": [
					{"origin": [0.499, 0, -1.5], "size": [3, 9, 3], "uv": [0, 16]},
					{"origin": [0, 5, -2], "size": [4, 2, 4], "uv": [44, 28], "inflate": -0.2}
				]
			},
			{
				"name": "legRight",
				"pivot": [-2, 9, 0],
				"cubes": [
					{"origin": [-3.499, 0, -1.5], "size": [3, 9, 3], "uv": [0, 28]},
					{"origin": [-4, 1, -2], "size": [4, 2, 4], "uv": [44, 28], "inflate": -0.2, "mirror": true}
				]
			},
			{
				"name": "wingLeft",
				"pivot": [1.5, 15, 3.25],
				"rotation": [0, 60, 0],
				"cubes": [
					{"origin": [2, 3, 3], "size": [0, 24, 13], "uv": [42, 21]}
				]
			},
			{
				"name": "chestPlate",
				"parent": "wingLeft",
				"pivot": [1.5, 21, 6.25],
				"rotation": [-57.5, 0, 0],
				"cubes": [
					{"origin": [1, 18.9, 11.5], "size": [2, 5, 8], "uv": [8, 43], "inflate": 0.05}
				]
			},
			{
				"name": "bone12",
				"parent": "wingLeft",
				"pivot": [1.5, 14, 3.25],
				"rotation": [20, 0, 0],
				"cubes": [
					{"origin": [1.5, 11, 2.25], "size": [1, 2, 6], "uv": [26, 37], "inflate": -0.2}
				]
			},
			{
				"name": "bone13",
				"parent": "bone12",
				"pivot": [1.5, 12, 3.25],
				"rotation": [32.5, 0, 0],
				"cubes": [
					{"origin": [1.5, 8.6, 6.7], "size": [1, 2, 6], "uv": [26, 37], "inflate": -0.199}
				]
			},
			{
				"name": "bone14",
				"parent": "wingLeft",
				"pivot": [1.5, 12, 5.25],
				"rotation": [25, 0, 0],
				"cubes": [
					{"origin": [1.7, 7.5, 11], "size": [1, 7, 3], "uv": [34, 33], "inflate": -0.3}
				]
			},
			{
				"name": "bone15",
				"parent": "bone14",
				"pivot": [1.5, 7, 5.25],
				"rotation": [-7.5, 0, 0],
				"cubes": [
					{"origin": [1.7, 2.1961, 10.82329], "size": [1, 7, 3], "uv": [34, 16], "inflate": -0.24}
				]
			},
			{
				"name": "bone16",
				"parent": "wingLeft",
				"pivot": [1.5, 14, 3.25],
				"rotation": [12.5, 0, 0],
				"cubes": [
					{"origin": [1.6, 8.6, 9], "size": [1, 6, 3], "uv": [34, 33], "inflate": -0.3}
				]
			},
			{
				"name": "bone17",
				"parent": "bone16",
				"pivot": [1.5, 9, 3.25],
				"rotation": [-7.5, 0, 0],
				"cubes": [
					{"origin": [1.6, 5.5, 8.82329], "size": [1, 5, 3], "uv": [34, 18], "inflate": -0.27}
				]
			},
			{
				"name": "bone18",
				"parent": "wingLeft",
				"pivot": [1.5, 15, 1.25],
				"cubes": [
					{"origin": [1.5, 10.6, 7.3], "size": [1, 4, 3], "uv": [34, 33], "inflate": -0.3}
				]
			},
			{
				"name": "bone19",
				"parent": "bone18",
				"pivot": [1.5, 10, 1.25],
				"rotation": [-7.5, 0, 0],
				"cubes": [
					{"origin": [1.5, 8.5, 7.1], "size": [1, 4, 3], "uv": [34, 19], "inflate": -0.25}
				]
			},
			{
				"name": "bone20",
				"parent": "wingLeft",
				"pivot": [1.5, 18, 3.25],
				"rotation": [-22.5, 0, 0],
				"cubes": [
					{"origin": [1.4, 11, 7.2], "size": [1, 4, 3], "uv": [34, 19], "inflate": -0.299}
				]
			},
			{
				"name": "wingRight",
				"pivot": [-1.5, 15, 3.25],
				"rotation": [0, -60, 0],
				"cubes": [
					{"origin": [-2, 3, 3], "size": [0, 24, 13], "uv": [42, 21], "mirror": true}
				]
			},
			{
				"name": "chestPlateLeft",
				"parent": "wingRight",
				"pivot": [-1.5, 21, 7.25],
				"rotation": [-57.5, 0, 0],
				"cubes": [
					{"origin": [-3, 18.1, 11.9], "size": [2, 5, 8], "uv": [8, 43], "inflate": 0.05, "mirror": true}
				]
			},
			{
				"name": "bone21",
				"parent": "wingRight",
				"pivot": [-1.5, 14, 3.25],
				"rotation": [20, 0, 0]
			},
			{
				"name": "bone22",
				"parent": "bone21",
				"pivot": [-1.5, 12, 3.25],
				"rotation": [32.5, 0, 0],
				"cubes": [
					{"origin": [-2.5, 8.6, 6.7], "size": [1, 2, 6], "uv": [26, 37], "inflate": -0.199, "mirror": true}
				]
			},
			{
				"name": "bone23",
				"parent": "wingRight",
				"pivot": [-1.5, 14, 3.25],
				"rotation": [20, 0, 0],
				"cubes": [
					{"origin": [-2.5, 11, 2.25], "size": [1, 2, 6], "uv": [26, 37], "inflate": -0.2, "mirror": true}
				]
			},
			{
				"name": "bone24",
				"parent": "wingRight",
				"pivot": [-1.5, 12, 5.25],
				"rotation": [25, 0, 0],
				"cubes": [
					{"origin": [-2.7, 7.5, 11], "size": [1, 7, 3], "uv": [34, 33], "inflate": -0.3, "mirror": true}
				]
			},
			{
				"name": "bone25",
				"parent": "wingRight",
				"pivot": [-1.5, 12, 5.25],
				"rotation": [25, 0, 0]
			},
			{
				"name": "bone26",
				"parent": "bone25",
				"pivot": [-1.5, 7, 5.25],
				"rotation": [-7.5, 0, 0],
				"cubes": [
					{"origin": [-2.7, 2.1961, 10.82329], "size": [1, 7, 3], "uv": [34, 16], "inflate": -0.24, "mirror": true}
				]
			},
			{
				"name": "bone27",
				"parent": "wingRight",
				"pivot": [-1.5, 14, 3.25],
				"rotation": [12.5, 0, 0],
				"cubes": [
					{"origin": [-2.6, 8.6, 9], "size": [1, 6, 3], "uv": [34, 33], "inflate": -0.3, "mirror": true}
				]
			},
			{
				"name": "bone28",
				"parent": "wingRight",
				"pivot": [-1.5, 14, 3.25],
				"rotation": [12.5, 0, 0]
			},
			{
				"name": "bone29",
				"parent": "bone28",
				"pivot": [-1.5, 9, 3.25],
				"rotation": [-7.5, 0, 0],
				"cubes": [
					{"origin": [-2.6, 5.5, 8.82329], "size": [1, 5, 3], "uv": [34, 18], "inflate": -0.27, "mirror": true}
				]
			},
			{
				"name": "bone30",
				"parent": "wingRight",
				"pivot": [-1.5, 15, 1.25],
				"cubes": [
					{"origin": [-2.5, 10.6, 7.3], "size": [1, 4, 3], "uv": [34, 33], "inflate": -0.3, "mirror": true}
				]
			},
			{
				"name": "bone31",
				"parent": "wingRight",
				"pivot": [-1.5, 15, 1.25]
			},
			{
				"name": "bone32",
				"parent": "bone31",
				"pivot": [-1.5, 10, 1.25],
				"rotation": [-7.5, 0, 0],
				"cubes": [
					{"origin": [-2.5, 8.5, 7.1], "size": [1, 4, 3], "uv": [34, 19], "inflate": -0.25, "mirror": true}
				]
			},
			{
				"name": "bone33",
				"parent": "wingRight",
				"pivot": [-1.5, 18, 3.25],
				"rotation": [-22.5, 0, 0],
				"cubes": [
					{"origin": [-2.4, 11, 7.2], "size": [1, 4, 3], "uv": [34, 19], "inflate": -0.299, "mirror": true}
				]
			}
		]
	}
}