{
	"format_version": "1.10.0",
	"geometry.model": {
		"texturewidth": 96,
		"textureheight": 64,
		"visible_bounds_width": 3,
		"visible_bounds_height": 4,
		"visible_bounds_offset": [0, 1, 0],
		"bones": [
			{
				"name": "head",
				"pivot": [0, 18, 0]
			},
			{
				"name": "blink",
				"parent": "head",
				"pivot": [0, 18, 0],
				"cubes": [
					{"origin": [-4, 18, -4.001], "size": [8, 8, 0], "uv": [24, 0]}
				]
			},
			{
				"name": "bone8",
				"parent": "head",
				"pivot": [2, 12, 3],
				"rotation": [15, 0, -12.5],
				"cubes": [
					{"origin": [3, 12, 6], "size": [3, 10, 1], "uv": [48, 16]}
				]
			},
			{
				"name": "bone9",
				"parent": "head",
				"pivot": [-2, 12, 3],
				"rotation": [15, 0, 12.5],
				"cubes": [
					{"origin": [-6, 12, 6], "size": [3, 10, 1], "uv": [48, 16], "mirror": true}
				]
			},
			{
				"name": "bone10",
				"parent": "head",
				"pivot": [-3, 13, 0],
				"rotation": [-12.35932, 2.24944, -40.34344],
				"cubes": [
					{"origin": [1.3, 5.8, 7], "size": [3, 5, 1], "uv": [56, 0]}
				]
			},
			{
				"name": "bone11",
				"parent": "head",
				"pivot": [3, 13, 0],
				"rotation": [-12.35932, -2.24944, 40.34344],
				"cubes": [
					{"origin": [-4.3, 5.8, 7], "size": [3, 5, 1], "uv": [56, 0], "mirror": true}
				]
			},
			{
				"name": "bone12",
				"parent": "head",
				"pivot": [-5, 7, 6],
				"rotation": [-42.5, 0, -67.5],
				"cubes": [
					{"origin": [1.4, -4.1, 11.5], "size": [3, 4, 1], "uv": [0, 0]}
				]
			},
			{
				"name": "bone13",
				"parent": "head",
				"pivot": [5, 7, 6],
				"rotation": [-42.5, 0, 67.5],
				"cubes": [
					{"origin": [-4.4, -4.1, 11.5], "size": [3, 4, 1], "uv": [0, 0], "mirror": true}
				]
			},
			{
				"name": "bone23",
				"parent": "head",
				"pivot": [0, 14, 0],
				"rotation": [-10, 0, 0],
				"cubes": [
					{"origin": [-4, 14, -5], "size": [1, 4, 1], "uv": [17, 11], "inflate": 0.01},
					{"origin": [3, 14, -5], "size": [1, 4, 1], "uv": [17, 11], "inflate": 0.01, "mirror": true}
				]
			},
			{
				"name": "bone24",
				"parent": "bone23",
				"pivot": [-4, 13, -2],
				"rotation": [12.2127, -2.68507, 27.2127],
				"cubes": [
					{"origin": [-9, 19, -3], "size": [2, 4, 2], "uv": [16, 10]}
				]
			},
			{
				"name": "bone25",
				"parent": "bone23",
				"pivot": [4, 13, -2],
				"rotation": [12.2127, 2.68507, -27.2127],
				"cubes": [
					{"origin": [7, 19, -3], "size": [2, 4, 2], "uv": [16, 10], "mirror": true}
				]
			},
			{
				"name": "helmet",
				"parent": "head",
				"pivot": [0, 18, 0],
				"cubes": [
					{"origin": [-4, 18, -4], "size": [8, 8, 8], "uv": [0, 0]},
					{"origin": [-4, 18, -4], "size": [8, 8, 8], "uv": [32, 0], "inflate": 0.3}
				]
			},
			{
				"name": "bone",
				"parent": "helmet",
				"pivot": [3, 20, -5],
				"rotation": [-27.34792, -63.75421, 11.79883],
				"cubes": [
					{"origin": [6, 23, -6], "size": [6, 6, 0], "uv": [14, 46]},
					{"origin": [6, 23, -7], "size": [5, 5, 0], "uv": [0, 37]}
				]
			},
			{
				"name": "bone101",
				"parent": "helmet",
				"pivot": [0, 17, -1],
				"rotation": [-10, 0, 0],
				"cubes": [
					{"origin": [-4.5, 23, -5.5], "size": [9, 3, 9], "uv": [58, 7]}
				]
			},
			{
				"name": "bone20",
				"parent": "bone101",
				"pivot": [1, 17, 2],
				"rotation": [0, -90, -62.5],
				"cubes": [
					{"origin": [-7, 15.5, -5], "size": [10, 1, 0], "uv": [0, 45]}
				]
			},
			{
				"name": "bone19",
				"parent": "bone101",
				"pivot": [4, 17, -2],
				"rotation": [-50, 0, 0],
				"cubes": [
					{"origin": [-5, 17, -9], "size": [10, 1, 0], "uv": [0, 45]}
				]
			},
			{
				"name": "bone21",
				"parent": "bone101",
				"pivot": [-1, 17, 2],
				"rotation": [0, 90, 62.5],
				"cubes": [
					{"origin": [-3, 15.5, -5], "size": [10, 1, 0], "uv": [0, 45], "mirror": true}
				]
			},
			{
				"name": "bone22",
				"parent": "bone101",
				"pivot": [-4, 16, 1],
				"rotation": [117.5, 0, 180],
				"cubes": [
					{"origin": [-13, 16, -6.5], "size": [10, 1, 0], "uv": [0, 45]}
				]
			},
			{
				"name": "bone26",
				"parent": "bone101",
				"pivot": [0, 23, -5],
				"rotation": [17.5, 0, 0],
				"cubes": [
					{"origin": [-1, 23, -6], "size": [2, 3, 1], "uv": [29, 16]}
				]
			},
			{
				"name": "belt",
				"parent": "helmet",
				"pivot": [7, 16, 3],
				"rotation": [31.27599, 8.89351, -34.65359],
				"cubes": [
					{"origin": [7, 16, 8], "size": [1, 7, 0], "uv": [56, 16]}
				]
			},
			{
				"name": "belt2",
				"parent": "helmet",
				"pivot": [-7, 16, 3],
				"rotation": [31.27599, -8.89351, 34.65359],
				"cubes": [
					{"origin": [-8, 16, 8], "size": [1, 7, 0], "uv": [56, 16], "mirror": true}
				]
			},
			{
				"name": "bone18",
				"parent": "helmet",
				"pivot": [-1, 18, 0],
				"rotation": [0, 0, -10],
				"cubes": [
					{"origin": [5, 17, -1], "size": [1, 4, 1], "uv": [14, 31]}
				]
			},
			{
				"name": "_helmet",
				"parent": "head",
				"pivot": [0, 18, 0],
				"cubes": [
					{"origin": [-4, 18, -4], "size": [8, 8, 8], "uv": [48, 23]},
					{"origin": [-4, 18, -4], "size": [8, 8, 8], "uv": [30, 39], "inflate": 0.3}
				]
			},
			{
				"name": "armRight",
				"pivot": [-2, 17.5, 0],
				"rotation": [0, 0, 25],
				"cubes": [
					{"origin": [-4, 8.5, -1], "size": [2, 8, 2], "uv": [34, 25], "inflate": 0.1, "mirror": true}
				]
			},
			{
				"name": "bone2",
				"parent": "armRight",
				"pivot": [-1, 17.5, 1],
				"rotation": [0, 0, 17.5],
				"cubes": [
					{"origin": [-3, 8.5, -2], "size": [3, 5, 4], "uv": [34, 16], "inflate": 0.01}
				]
			},
			{
				"name": "bone4",
				"parent": "armRight",
				"pivot": [-4, 17.5, 0],
				"rotation": [0, 0, -15],
				"cubes": [
					{"origin": [-5, 8.5, -2], "size": [2, 5, 4], "uv": [0, 28]}
				]
			},
			{
				"name": "armRightPositioningBone",
				"parent": "armRight",
				"pivot": [-3, 8.5, 0]
			},
			{
				"name": "armLeft",
				"pivot": [2, 17.5, 0],
				"rotation": [0, 0, -25],
				"cubes": [
					{"origin": [2, 8.5, -1], "size": [2, 8, 2], "uv": [34, 25], "inflate": 0.1}
				]
			},
			{
				"name": "bone3",
				"parent": "armLeft",
				"pivot": [1, 17.5, 1],
				"rotation": [0, 0, -17.5],
				"cubes": [
					{"origin": [0, 8.5, -2], "size": [3, 5, 4], "uv": [34, 16], "inflate": 0.01, "mirror": true}
				]
			},
			{
				"name": "bone5",
				"parent": "armLeft",
				"pivot": [4, 17.5, 0],
				"rotation": [0, 0, 15],
				"cubes": [
					{"origin": [3, 8.5, -2], "size": [2, 5, 4], "uv": [0, 28], "mirror": true}
				]
			},
			{
				"name": "armLeftPositioningBone",
				"parent": "armLeft",
				"pivot": [3, 8.5, 0]
			},
			{
				"name": "body",
				"pivot": [0, 10.5, 0],
				"cubes": [
					{"origin": [-3, 8.999, -2.5], "size": [6, 9, 5], "uv": [12, 16]},
					{"origin": [-3, 8.999, -3], "size": [6, 9, 6], "uv": [12, 30], "inflate": 0.3}
				]
			},
			{
				"name": "bone16",
				"parent": "body",
				"pivot": [-6, 11.5, -1],
				"rotation": [-9.42077, 2.7389, 47.35802],
				"cubes": [
					{"origin": [-9, 16.5, -4], "size": [4, 2, 1], "uv": [20, 52]}
				]
			},
			{
				"name": "bone17",
				"parent": "body",
				"pivot": [6, 11.5, -1],
				"rotation": [-9.42077, -2.7389, -47.35802],
				"cubes": [
					{"origin": [5, 16.5, -4], "size": [4, 2, 1], "uv": [20, 52], "mirror": true}
				]
			},
			{
				"name": "f",
				"parent": "body",
				"pivot": [0, 10.5, 0]
			},
			{
				"name": "bone15",
				"parent": "f",
				"pivot": [-1, 9.5, 2],
				"rotation": [19.37006, -5.07855, 14.13272],
				"cubes": [
					{"origin": [-4, 4.5, 3], "size": [4, 9, 1], "uv": [62, 45], "mirror": true}
				]
			},
			{
				"name": "bone14",
				"parent": "f",
				"pivot": [1, 9.5, 2],
				"rotation": [19.37006, 5.07855, -14.13272],
				"cubes": [
					{"origin": [0, 4.5, 3], "size": [4, 9, 1], "uv": [62, 45]}
				]
			},
			{
				"name": "legLeft",
				"pivot": [2, 9, 0],
				"cubes": [
					{"origin": [0.499, 0, -1.5], "size": [3, 9, 3], "uv": [0, 16]}
				]
			},
			{
				"name": "bone6",
				"parent": "legLeft",
				"pivot": [2, 9, -1],
				"rotation": [0, 0, -17.5],
				"cubes": [
					{"origin": [0, 8, -3], "size": [4, 3, 6], "uv": [0, 46]}
				]
			},
			{
				"name": "legRight",
				"pivot": [-2, 9, 0],
				"cubes": [
					{"origin": [-3.499, 0, -1.5], "size": [3, 9, 3], "uv": [0, 16]}
				]
			},
			{
				"name": "bone7",
				"parent": "legRight",
				"pivot": [-2, 9, -1],
				"rotation": [0, 0, 17.5],
				"cubes": [
					{"origin": [-4, 8, -3], "size": [4, 3, 6], "uv": [0, 46], "mirror": true}
				]
			},
			{
				"name": "bone27",
				"pivot": [0, 0, 0]
			},
			{
				"name": "chestPlate",
				"parent": "bone27",
				"pivot": [0, 0, 0]
			},
			{
				"name": "sinFloat",
				"parent": "chestPlate",
				"pivot": [-2, 0, 0],
				"rotation": [0, 17.5, 0]
			},
			{
				"name": "bone28",
				"parent": "sinFloat",
				"pivot": [-12, 20, 0],
				"rotation": [-16.14054, 38.86967, -10.29354],
				"cubes": [
					{"origin": [-16, 19, -1], "size": [8, 6, 0], "uv": [80, 19]}
				]
			},
			{
				"name": "bone29",
				"parent": "bone28",
				"pivot": [-12, 20, 0],
				"rotation": [25, 0, 0],
				"cubes": [
					{"origin": [-16, 14.51631, -1.32893], "size": [8, 5, 0], "uv": [80, 25]}
				]
			},
			{
				"name": "bone30",
				"parent": "bone29",
				"pivot": [-12, 20, -3],
				"rotation": [37.5, 0, 0],
				"cubes": [
					{"origin": [-16, 9.63221, -5.01251], "size": [8, 5, 0], "uv": [80, 30]}
				]
			},
			{
				"name": "bone31",
				"parent": "bone30",
				"pivot": [-12, 20, -3],
				"rotation": [27.5, 0, 0],
				"cubes": [
					{"origin": [-16, -1.26707, -9.57243], "size": [8, 13, 0], "uv": [80, 35]}
				]
			}
		]
	}
}