{
	"format_version": "1.10.0",
	"geometry.model": {
		"texturewidth": 96,
		"textureheight": 96,
		"visible_bounds_width": 4,
		"visible_bounds_height": 4,
		"visible_bounds_offset": [0, 1, 0],
		"bones": [
			{
				"name": "head",
				"pivot": [0, 18, 0]
			},
			{
				"name": "blink",
				"parent": "head",
				"pivot": [0, 18, 0],
				"cubes": [
					{"origin": [-4, 18, -4.001], "size": [8, 8, 0], "uv": [24, 0]}
				]
			},
			{
				"name": "bone9",
				"parent": "head",
				"pivot": [0, 14, 3],
				"rotation": [-10, 0, 0],
				"cubes": [
					{"origin": [-4, 16, -5], "size": [1, 2, 1], "uv": [19, 10], "inflate": 0.01},
					{"origin": [3, 13, -5], "size": [1, 5, 1], "uv": [56, 0], "inflate": 0.01, "mirror": true}
				]
			},
			{
				"name": "bone10",
				"parent": "head",
				"pivot": [0, 17, 1],
				"rotation": [5, 0, 0]
			},
			{
				"name": "bone11",
				"parent": "bone10",
				"pivot": [0, 7, 0],
				"rotation": [10, 0, 0]
			},
			{
				"name": "bone2",
				"parent": "bone10",
				"pivot": [-5, 13, 1],
				"rotation": [18.10189, -1.69862, 11.45935],
				"cubes": [
					{"origin": [-6, 13, 6.3], "size": [7, 7, 1], "uv": [32, 30], "mirror": true}
				]
			},
			{
				"name": "bone",
				"parent": "bone10",
				"pivot": [5, 13, 1],
				"rotation": [18.10189, 1.69862, -11.45935],
				"cubes": [
					{"origin": [-1, 13, 6.3], "size": [7, 7, 1], "uv": [32, 30]}
				]
			},
			{
				"name": "bone72",
				"parent": "bone10",
				"pivot": [0, 17, 1],
				"rotation": [0, 0, 15]
			},
			{
				"name": "bone3",
				"parent": "bone72",
				"pivot": [0, 10, 2],
				"rotation": [2.16871, 4.13914, -17.7194],
				"cubes": [
					{"origin": [0.42298, 8.33716, 6.67425], "size": [7, 6, 1], "uv": [0, 43]}
				]
			},
			{
				"name": "bone4",
				"parent": "bone10",
				"pivot": [0, 17, 1],
				"rotation": [0, 0, -15]
			},
			{
				"name": "bone5",
				"parent": "bone4",
				"pivot": [0, 10, 2],
				"rotation": [2.16871, -4.13914, 17.7194],
				"cubes": [
					{"origin": [-7.42298, 8.33716, 6.5], "size": [7, 6, 1], "uv": [0, 43], "mirror": true}
				]
			},
			{
				"name": "helmet",
				"parent": "head",
				"pivot": [0, 26, 0],
				"cubes": [
					{"origin": [-4, 18, -4], "size": [8, 8, 8], "uv": [32, 66]},
					{"origin": [-4, 18, -4], "size": [8, 8, 8], "uv": [56, 22], "inflate": 0.3}
				]
			},
			{
				"name": "bone74",
				"parent": "helmet",
				"pivot": [-1, 23, 1],
				"rotation": [-13.97056, -27.03761, -8.03394],
				"cubes": [
					{"origin": [-7.4, 23, -7.2], "size": [14, 1, 14], "uv": [0, 51]}
				]
			},
			{
				"name": "bone75",
				"parent": "bone74",
				"pivot": [-1, 22, 1],
				"rotation": [-10, -25, 0],
				"cubes": [
					{"origin": [-5, 23, -4], "size": [8, 4, 8], "uv": [0, 66], "inflate": 0.3}
				]
			},
			{
				"name": "bone76",
				"parent": "bone75",
				"pivot": [-1, 22, 1],
				"rotation": [-15, -10, 0],
				"cubes": [
					{"origin": [-4.5, 25, -4.5], "size": [7, 5, 7], "uv": [42, 53], "inflate": -0.3}
				]
			},
			{
				"name": "bone77",
				"parent": "bone76",
				"pivot": [-1, 29, 0],
				"rotation": [-38.47713, 19.08056, -25.79689],
				"cubes": [
					{"origin": [-3.10342, 27.77933, -2.41462], "size": [4, 4, 4], "uv": [16, 43], "inflate": 0.3}
				]
			},
			{
				"name": "bone78",
				"parent": "bone77",
				"pivot": [0.89658, 23.77933, -6.21462],
				"rotation": [-35, -22.5, 0],
				"cubes": [
					{"origin": [0.89658, 33.77933, -6.21462], "size": [2, 3, 2], "uv": [24, 66], "inflate": 0.1}
				]
			},
			{
				"name": "bone79",
				"parent": "bone78",
				"pivot": [1.89658, 35.77933, -4.21462],
				"rotation": [-4.40165, -17.21299, -10.28213],
				"cubes": [
					{"origin": [1.24721, 35.45656, -5.70379], "size": [1, 4, 1], "uv": [0, 66]}
				]
			},
			{
				"name": "bone73",
				"parent": "bone74",
				"pivot": [1, 21, -1],
				"rotation": [-31.25835, 21.6491, -5.88025],
				"cubes": [
					{"origin": [1, 21, -9], "size": [1, 3, 3], "uv": [64, 5]}
				]
			},
			{
				"name": "bone80",
				"parent": "bone74",
				"pivot": [-5, 22, -4],
				"rotation": [-56.57706, -71.81117, 39.59759],
				"cubes": [
					{"origin": [-5, 21.7, -13], "size": [1, 3, 3], "uv": [64, 5]}
				]
			},
			{
				"name": "bone81",
				"parent": "bone80",
				"pivot": [-7, 23, -4],
				"rotation": [8.59612, -34.85459, -2.35942],
				"cubes": [
					{"origin": [-9.2, 23, -11], "size": [2, 2, 2], "uv": [72, 5]}
				]
			},
			{
				"name": "_helmet",
				"parent": "head",
				"pivot": [0, 18, 0],
				"cubes": [
					{"origin": [-4, 18, -4], "size": [8, 8, 8], "uv": [0, 0]},
					{"origin": [-4, 18, -4], "size": [8, 8, 8], "uv": [32, 0], "inflate": 0.3}
				]
			},
			{
				"name": "armRight",
				"pivot": [-2, 17.5, 0],
				"rotation": [0, 0, 25],
				"cubes": [
					{"origin": [-4, 8.5, -1], "size": [2, 8, 2], "uv": [34, 16]},
					{"origin": [-4, 13.3, -1], "size": [2, 3, 2], "uv": [56, 16], "inflate": 0.4}
				]
			},
			{
				"name": "armRightPositioningBone",
				"parent": "armRight",
				"pivot": [-3, 8.5, 0]
			},
			{
				"name": "armLeft",
				"pivot": [2, 17.5, 0],
				"rotation": [0, 0, -25],
				"cubes": [
					{"origin": [2, 8.5, -1], "size": [2, 8, 2], "uv": [34, 16], "mirror": true},
					{"origin": [2, 13.3, -1], "size": [2, 3, 2], "uv": [56, 16], "inflate": 0.4, "mirror": true}
				]
			},
			{
				"name": "armLeftPositioningBone",
				"parent": "armLeft",
				"pivot": [3, 8.5, 0]
			},
			{
				"name": "body",
				"pivot": [0, 10.5, 0],
				"cubes": [
					{"origin": [-3, 8.999, -2.5], "size": [6, 9, 5], "uv": [12, 16]},
					{"origin": [-3, 8.999, -2], "size": [6, 9, 4], "uv": [12, 30], "inflate": 0.6}
				]
			},
			{
				"name": "sittingRotationSkirt",
				"parent": "body",
				"pivot": [0, 10.5, 0]
			},
			{
				"name": "bone12",
				"parent": "sittingRotationSkirt",
				"pivot": [0, 18.5, 0]
			},
			{
				"name": "bone13",
				"parent": "bone12",
				"pivot": [0, 8, 0]
			},
			{
				"name": "bone14",
				"parent": "bone13",
				"pivot": [0, 8, -7.1715],
				"rotation": [-37.44146, 0, 0]
			},
			{
				"name": "bone15",
				"parent": "bone14",
				"pivot": [0, 6.34404, -7.1715],
				"rotation": [0, 0, -19.34109],
				"cubes": [
					{"origin": [0, 6.34404, -7.171], "size": [5, 8, 1], "uv": [32, 38], "mirror": true}
				]
			},
			{
				"name": "bone16",
				"parent": "bone14",
				"pivot": [0, 6.34404, -7.1715],
				"rotation": [0, 0, 19.34109],
				"cubes": [
					{"origin": [-5, 6.34404, -7.172], "size": [5, 8, 1], "uv": [32, 38]}
				]
			},
			{
				"name": "bone17",
				"parent": "bone12",
				"pivot": [0, 8, 1],
				"rotation": [0, -60, 0]
			},
			{
				"name": "bone18",
				"parent": "bone17",
				"pivot": [0, 8, -7.1715],
				"rotation": [-37.44146, 0, 0]
			},
			{
				"name": "bone19",
				"parent": "bone18",
				"pivot": [0, 6.34404, -7.1715],
				"rotation": [0, 0, -19.34109],
				"cubes": [
					{"origin": [0, 6.34404, -7.15], "size": [4, 8, 1], "uv": [42, 21]}
				]
			},
			{
				"name": "bone20",
				"parent": "bone18",
				"pivot": [0, 6.34404, -7.1715],
				"rotation": [0, 0, 19.34109],
				"cubes": [
					{"origin": [-5, 6.34404, -7.1715], "size": [5, 8, 1], "uv": [44, 38], "mirror": true}
				]
			},
			{
				"name": "bone21",
				"parent": "bone12",
				"pivot": [0, 8, -1],
				"rotation": [0, -120, 0]
			},
			{
				"name": "bone22",
				"parent": "bone21",
				"pivot": [0, 8, -9.1715],
				"rotation": [-37.44146, 0, 0]
			},
			{
				"name": "bone23",
				"parent": "bone22",
				"pivot": [0, 6.34404, -9.1715],
				"rotation": [0, 0, -19.34109],
				"cubes": [
					{"origin": [0, 6.34404, -9.17], "size": [5, 8, 1], "uv": [52, 21]}
				]
			},
			{
				"name": "bone24",
				"parent": "bone22",
				"pivot": [0, 6.34404, -9.1715],
				"rotation": [0, 0, 19.34109],
				"cubes": [
					{"origin": [-4, 6.34404, -9.1715], "size": [4, 8, 1], "uv": [42, 21]}
				]
			},
			{
				"name": "bone25",
				"parent": "bone12",
				"pivot": [0, 8, -1],
				"rotation": [0, -180, 0]
			},
			{
				"name": "bone26",
				"parent": "bone25",
				"pivot": [0, 8, -9.1715],
				"rotation": [-37.44146, 0, 0]
			},
			{
				"name": "bone27",
				"parent": "bone26",
				"pivot": [0, 6.34404, -9.1715],
				"rotation": [0, 0, -19.34109],
				"cubes": [
					{"origin": [0, 6.34404, -9.171], "size": [5, 8, 1], "uv": [52, 21]}
				]
			},
			{
				"name": "bone28",
				"parent": "bone26",
				"pivot": [0, 6.34404, -9.1715],
				"rotation": [0, 0, 19.34109],
				"cubes": [
					{"origin": [-5, 6.34404, -9.1715], "size": [5, 8, 1], "uv": [52, 21]}
				]
			},
			{
				"name": "bone29",
				"parent": "bone12",
				"pivot": [0, 8, -1],
				"rotation": [0, -240, 0]
			},
			{
				"name": "bone30",
				"parent": "bone29",
				"pivot": [0, 8, -9.1715],
				"rotation": [-37.44146, 0, 0]
			},
			{
				"name": "bone31",
				"parent": "bone30",
				"pivot": [0, 6.34404, -9.1715],
				"rotation": [0, 0, -19.34109],
				"cubes": [
					{"origin": [0, 6.34404, -9.171], "size": [4, 8, 1], "uv": [42, 21]}
				]
			},
			{
				"name": "bone32",
				"parent": "bone30",
				"pivot": [0, 6.34404, -9.1715],
				"rotation": [0, 0, 19.34109],
				"cubes": [
					{"origin": [-5, 6.34404, -9.1715], "size": [5, 8, 1], "uv": [52, 21]}
				]
			},
			{
				"name": "bone33",
				"parent": "bone12",
				"pivot": [0, 8, 1],
				"rotation": [0, -300, 0]
			},
			{
				"name": "bone34",
				"parent": "bone33",
				"pivot": [0, 8, -7.1715],
				"rotation": [-37.44146, 0, 0]
			},
			{
				"name": "bone35",
				"parent": "bone34",
				"pivot": [0, 6.34404, -7.1715],
				"rotation": [0, 0, -19.34109],
				"cubes": [
					{"origin": [0, 6.34404, -7.171], "size": [5, 8, 1], "uv": [44, 38]}
				]
			},
			{
				"name": "bone36",
				"parent": "bone34",
				"pivot": [0, 6.34404, -7.1715],
				"rotation": [0, 0, 19.34109],
				"cubes": [
					{"origin": [-4.01, 6.34404, -7.15], "size": [4, 8, 1], "uv": [42, 21]}
				]
			},
			{
				"name": "bone37",
				"parent": "sittingRotationSkirt",
				"pivot": [0, 16.5, 0]
			},
			{
				"name": "bone38",
				"parent": "bone37",
				"pivot": [0, 6, 0]
			},
			{
				"name": "bone39",
				"parent": "bone38",
				"pivot": [0, 6, 5.52875],
				"rotation": [35, 0, 0]
			},
			{
				"name": "bone40",
				"parent": "bone39",
				"pivot": [0, 6, 5.52875],
				"rotation": [0, -45, 0],
				"cubes": [
					{"origin": [-1.5, 6, 4.02875], "size": [3, 6, 3], "uv": [0, 28]}
				]
			},
			{
				"name": "bone41",
				"parent": "bone37",
				"pivot": [0, 6, 0],
				"rotation": [0, -36, 0]
			},
			{
				"name": "bone42",
				"parent": "bone41",
				"pivot": [0, 6, 6.52875],
				"rotation": [35, 0, 0]
			},
			{
				"name": "bone43",
				"parent": "bone42",
				"pivot": [0, 6, 6.52875],
				"rotation": [0, -45, 0],
				"cubes": [
					{"origin": [-1.5, 6, 5.02875], "size": [3, 6, 3], "uv": [0, 28]}
				]
			},
			{
				"name": "bone44",
				"parent": "bone37",
				"pivot": [1, 6, 0],
				"rotation": [0, -72, 0]
			},
			{
				"name": "bone45",
				"parent": "bone44",
				"pivot": [1, 6, 6.52875],
				"rotation": [35, 0, 0]
			},
			{
				"name": "bone46",
				"parent": "bone45",
				"pivot": [1, 6, 6.52875],
				"rotation": [0, -45, 0],
				"cubes": [
					{"origin": [-0.5, 6, 5.02875], "size": [3, 6, 3], "uv": [0, 28]}
				]
			},
			{
				"name": "bone47",
				"parent": "bone37",
				"pivot": [0, 6, 0],
				"rotation": [0, -108, 0]
			},
			{
				"name": "bone48",
				"parent": "bone47",
				"pivot": [0, 6, 5.52875],
				"rotation": [35, 0, 0]
			},
			{
				"name": "bone49",
				"parent": "bone48",
				"pivot": [0, 6, 5.52875],
				"rotation": [0, -45, 0],
				"cubes": [
					{"origin": [-1.5, 6, 4.02875], "size": [3, 6, 3], "uv": [0, 28]}
				]
			},
			{
				"name": "bone50",
				"parent": "bone37",
				"pivot": [0, 6, 0],
				"rotation": [0, -144, 0]
			},
			{
				"name": "bone51",
				"parent": "bone50",
				"pivot": [0, 6, 6.52875],
				"rotation": [35, 0, 0]
			},
			{
				"name": "bone52",
				"parent": "bone51",
				"pivot": [0, 6, 6.52875],
				"rotation": [0, -45, 0],
				"cubes": [
					{"origin": [-1.5, 6, 5.02875], "size": [3, 6, 3], "uv": [0, 28]}
				]
			},
			{
				"name": "bone53",
				"parent": "bone37",
				"pivot": [0, 6, 0],
				"rotation": [0, -180, 0]
			},
			{
				"name": "bone54",
				"parent": "bone53",
				"pivot": [0, 6, 5.52875],
				"rotation": [35, 0, 0]
			},
			{
				"name": "bone55",
				"parent": "bone54",
				"pivot": [0, 6, 5.52875],
				"rotation": [0, -45, 0],
				"cubes": [
					{"origin": [-1.5, 6, 4.02875], "size": [3, 6, 3], "uv": [0, 28]}
				]
			},
			{
				"name": "bone56",
				"parent": "bone37",
				"pivot": [0, 6, 0],
				"rotation": [0, -216, 0]
			},
			{
				"name": "bone57",
				"parent": "bone56",
				"pivot": [0, 6, 6.52875],
				"rotation": [35, 0, 0]
			},
			{
				"name": "bone58",
				"parent": "bone57",
				"pivot": [0, 6, 6.52875],
				"rotation": [0, -45, 0],
				"cubes": [
					{"origin": [-1.5, 6, 5.02875], "size": [3, 6, 3], "uv": [0, 28]}
				]
			},
			{
				"name": "bone59",
				"parent": "bone37",
				"pivot": [-1, 6, 0],
				"rotation": [0, -252, 0]
			},
			{
				"name": "bone60",
				"parent": "bone59",
				"pivot": [-1, 6, 6.52875],
				"rotation": [35, 0, 0]
			},
			{
				"name": "bone61",
				"parent": "bone60",
				"pivot": [-1, 6, 6.52875],
				"rotation": [0, -45, 0],
				"cubes": [
					{"origin": [-2.5, 6, 5.02875], "size": [3, 6, 3], "uv": [0, 28]}
				]
			},
			{
				"name": "bone62",
				"parent": "bone37",
				"pivot": [-1, 6, 0],
				"rotation": [0, -288, 0]
			},
			{
				"name": "bone63",
				"parent": "bone62",
				"pivot": [-1, 6, 6.52875],
				"rotation": [35, 0, 0]
			},
			{
				"name": "bone64",
				"parent": "bone63",
				"pivot": [-1, 6, 6.52875],
				"rotation": [0, -45, 0],
				"cubes": [
					{"origin": [-2.5, 6, 5.02875], "size": [3, 6, 3], "uv": [0, 28]}
				]
			},
			{
				"name": "bone65",
				"parent": "bone37",
				"pivot": [0, 6, 0],
				"rotation": [0, -324, 0]
			},
			{
				"name": "bone66",
				"parent": "bone65",
				"pivot": [0, 6, 6.52875],
				"rotation": [35, 0, 0]
			},
			{
				"name": "bone67",
				"parent": "bone66",
				"pivot": [0, 6, 6.52875],
				"rotation": [0, -45, 0],
				"cubes": [
					{"origin": [-1.5, 6, 5.02875], "size": [3, 6, 3], "uv": [0, 28]}
				]
			},
			{
				"name": "bone6",
				"parent": "sittingRotationSkirt",
				"pivot": [0, 9.5, 0],
				"rotation": [-35, 0, 0],
				"cubes": [
					{"origin": [-1.5, 4.5, -5], "size": [3, 7, 0], "uv": [48, 30]}
				]
			},
			{
				"name": "bone68",
				"parent": "body",
				"pivot": [-2, 13.5, 3],
				"rotation": [-4.95744, 0.65182, 7.47178],
				"cubes": [
					{"origin": [-3.3, 12.5, -3], "size": [3, 6, 0], "uv": [0, 0]}
				]
			},
			{
				"name": "bone69",
				"parent": "body",
				"pivot": [2, 13.5, 3],
				"rotation": [-4.95744, -0.65182, -7.47178],
				"cubes": [
					{"origin": [0.3, 12.5, -3], "size": [3, 6, 0], "uv": [0, 0], "mirror": true}
				]
			},
			{
				"name": "bone70",
				"parent": "body",
				"pivot": [0, 16.5, 4],
				"rotation": [20, 0, 0],
				"cubes": [
					{"origin": [-3.5, 14, 3.5], "size": [7, 5, 0], "uv": [42, 16]}
				]
			},
			{
				"name": "chestPlate",
				"parent": "body",
				"pivot": [0, 10.5, 0],
				"cubes": [
					{"origin": [-3, 15.5, -3], "size": [6, 3, 6], "uv": [64, 11], "inflate": 0.3}
				]
			},
			{
				"name": "bone7",
				"parent": "chestPlate",
				"pivot": [0, 14.5, 6],
				"rotation": [27.5, -67.5, 0],
				"cubes": [
					{"origin": [-6, 8.5, 9], "size": [2, 8, 0], "uv": [0, 50]}
				]
			},
			{
				"name": "bone8",
				"parent": "body",
				"pivot": [0, 13.5, 3],
				"rotation": [15, 0, 0],
				"cubes": [
					{"origin": [-1.5, 13, 2], "size": [3, 2, 2], "uv": [32, 47]}
				]
			},
			{
				"name": "bone71",
				"parent": "bone8",
				"pivot": [1, 13.5, 3],
				"rotation": [16.93869, -7.41011, -33.56319],
				"cubes": [
					{"origin": [1, 11.5, 2], "size": [5, 3, 1], "uv": [0, 58]},
					{"origin": [0, 6.5, 3], "size": [2, 7, 1], "uv": [56, 38]}
				]
			},
			{
				"name": "bone82",
				"parent": "bone71",
				"pivot": [3, 14.5, 3],
				"rotation": [0, 0, 42.5],
				"cubes": [
					{"origin": [1.5, 10.5, 2.5], "size": [6, 3, 1], "uv": [62, 38]}
				]
			},
			{
				"name": "bone83",
				"parent": "bone8",
				"pivot": [-1, 13.5, 3],
				"rotation": [20.27967, 33.5336, 42.85085],
				"cubes": [
					{"origin": [-6, 11.5, 2], "size": [5, 3, 1], "uv": [0, 58], "mirror": true}
				]
			},
			{
				"name": "bone84",
				"parent": "bone8",
				"pivot": [-1, 13.5, 3],
				"rotation": [16.93869, 7.41011, 33.56319],
				"cubes": [
					{"origin": [-2, 6.5, 3], "size": [2, 7, 1], "uv": [56, 38], "mirror": true}
				]
			},
			{
				"name": "bone85",
				"parent": "bone8",
				"pivot": [-1, 13.5, 3],
				"rotation": [16.93869, 7.41011, 33.56319]
			},
			{
				"name": "bone86",
				"parent": "bone85",
				"pivot": [-3, 14.5, 3],
				"rotation": [0, 25, -42.5],
				"cubes": [
					{"origin": [-7.5, 10.5, 2.5], "size": [6, 3, 1], "uv": [62, 38], "mirror": true}
				]
			},
			{
				"name": "legLeft",
				"pivot": [2, 9, 0],
				"cubes": [
					{"origin": [0.499, 0, -1.5], "size": [3, 9, 3], "uv": [0, 16]}
				]
			},
			{
				"name": "legRight",
				"pivot": [-2, 9, 0],
				"cubes": [
					{"origin": [-3.499, 0, -1.5], "size": [3, 9, 3], "uv": [0, 16]}
				]
			}
		]
	}
}