{
	"format_version": "1.10.0",
	"geometry.model": {
		"texturewidth": 128,
		"textureheight": 64,
		"visible_bounds_width": 3,
		"visible_bounds_height": 4,
		"visible_bounds_offset": [0, 1, 0],
		"bones": [
			{
				"name": "head",
				"pivot": [0, 18, 0],
				"cubes": [
					{"origin": [-4, 17, -4], "size": [8, 8, 8], "uv": [0, 0], "inflate": -1.15},
					{"origin": [-4, 17, -4], "size": [8, 8, 8], "uv": [32, 0], "inflate": -0.9}
				]
			},
			{
				"name": "blink",
				"parent": "head",
				"pivot": [0, 18, -5],
				"rotation": [0, 180, 0],
				"cubes": [
					{"origin": [-4, 17, -8.999], "size": [8, 8, 3], "uv": [26, 46], "inflate": -1.15}
				]
			},
			{
				"name": "helmet",
				"parent": "head",
				"pivot": [0, 18, -1],
				"cubes": [
					{"origin": [-4.5, 17, -4.5], "size": [9, 7, 4], "uv": [41, 30], "inflate": -1.5}
				]
			},
			{
				"name": "armLeft",
				"pivot": [2, 17.5, 0],
				"rotation": [0, 0, -5],
				"cubes": [
					{"origin": [1.8, 8.5, -2], "size": [4, 10, 4], "uv": [26, 16], "inflate": -0.8, "mirror": true},
					{"origin": [1.8, 8.5, -2], "size": [4, 10, 4], "uv": [42, 16], "inflate": -0.6, "mirror": true}
				]
			},
			{
				"name": "leggingsLeft",
				"parent": "armLeft",
				"pivot": [2, 17.5, 0]
			},
			{
				"name": "armLeftPositioningBone",
				"parent": "armLeft",
				"pivot": [4, 9.5, 0]
			},
			{
				"name": "armRight",
				"pivot": [-2, 17.5, 0],
				"rotation": [0, 0, 5],
				"cubes": [
					{"origin": [-5.8, 8.5, -2], "size": [4, 10, 4], "uv": [84, 0], "inflate": -0.8},
					{"origin": [-5.8, 8.5, -2], "size": [4, 10, 4], "uv": [63, 18], "inflate": -0.6}
				]
			},
			{
				"name": "armRightPositioningBone",
				"parent": "armRight",
				"pivot": [-4, 9.5, 0]
			},
			{
				"name": "body",
				"pivot": [0, 10.5, 0],
				"cubes": [
					{"origin": [-4, 8.1, -2.5], "size": [8, 11, 5], "uv": [0, 16], "inflate": -1.1},
					{"origin": [-4, 8, -2.5], "size": [8, 11, 5], "uv": [0, 48], "inflate": -0.8},
					{"origin": [-3, 9.5, -3], "size": [6, 5, 4], "uv": [64, 0], "inflate": -1}
				]
			},
			{
				"name": "bone",
				"parent": "body",
				"pivot": [0, 10.5, 1],
				"rotation": [-5, 0, 0],
				"cubes": [
					{"origin": [-2, 2.5, -1.7], "size": [4, 9, 0], "uv": [64, 9]}
				]
			},
			{
				"name": "bone2",
				"parent": "body",
				"pivot": [0, 10.5, -1],
				"rotation": [5, 0, 0],
				"cubes": [
					{"origin": [-2.5, 1.5, 1.7], "size": [5, 9, 0], "uv": [72, 9]}
				]
			},
			{
				"name": "legLeft",
				"pivot": [2, 9, 0],
				"cubes": [
					{"origin": [-0.9, -0.7, -2.5], "size": [5, 11, 5], "uv": [0, 32], "inflate": -1.1},
					{"origin": [-0.9, -1, -2.5], "size": [5, 11, 5], "uv": [21, 30], "inflate": -0.85}
				]
			},
			{
				"name": "legRight",
				"pivot": [-2, 9, 0],
				"cubes": [
					{"origin": [-4.1, -0.7, -2.5], "size": [5, 11, 5], "uv": [0, 32], "inflate": -1.1, "mirror": true},
					{"origin": [-4.1, -1, -2.5], "size": [5, 11, 5], "uv": [21, 30], "inflate": -0.85, "mirror": true}
				]
			}
		]
	}
}