{
	"format_version": "1.10.0",
	"geometry.model": {
		"texturewidth": 128,
		"textureheight": 64,
		"visible_bounds_width": 3,
		"visible_bounds_height": 4,
		"visible_bounds_offset": [0, 1, 0],
		"bones": [
			{
				"name": "head",
				"pivot": [0, 18, 0],
				"cubes": [
					{"origin": [-4, 18, -4], "size": [8, 8, 8], "uv": [0, 0]},
					{"origin": [-4, 18, -4], "size": [8, 8, 8], "uv": [32, 0], "inflate": 0.3}
				]
			},
			{
				"name": "blink",
				"parent": "head",
				"pivot": [0, 18, 0],
				"cubes": [
					{"origin": [-4, 18, -4.001], "size": [8, 8, 0], "uv": [24, 0]}
				]
			},
			{
				"name": "hair3",
				"parent": "head",
				"pivot": [-1, 14, 5],
				"rotation": [-10, 0, 0],
				"cubes": [
					{"origin": [-4.1, 15, -4.8], "size": [1, 3, 1], "uv": [4, 12], "inflate": 0.01},
					{"origin": [3.1, 15, -4.8], "size": [1, 3, 1], "uv": [16, 12], "inflate": 0.01}
				]
			},
			{
				"name": "hair2",
				"parent": "head",
				"pivot": [1, 19, 4],
				"rotation": [20.87766, 3.41577, -12.16873],
				"cubes": [
					{"origin": [-1.3, 10.81166, 4.18171], "size": [6, 11, 1], "uv": [50, 31], "mirror": true}
				]
			},
			{
				"name": "hair4",
				"parent": "hair2",
				"pivot": [1, 8, 5],
				"rotation": [20.87766, 3.41577, -12.16873],
				"cubes": [
					{"origin": [-0.66353, 4.99153, 5.22957], "size": [6, 7, 1], "uv": [50, 43], "mirror": true}
				]
			},
			{
				"name": "bone15",
				"parent": "head",
				"pivot": [-4, 15, 3],
				"rotation": [4.81795, 1.83962, -17.52922]
			},
			{
				"name": "bone18",
				"parent": "head",
				"pivot": [1, 25, 1],
				"rotation": [105.91701, -55.25648, -52.4835],
				"cubes": [
					{"origin": [-1.00454, 25.2, -1.43401], "size": [3, 5, 3], "uv": [52, 56], "mirror": true}
				]
			},
			{
				"name": "bone19",
				"parent": "head",
				"pivot": [-1, 25, 1],
				"rotation": [105.91701, 55.25648, 52.4835],
				"cubes": [
					{"origin": [-1.99546, 25.2, -1.43401], "size": [3, 5, 3], "uv": [52, 56]}
				]
			},
			{
				"name": "hair5",
				"parent": "head",
				"pivot": [-1, 19, 4],
				"rotation": [20.87766, -3.41577, 12.16873],
				"cubes": [
					{"origin": [-4.7, 10.81166, 4.18171], "size": [6, 11, 1], "uv": [50, 31]}
				]
			},
			{
				"name": "hair6",
				"parent": "hair5",
				"pivot": [-1, 8, 5],
				"rotation": [20.87766, -3.41577, 12.16873],
				"cubes": [
					{"origin": [-5.33647, 4.99153, 5.22957], "size": [6, 7, 1], "uv": [50, 43]}
				]
			},
			{
				"name": "hair7",
				"parent": "head",
				"pivot": [-2, 19, 4],
				"rotation": [20, 0, 0],
				"cubes": [
					{"origin": [-3, 10.81166, 4.18171], "size": [6, 6, 1], "uv": [50, 24], "mirror": true}
				]
			},
			{
				"name": "hair8",
				"parent": "hair7",
				"pivot": [-2, 8, 5],
				"rotation": [20.87766, 0, 0],
				"cubes": [
					{"origin": [-3, 4.99153, 5.22957], "size": [6, 7, 1], "uv": [50, 16], "mirror": true}
				]
			},
			{
				"name": "bone3",
				"parent": "head",
				"pivot": [0, 18, 0],
				"cubes": [
					{"origin": [1.2, 20.8, -4.6], "size": [3, 3, 2], "uv": [39, 16], "inflate": -0.2},
					{"origin": [1.2, 22, -4.6], "size": [3, 3, 2], "uv": [39, 16], "inflate": -0.2}
				]
			},
			{
				"name": "bone47",
				"parent": "head",
				"pivot": [2, 17, -1],
				"rotation": [0, 0, -25],
				"cubes": [
					{"origin": [4.7, 18, -2], "size": [2, 4, 3], "uv": [20, 8], "mirror": true}
				]
			},
			{
				"name": "bone22",
				"parent": "head",
				"pivot": [-2, 17, -1],
				"rotation": [0, 0, 25],
				"cubes": [
					{"origin": [-6.7, 18, -2], "size": [2, 4, 3], "uv": [20, 8]}
				]
			},
			{
				"name": "armRight",
				"pivot": [-2, 17.5, 0],
				"rotation": [0, 0, 25],
				"cubes": [
					{"origin": [-4, 8.5, -1], "size": [2, 8, 2], "uv": [0, 30]}
				]
			},
			{
				"name": "armRightPositioningBone",
				"parent": "armRight",
				"pivot": [-3, 8.5, 0]
			},
			{
				"name": "bone7",
				"parent": "armRight",
				"pivot": [-1.57738, 16.59369, 0],
				"rotation": [0, 0, 12.5],
				"cubes": [
					{"origin": [-3.91, 13.51322, -2], "size": [3, 3, 4], "uv": [12, 42]},
					{"origin": [-3.92451, 10.77859, -0.5], "size": [0, 3, 1], "uv": [0, 15], "mirror": true}
				]
			},
			{
				"name": "bone20",
				"parent": "armRight",
				"pivot": [-2, 9.5, 0],
				"rotation": [0, 0, -15],
				"cubes": [
					{"origin": [-4, 8.48481, -1.5], "size": [3, 5, 3], "uv": [0, 51]}
				]
			},
			{
				"name": "bone21",
				"parent": "armRight",
				"pivot": [0, 17.5, 0],
				"rotation": [0, 0, 15],
				"cubes": [
					{"origin": [-2.6, 7.75, -1.5], "size": [3, 6, 3], "uv": [0, 42], "inflate": -0.01}
				]
			},
			{
				"name": "armLeft",
				"pivot": [2, 17.5, 0],
				"rotation": [0, 0, -25],
				"cubes": [
					{"origin": [2, 8.5, -1], "size": [2, 8, 2], "uv": [0, 30], "mirror": true}
				]
			},
			{
				"name": "armLeftPositioningBone",
				"parent": "armLeft",
				"pivot": [3, 8.5, 0]
			},
			{
				"name": "bone8",
				"parent": "armLeft",
				"pivot": [1.57738, 16.59369, 0],
				"rotation": [0, 0, -12.5],
				"cubes": [
					{"origin": [0.91, 13.51322, -2], "size": [3, 3, 4], "uv": [12, 42], "mirror": true},
					{"origin": [3.92451, 10.77859, -0.5], "size": [0, 3, 1], "uv": [0, 15]}
				]
			},
			{
				"name": "bone9",
				"parent": "armLeft",
				"pivot": [2, 9.5, 0],
				"rotation": [0, 0, 15],
				"cubes": [
					{"origin": [1, 8.48481, -1.5], "size": [3, 5, 3], "uv": [0, 51], "mirror": true}
				]
			},
			{
				"name": "bone10",
				"parent": "armLeft",
				"pivot": [0, 17.5, 0],
				"rotation": [0, 0, -15],
				"cubes": [
					{"origin": [-0.4, 7.75, -1.5], "size": [3, 6, 3], "uv": [0, 42], "inflate": -0.01, "mirror": true}
				]
			},
			{
				"name": "body",
				"pivot": [0, 10.5, 0],
				"cubes": [
					{"origin": [-3, 9, -2.5], "size": [6, 9, 5], "uv": [0, 16]},
					{"origin": [-3, 9, -2.5], "size": [6, 9, 5], "uv": [22, 16], "inflate": 0.4}
				]
			},
			{
				"name": "bone4",
				"parent": "body",
				"pivot": [0, 10.5, 0],
				"rotation": [0, 0, 17.5],
				"cubes": [
					{"origin": [-4.3, 7, -2.5], "size": [3, 7, 5], "uv": [34, 42], "inflate": 0.19}
				]
			},
			{
				"name": "bone5",
				"parent": "body",
				"pivot": [0, 10.5, 0],
				"rotation": [0, 0, -17.5],
				"cubes": [
					{"origin": [0.3, 7, -2.5], "size": [4, 7, 5], "uv": [32, 30], "inflate": 0.2, "mirror": true}
				]
			},
			{
				"name": "bone6",
				"parent": "body",
				"pivot": [0, 10.5, 0],
				"rotation": [12.5, 0, 0],
				"cubes": [
					{"origin": [-2, 7, 3], "size": [4, 6, 0], "uv": [56, 2]}
				]
			},
			{
				"name": "bone11",
				"parent": "body",
				"pivot": [0, 13.5, 0],
				"rotation": [0, 0, -27.5],
				"cubes": [
					{"origin": [1.5, 14.7, -2.5], "size": [4, 1, 5], "uv": [7, 58], "inflate": 0.201}
				]
			},
			{
				"name": "legLeft",
				"pivot": [2, 9, 0],
				"cubes": [
					{"origin": [0.499, 0, -1.5], "size": [3, 9, 3], "uv": [8, 30], "mirror": true}
				]
			},
			{
				"name": "bone2",
				"parent": "legLeft",
				"pivot": [-2, 11, -1],
				"rotation": [0, 0, -7.5],
				"cubes": [
					{"origin": [-0.3, 7.6, -3], "size": [4, 3, 6], "uv": [12, 49], "inflate": -0.32}
				]
			},
			{
				"name": "legRight",
				"pivot": [-2, 9, 0],
				"cubes": [
					{"origin": [-3.499, 0, -1.5], "size": [3, 9, 3], "uv": [20, 30]},
					{"origin": [-3.501, 3.7, -1.5], "size": [3, 1, 3], "uv": [22, 42], "inflate": 0.01, "mirror": true},
					{"origin": [-3.501, 2.3, -1.5], "size": [3, 1, 3], "uv": [22, 42], "inflate": 0.01, "mirror": true}
				]
			},
			{
				"name": "bone",
				"parent": "legRight",
				"pivot": [2, 11, -1],
				"rotation": [0, 0, 7.5],
				"cubes": [
					{"origin": [-3.52, 7.6, -3], "size": [4, 3, 6], "uv": [12, 49], "inflate": -0.32}
				]
			},
			{
				"name": "tail",
				"pivot": [0, 11, 2],
				"rotation": [-30, 0, 0]
			},
			{
				"name": "bone41",
				"parent": "tail",
				"pivot": [0, 8.20577, 5.30385],
				"rotation": [-30, 0, 0],
				"cubes": [
					{"origin": [-2, 7.20577, 2.30385], "size": [3, 3, 3], "uv": [25, 58], "inflate": -0.3}
				]
			},
			{
				"name": "bone40",
				"parent": "bone41",
				"pivot": [0, 8.20577, 5.30385],
				"rotation": [12.60443, -7.32123, -1.6322],
				"cubes": [
					{"origin": [-2, 7.50577, 3.80385], "size": [3, 3, 3], "uv": [25, 58]}
				]
			},
			{
				"name": "bone42",
				"parent": "bone40",
				"pivot": [0, 8.20577, 5.30385],
				"rotation": [12.79362, -12.19908, -2.74715],
				"cubes": [
					{"origin": [-3, 6.50577, 5.10385], "size": [5, 5, 6], "uv": [64, 0], "inflate": -0.5}
				]
			},
			{
				"name": "bone43",
				"parent": "bone42",
				"pivot": [0, 8.20577, 9.30385],
				"rotation": [15.12353, -7.24305, -1.95155],
				"cubes": [
					{"origin": [-2.5, 6.50577, 9.10385], "size": [4, 4, 5], "uv": [64, 11], "inflate": -0.5}
				]
			},
			{
				"name": "bone12",
				"pivot": [0, 0, 0]
			},
			{
				"name": "chestPlate",
				"parent": "bone12",
				"pivot": [0, 0, 0]
			},
			{
				"name": "sinFloat",
				"parent": "chestPlate",
				"pivot": [0, 0, 0]
			},
			{
				"name": "bone13",
				"parent": "sinFloat",
				"pivot": [-8, 0, 17],
				"rotation": [66.22631, 36.8592, 54.43012],
				"cubes": [
					{"origin": [-19, 27, 16], "size": [3, 3, 3], "uv": [80, 0]}
				]
			},
			{
				"name": "bone14",
				"parent": "sinFloat",
				"pivot": [26, 0, 17],
				"rotation": [91.22631, 36.8592, 54.43012],
				"cubes": [
					{"origin": [16, 27, 16], "size": [2, 2, 2], "uv": [77, 11], "mirror": true}
				]
			},
			{
				"name": "cosFloat",
				"parent": "chestPlate",
				"pivot": [0, 0, 0]
			},
			{
				"name": "bone16",
				"parent": "cosFloat",
				"pivot": [10, -4, 31],
				"rotation": [66.79791, 28.60404, 45.4668],
				"cubes": [
					{"origin": [-1, 23, 30], "size": [3, 3, 3], "uv": [80, 0], "mirror": true}
				]
			},
			{
				"name": "bone17",
				"parent": "cosFloat",
				"pivot": [-5, -13, 8],
				"rotation": [57.48147, 29.73112, 38.60138],
				"cubes": [
					{"origin": [-15, 14, 7], "size": [2, 2, 2], "uv": [77, 11]}
				]
			}
		]
	}
}