{
	"format_version": "1.10.0",
	"geometry.model": {
		"texturewidth": 128,
		"textureheight": 96,
		"visible_bounds_width": 4,
		"visible_bounds_height": 4,
		"visible_bounds_offset": [0, 1, 0],
		"bones": [
			{
				"name": "head",
				"pivot": [0, 18, 0]
			},
			{
				"name": "blink",
				"parent": "head",
				"pivot": [0, 18, 0],
				"cubes": [
					{"origin": [-4, 18, -4.001], "size": [8, 8, 0], "uv": [24, 0]}
				]
			},
			{
				"name": "bone9",
				"parent": "head",
				"pivot": [0, 14, 3],
				"rotation": [-10, 0, 0],
				"cubes": [
					{"origin": [-4, 14, -5], "size": [1, 4, 1], "uv": [19, 10], "inflate": 0.01},
					{"origin": [3, 14, -5], "size": [1, 4, 1], "uv": [19, 10], "inflate": 0.01, "mirror": true}
				]
			},
			{
				"name": "bone10",
				"parent": "head",
				"pivot": [0, 17, 1],
				"rotation": [5, 0, 0]
			},
			{
				"name": "bone11",
				"parent": "bone10",
				"pivot": [0, 8, 0],
				"rotation": [10, 0, 0]
			},
			{
				"name": "bone8",
				"parent": "bone11",
				"pivot": [0, 8, 0],
				"rotation": [-15, 0, 0],
				"cubes": [
					{"origin": [-3.5, 6.19087, 8.89363], "size": [7, 5, 1], "uv": [88, 8]}
				]
			},
			{
				"name": "bone7",
				"parent": "bone11",
				"pivot": [0, 15, 1],
				"rotation": [17.5, 0, 0],
				"cubes": [
					{"origin": [-3.5, 6, 7], "size": [7, 12, 1], "uv": [34, 26]}
				]
			},
			{
				"name": "bone2",
				"parent": "bone10",
				"pivot": [-5, 13, 1],
				"rotation": [18.10189, -1.69862, 11.45935],
				"cubes": [
					{"origin": [-6, 13, 6.3], "size": [5, 7, 1], "uv": [94, 0], "mirror": true}
				]
			},
			{
				"name": "bone",
				"parent": "bone10",
				"pivot": [5, 13, 1],
				"rotation": [18.10189, 1.69862, -11.45935],
				"cubes": [
					{"origin": [1, 13, 6.3], "size": [5, 7, 1], "uv": [94, 0]}
				]
			},
			{
				"name": "bone71",
				"parent": "bone10",
				"pivot": [0, 17, 1],
				"rotation": [0, 0, -15]
			},
			{
				"name": "bone4",
				"parent": "bone71",
				"pivot": [0, 10, 2],
				"rotation": [5.10455, -14.24, 37.78381],
				"cubes": [
					{"origin": [-7.49512, 5.36509, 7.8], "size": [5, 6, 1], "uv": [82, 0], "mirror": true}
				]
			},
			{
				"name": "bone6",
				"parent": "bone71",
				"pivot": [-4, -1, 3],
				"rotation": [-9.78174, -14.11615, 38.86867],
				"cubes": [
					{"origin": [-15.35432, 3.0919, 7.8254], "size": [5, 4, 1], "uv": [70, 0], "mirror": true}
				]
			},
			{
				"name": "bone72",
				"parent": "bone10",
				"pivot": [0, 17, 1],
				"rotation": [0, 0, 15]
			},
			{
				"name": "bone3",
				"parent": "bone72",
				"pivot": [0, 10, 2],
				"rotation": [5.10455, 14.24, -37.78381],
				"cubes": [
					{"origin": [2.49512, 5.36509, 7.8], "size": [5, 6, 1], "uv": [82, 0]}
				]
			},
			{
				"name": "bone5",
				"parent": "bone72",
				"pivot": [4, -1, 3],
				"rotation": [-9.78174, 14.11615, -38.86867],
				"cubes": [
					{"origin": [10.35432, 3.0919, 7.8254], "size": [5, 4, 1], "uv": [70, 0]}
				]
			},
			{
				"name": "bone73",
				"parent": "head",
				"pivot": [0, 21, -4]
			},
			{
				"name": "_chestPlate",
				"parent": "bone73",
				"pivot": [0, 21, -4],
				"cubes": [
					{"origin": [-6, 15.3, -6.5], "size": [12, 9, 7], "uv": [57, 9], "inflate": -1.8}
				]
			},
			{
				"name": "helmet",
				"parent": "head",
				"pivot": [0, 26, 0],
				"cubes": [
					{"origin": [-4, 18, -4], "size": [8, 8, 8], "uv": [32, 68]},
					{"origin": [-4, 18, -4], "size": [8, 8, 8], "uv": [70, 53], "inflate": 0.3}
				]
			},
			{
				"name": "bone74",
				"parent": "helmet",
				"pivot": [-1, 23, 1],
				"rotation": [-13.97056, -27.03761, -8.03394],
				"cubes": [
					{"origin": [-7.4, 23, -7.2], "size": [14, 1, 14], "uv": [0, 53]}
				]
			},
			{
				"name": "bone75",
				"parent": "bone74",
				"pivot": [-1, 22, 1],
				"rotation": [-10, -25, 0],
				"cubes": [
					{"origin": [-5, 23, -4], "size": [8, 4, 8], "uv": [0, 68], "inflate": 0.3},
					{"origin": [-4.5, 27, 8.7], "size": [0, 3, 3], "uv": [42, 50]}
				]
			},
			{
				"name": "bone76",
				"parent": "bone75",
				"pivot": [-1, 22, 1],
				"rotation": [-15, -10, 0],
				"cubes": [
					{"origin": [-4.5, 25, -4.5], "size": [7, 5, 7], "uv": [42, 55], "inflate": -0.3}
				]
			},
			{
				"name": "bone77",
				"parent": "bone76",
				"pivot": [1, 22, -4],
				"rotation": [-37.5, -15, 0],
				"cubes": [
					{"origin": [-2, 29, -7.2], "size": [4, 4, 4], "uv": [16, 43], "inflate": 0.3}
				]
			},
			{
				"name": "bone78",
				"parent": "bone77",
				"pivot": [2, 25, -11],
				"rotation": [-35, -22.5, 0],
				"cubes": [
					{"origin": [2, 35, -11], "size": [2, 3, 2], "uv": [0, 28], "inflate": 0.1}
				]
			},
			{
				"name": "bone79",
				"parent": "bone78",
				"pivot": [-1, 24, -14],
				"rotation": [-11.9558, -13.21687, 17.94145],
				"cubes": [
					{"origin": [-0.7, 38, -13.5], "size": [1, 4, 1], "uv": [0, 38]}
				]
			},
			{
				"name": "bone80",
				"parent": "helmet",
				"pivot": [1, 26, 0],
				"rotation": [0, -25, 0],
				"cubes": [
					{"origin": [-6.7, 12.8, -6.2], "size": [14, 14, 14], "uv": [36, 25], "inflate": -0.1}
				]
			},
			{
				"name": "_helmet",
				"parent": "head",
				"pivot": [0, 18, 0],
				"cubes": [
					{"origin": [-4, 18, -4], "size": [8, 8, 8], "uv": [0, 0]},
					{"origin": [-4, 18, -4], "size": [8, 8, 8], "uv": [32, 0], "inflate": 0.3}
				]
			},
			{
				"name": "armRight",
				"pivot": [-2, 17.5, 0],
				"rotation": [0, 0, 25],
				"cubes": [
					{"origin": [-4, 8.5, -1], "size": [2, 8, 2], "uv": [34, 16]},
					{"origin": [-5, 8.5, -2], "size": [4, 6, 4], "uv": [0, 39], "inflate": -0.1}
				]
			},
			{
				"name": "armRightPositioningBone",
				"parent": "armRight",
				"pivot": [-3, 8.5, 0]
			},
			{
				"name": "armLeft",
				"pivot": [2, 17.5, 0],
				"rotation": [0, 0, -25],
				"cubes": [
					{"origin": [2, 8.5, -1], "size": [2, 8, 2], "uv": [34, 16], "mirror": true},
					{"origin": [1, 8.5, -2], "size": [4, 6, 4], "uv": [0, 39], "inflate": -0.1, "mirror": true}
				]
			},
			{
				"name": "armLeftPositioningBone",
				"parent": "armLeft",
				"pivot": [3, 8.5, 0]
			},
			{
				"name": "body",
				"pivot": [0, 10.5, 0],
				"cubes": [
					{"origin": [-3, 8.999, -2.5], "size": [6, 9, 5], "uv": [12, 16]},
					{"origin": [-3, 8.999, -2], "size": [6, 9, 4], "uv": [13, 30], "inflate": 0.6}
				]
			},
			{
				"name": "sittingRotationSkirt",
				"parent": "body",
				"pivot": [0, 10.5, 0]
			},
			{
				"name": "bone12",
				"parent": "sittingRotationSkirt",
				"pivot": [0, 18.5, 0]
			},
			{
				"name": "bone13",
				"parent": "bone12",
				"pivot": [0, 8, 0]
			},
			{
				"name": "bone14",
				"parent": "bone13",
				"pivot": [0, 8, -7.1715],
				"rotation": [-37.44146, 0, 0]
			},
			{
				"name": "bone15",
				"parent": "bone14",
				"pivot": [0, 6.34404, -7.1715],
				"rotation": [0, 0, -19.34109],
				"cubes": [
					{"origin": [0, 6.34404, -7.171], "size": [5, 8, 1], "uv": [116, 0]}
				]
			},
			{
				"name": "bone16",
				"parent": "bone14",
				"pivot": [0, 6.34404, -7.1715],
				"rotation": [0, 0, 19.34109],
				"cubes": [
					{"origin": [-5, 6.34404, -7.172], "size": [5, 8, 1], "uv": [116, 63]}
				]
			},
			{
				"name": "bone17",
				"parent": "bone12",
				"pivot": [0, 8, 1],
				"rotation": [0, -60, 0]
			},
			{
				"name": "bone18",
				"parent": "bone17",
				"pivot": [0, 8, -7.1715],
				"rotation": [-37.44146, 0, 0]
			},
			{
				"name": "bone19",
				"parent": "bone18",
				"pivot": [0, 6.34404, -7.1715],
				"rotation": [0, 0, -19.34109],
				"cubes": [
					{"origin": [0, 6.34404, -7.172], "size": [4, 8, 1], "uv": [106, 18]}
				]
			},
			{
				"name": "bone20",
				"parent": "bone18",
				"pivot": [0, 6.34404, -7.1715],
				"rotation": [0, 0, 19.34109],
				"cubes": [
					{"origin": [-5, 6.34404, -7.1715], "size": [5, 8, 1], "uv": [116, 54]}
				]
			},
			{
				"name": "bone21",
				"parent": "bone12",
				"pivot": [0, 8, -1],
				"rotation": [0, -120, 0]
			},
			{
				"name": "bone22",
				"parent": "bone21",
				"pivot": [0, 8, -9.1715],
				"rotation": [-37.44146, 0, 0]
			},
			{
				"name": "bone23",
				"parent": "bone22",
				"pivot": [0, 6.34404, -9.1715],
				"rotation": [0, 0, -19.34109],
				"cubes": [
					{"origin": [0, 6.34404, -9.17], "size": [5, 8, 1], "uv": [116, 45]}
				]
			},
			{
				"name": "bone24",
				"parent": "bone22",
				"pivot": [0, 6.34404, -9.1715],
				"rotation": [0, 0, 19.34109],
				"cubes": [
					{"origin": [-4, 6.34404, -9.1715], "size": [4, 8, 1], "uv": [106, 0]}
				]
			},
			{
				"name": "bone25",
				"parent": "bone12",
				"pivot": [0, 8, -1],
				"rotation": [0, -180, 0]
			},
			{
				"name": "bone26",
				"parent": "bone25",
				"pivot": [0, 8, -9.1715],
				"rotation": [-37.44146, 0, 0]
			},
			{
				"name": "bone27",
				"parent": "bone26",
				"pivot": [0, 6.34404, -9.1715],
				"rotation": [0, 0, -19.34109],
				"cubes": [
					{"origin": [0, 6.34404, -9.171], "size": [5, 8, 1], "uv": [116, 36]}
				]
			},
			{
				"name": "bone28",
				"parent": "bone26",
				"pivot": [0, 6.34404, -9.1715],
				"rotation": [0, 0, 19.34109],
				"cubes": [
					{"origin": [-5, 6.34404, -9.1715], "size": [5, 8, 1], "uv": [116, 27]}
				]
			},
			{
				"name": "bone29",
				"parent": "bone12",
				"pivot": [0, 8, -1],
				"rotation": [0, -240, 0]
			},
			{
				"name": "bone30",
				"parent": "bone29",
				"pivot": [0, 8, -9.1715],
				"rotation": [-37.44146, 0, 0]
			},
			{
				"name": "bone31",
				"parent": "bone30",
				"pivot": [0, 6.34404, -9.1715],
				"rotation": [0, 0, -19.34109],
				"cubes": [
					{"origin": [0, 6.34404, -9.171], "size": [4, 8, 1], "uv": [106, 27]}
				]
			},
			{
				"name": "bone32",
				"parent": "bone30",
				"pivot": [0, 6.34404, -9.1715],
				"rotation": [0, 0, 19.34109],
				"cubes": [
					{"origin": [-5, 6.34404, -9.1715], "size": [5, 8, 1], "uv": [116, 18]}
				]
			},
			{
				"name": "bone33",
				"parent": "bone12",
				"pivot": [0, 8, 1],
				"rotation": [0, -300, 0]
			},
			{
				"name": "bone34",
				"parent": "bone33",
				"pivot": [0, 8, -7.1715],
				"rotation": [-37.44146, 0, 0]
			},
			{
				"name": "bone35",
				"parent": "bone34",
				"pivot": [0, 6.34404, -7.1715],
				"rotation": [0, 0, -19.34109],
				"cubes": [
					{"origin": [0, 6.34404, -7.171], "size": [5, 8, 1], "uv": [116, 9]}
				]
			},
			{
				"name": "bone36",
				"parent": "bone34",
				"pivot": [0, 6.34404, -7.1715],
				"rotation": [0, 0, 19.34109],
				"cubes": [
					{"origin": [-4, 6.34404, -7.1715], "size": [4, 8, 1], "uv": [106, 9]}
				]
			},
			{
				"name": "bone37",
				"parent": "sittingRotationSkirt",
				"pivot": [0, 16.5, 0]
			},
			{
				"name": "bone38",
				"parent": "bone37",
				"pivot": [0, 6, 0]
			},
			{
				"name": "bone39",
				"parent": "bone38",
				"pivot": [0, 6, 5.52875],
				"rotation": [35, 0, 0]
			},
			{
				"name": "bone40",
				"parent": "bone39",
				"pivot": [0, 6, 5.52875],
				"rotation": [0, -45, 0],
				"cubes": [
					{"origin": [-1.5, 6, 4.02875], "size": [3, 6, 3], "uv": [42, 16]}
				]
			},
			{
				"name": "bone41",
				"parent": "bone37",
				"pivot": [0, 6, 0],
				"rotation": [0, -36, 0]
			},
			{
				"name": "bone42",
				"parent": "bone41",
				"pivot": [0, 6, 6.52875],
				"rotation": [35, 0, 0]
			},
			{
				"name": "bone43",
				"parent": "bone42",
				"pivot": [0, 6, 6.52875],
				"rotation": [0, -45, 0],
				"cubes": [
					{"origin": [-1.5, 6, 5.02875], "size": [3, 6, 3], "uv": [42, 16]}
				]
			},
			{
				"name": "bone44",
				"parent": "bone37",
				"pivot": [1, 6, 0],
				"rotation": [0, -72, 0]
			},
			{
				"name": "bone45",
				"parent": "bone44",
				"pivot": [1, 6, 6.52875],
				"rotation": [35, 0, 0]
			},
			{
				"name": "bone46",
				"parent": "bone45",
				"pivot": [1, 6, 6.52875],
				"rotation": [0, -45, 0],
				"cubes": [
					{"origin": [-0.5, 6, 5.02875], "size": [3, 6, 3], "uv": [42, 16]}
				]
			},
			{
				"name": "bone47",
				"parent": "bone37",
				"pivot": [0, 6, 0],
				"rotation": [0, -108, 0]
			},
			{
				"name": "bone48",
				"parent": "bone47",
				"pivot": [0, 6, 5.52875],
				"rotation": [35, 0, 0]
			},
			{
				"name": "bone49",
				"parent": "bone48",
				"pivot": [0, 6, 5.52875],
				"rotation": [0, -45, 0],
				"cubes": [
					{"origin": [-1.5, 6, 4.02875], "size": [3, 6, 3], "uv": [42, 16]}
				]
			},
			{
				"name": "bone50",
				"parent": "bone37",
				"pivot": [0, 6, 0],
				"rotation": [0, -144, 0]
			},
			{
				"name": "bone51",
				"parent": "bone50",
				"pivot": [0, 6, 6.52875],
				"rotation": [35, 0, 0]
			},
			{
				"name": "bone52",
				"parent": "bone51",
				"pivot": [0, 6, 6.52875],
				"rotation": [0, -45, 0],
				"cubes": [
					{"origin": [-1.5, 6, 5.02875], "size": [3, 6, 3], "uv": [42, 16]}
				]
			},
			{
				"name": "bone53",
				"parent": "bone37",
				"pivot": [0, 6, 0],
				"rotation": [0, -180, 0]
			},
			{
				"name": "bone54",
				"parent": "bone53",
				"pivot": [0, 6, 5.52875],
				"rotation": [35, 0, 0]
			},
			{
				"name": "bone55",
				"parent": "bone54",
				"pivot": [0, 6, 5.52875],
				"rotation": [0, -45, 0],
				"cubes": [
					{"origin": [-1.5, 6, 4.02875], "size": [3, 6, 3], "uv": [42, 16]}
				]
			},
			{
				"name": "bone56",
				"parent": "bone37",
				"pivot": [0, 6, 0],
				"rotation": [0, -216, 0]
			},
			{
				"name": "bone57",
				"parent": "bone56",
				"pivot": [0, 6, 6.52875],
				"rotation": [35, 0, 0]
			},
			{
				"name": "bone58",
				"parent": "bone57",
				"pivot": [0, 6, 6.52875],
				"rotation": [0, -45, 0],
				"cubes": [
					{"origin": [-1.5, 6, 5.02875], "size": [3, 6, 3], "uv": [42, 16]}
				]
			},
			{
				"name": "bone59",
				"parent": "bone37",
				"pivot": [-1, 6, 0],
				"rotation": [0, -252, 0]
			},
			{
				"name": "bone60",
				"parent": "bone59",
				"pivot": [-1, 6, 6.52875],
				"rotation": [35, 0, 0]
			},
			{
				"name": "bone61",
				"parent": "bone60",
				"pivot": [-1, 6, 6.52875],
				"rotation": [0, -45, 0],
				"cubes": [
					{"origin": [-2.5, 6, 5.02875], "size": [3, 6, 3], "uv": [42, 16]}
				]
			},
			{
				"name": "bone62",
				"parent": "bone37",
				"pivot": [-1, 6, 0],
				"rotation": [0, -288, 0]
			},
			{
				"name": "bone63",
				"parent": "bone62",
				"pivot": [-1, 6, 6.52875],
				"rotation": [35, 0, 0]
			},
			{
				"name": "bone64",
				"parent": "bone63",
				"pivot": [-1, 6, 6.52875],
				"rotation": [0, -45, 0],
				"cubes": [
					{"origin": [-2.5, 6, 5.02875], "size": [3, 6, 3], "uv": [42, 16]}
				]
			},
			{
				"name": "bone65",
				"parent": "bone37",
				"pivot": [0, 6, 0],
				"rotation": [0, -324, 0]
			},
			{
				"name": "bone66",
				"parent": "bone65",
				"pivot": [0, 6, 6.52875],
				"rotation": [35, 0, 0]
			},
			{
				"name": "bone67",
				"parent": "bone66",
				"pivot": [0, 6, 6.52875],
				"rotation": [0, -45, 0],
				"cubes": [
					{"origin": [-1.5, 6, 5.02875], "size": [3, 6, 3], "uv": [42, 16]}
				]
			},
			{
				"name": "bone68",
				"parent": "body",
				"pivot": [-2, 13.5, 3],
				"rotation": [-4.95744, 0.65182, 7.47178],
				"cubes": [
					{"origin": [-3.5, 12.5, -3.5], "size": [3, 6, 0], "uv": [0, 0]}
				]
			},
			{
				"name": "bone69",
				"parent": "body",
				"pivot": [2, 13.5, 3],
				"rotation": [-4.95744, -0.65182, -7.47178],
				"cubes": [
					{"origin": [0.5, 12.5, -3.5], "size": [3, 6, 0], "uv": [0, 0], "mirror": true}
				]
			},
			{
				"name": "bone70",
				"parent": "body",
				"pivot": [0, 16.5, 4],
				"rotation": [20, 0, 0],
				"cubes": [
					{"origin": [-3.5, 14, 3.5], "size": [7, 5, 0], "uv": [56, 0]}
				]
			},
			{
				"name": "legLeft",
				"pivot": [2, 9, 0],
				"cubes": [
					{"origin": [0.499, 0, -1.5], "size": [3, 9, 3], "uv": [0, 16]}
				]
			},
			{
				"name": "legRight",
				"pivot": [-2, 9, 0],
				"cubes": [
					{"origin": [-3.499, 0, -1.5], "size": [3, 9, 3], "uv": [0, 16]}
				]
			}
		]
	}
}