{
	"format_version": "1.10.0",
	"geometry.model": {
		"texturewidth": 64,
		"textureheight": 64,
		"visible_bounds_width": 8,
		"visible_bounds_height": 6,
		"visible_bounds_offset": [0, 2, 0],
		"bones": [
			{
				"name": "head",
				"pivot": [0, 18, 0],
				"cubes": [
					{"origin": [-4, 18, -4], "size": [8, 8, 8], "uv": [0, 0]},
					{"origin": [-4, 18, -4], "size": [8, 8, 8], "uv": [32, 0], "inflate": 0.3}
				]
			},
			{
				"name": "blink",
				"parent": "head",
				"pivot": [0, 18, 0],
				"cubes": [
					{"origin": [-4, 18, -4.01], "size": [8, 5, 0], "uv": [24, 0]}
				]
			},
			{
				"name": "bone3",
				"parent": "head",
				"pivot": [0, 17, 2],
				"rotation": [-20, 0, 0],
				"cubes": [
					{"origin": [-4, 12, -4.5], "size": [1, 5, 1], "uv": [56, 0], "inflate": 0.01}
				]
			},
			{
				"name": "bone4",
				"parent": "head",
				"pivot": [0, 17, 2],
				"rotation": [-20, 0, 0],
				"cubes": [
					{"origin": [3, 12, -4.5], "size": [1, 5, 1], "uv": [56, 0], "inflate": 0.01, "mirror": true}
				]
			},
			{
				"name": "bone",
				"parent": "head",
				"pivot": [0, 19, 0],
				"rotation": [7.5, 0, 7.5],
				"cubes": [
					{"origin": [-6.86947, 21.00856, -1], "size": [2, 9, 1], "uv": [0, 38]},
					{"origin": [-5.35736, 21.45223, -1], "size": [2, 2, 1], "uv": [0, 38], "inflate": -0.2}
				]
			},
			{
				"name": "bone2",
				"parent": "head",
				"pivot": [0, 19, 0],
				"rotation": [7.5, 0, -7.5],
				"cubes": [
					{"origin": [4.86947, 21.00856, -1], "size": [2, 9, 1], "uv": [0, 38], "mirror": true},
					{"origin": [3.69617, 21.26894, -1], "size": [2, 2, 1], "uv": [0, 38], "inflate": -0.2}
				]
			},
			{
				"name": "bone9",
				"parent": "head",
				"pivot": [0, 17, -1],
				"rotation": [20, 0, 0],
				"cubes": [
					{"origin": [-3, 8, 4], "size": [6, 11, 1], "uv": [34, 20]}
				]
			},
			{
				"name": "bone10",
				"parent": "bone9",
				"pivot": [0, 4, -1],
				"rotation": [15, 0, 0],
				"cubes": [
					{"origin": [-3, -2.43039, 4.86491], "size": [6, 9, 1], "uv": [34, 20]}
				]
			},
			{
				"name": "bone12",
				"parent": "head",
				"pivot": [0, 15, -15],
				"rotation": [23.92136, 11.72223, -13.5064],
				"cubes": [
					{"origin": [-4.28628, 1.6002, 3.81981], "size": [6, 11, 1], "uv": [34, 20]}
				]
			},
			{
				"name": "bone13",
				"parent": "bone12",
				"pivot": [-1.28628, -2.3998, -1.18019],
				"rotation": [15, 0, 0],
				"cubes": [
					{"origin": [-4.28628, -8.83019, 4.68472], "size": [6, 9, 1], "uv": [34, 20]}
				]
			},
			{
				"name": "bone14",
				"parent": "head",
				"pivot": [0, 15, -15],
				"rotation": [23.92136, -11.72223, 13.5064],
				"cubes": [
					{"origin": [-1.71372, 1.6002, 3.52], "size": [6, 11, 1], "uv": [34, 20], "mirror": true}
				]
			},
			{
				"name": "bone15",
				"parent": "head",
				"pivot": [0, 15, -15],
				"rotation": [23.92136, -11.72223, 13.5064]
			},
			{
				"name": "bone16",
				"parent": "bone15",
				"pivot": [1.28628, -2.3998, -1.18019],
				"rotation": [15, 0, 0],
				"cubes": [
					{"origin": [-1.71372, -8.75259, 4.39512], "size": [6, 9, 1], "uv": [34, 20], "mirror": true}
				]
			},
			{
				"name": "armRight",
				"pivot": [-2, 17.5, 0],
				"rotation": [0, 0, 20],
				"cubes": [
					{"origin": [-4, 8.5, -1], "size": [2, 8, 2], "uv": [0, 28]}
				]
			},
			{
				"name": "armRightPositioningBone",
				"parent": "armRight",
				"pivot": [-3, 8.5, 0]
			},
			{
				"name": "bone22",
				"parent": "armRight",
				"pivot": [-4, 14.5, 0],
				"rotation": [0, 0, -37.5],
				"cubes": [
					{"origin": [-5, 13.7, -2], "size": [4, 1, 4], "uv": [47, 16]}
				]
			},
			{
				"name": "armLeft",
				"pivot": [2, 17.5, 0],
				"rotation": [0, 0, -20],
				"cubes": [
					{"origin": [2, 8.5, -1], "size": [2, 8, 2], "uv": [0, 28], "mirror": true}
				]
			},
			{
				"name": "armLeftPositioningBone",
				"parent": "armLeft",
				"pivot": [3, 8.5, 0]
			},
			{
				"name": "bone23",
				"parent": "armLeft",
				"pivot": [4, 14.5, 0],
				"rotation": [0, 0, 37.5],
				"cubes": [
					{"origin": [1, 13.7, -2], "size": [4, 1, 4], "uv": [47, 16], "mirror": true}
				]
			},
			{
				"name": "body",
				"pivot": [0, 10.5, 0],
				"cubes": [
					{"origin": [-3, 8.999, -2.5], "size": [6, 9, 5], "uv": [12, 16]},
					{"origin": [-3, 8.999, -2.5], "size": [6, 9, 5], "uv": [12, 30], "inflate": 0.3}
				]
			},
			{
				"name": "bone5",
				"parent": "body",
				"pivot": [0, 10.5, 0],
				"rotation": [10, 0, 0]
			},
			{
				"name": "bone6",
				"parent": "bone5",
				"pivot": [0, 21.5, 0]
			},
			{
				"name": "bone7",
				"parent": "bone6",
				"pivot": [0, 11, 0],
				"rotation": [30, 0, 0],
				"cubes": [
					{"origin": [-5, 11, 5.88191], "size": [10, 1, 1], "uv": [29, 18]}
				]
			},
			{
				"name": "bone20",
				"parent": "bone7",
				"pivot": [0, 9.06928, 6.30462],
				"rotation": [-22.5, 0, 0],
				"cubes": [
					{"origin": [-5, -2.93072, 5.8], "size": [10, 14, 0], "uv": [24, 44]}
				]
			},
			{
				"name": "bone8",
				"parent": "bone6",
				"pivot": [-1, 11, 0],
				"rotation": [30, -72, 0],
				"cubes": [
					{"origin": [-6, 11, 5.88191], "size": [9, 1, 1], "uv": [29, 16]}
				]
			},
			{
				"name": "bone17",
				"parent": "bone8",
				"pivot": [-1, 11, 6],
				"rotation": [-12.5, 0, 17.5],
				"cubes": [
					{"origin": [-5.49294, -1.53717, 6.5], "size": [9, 14, 0], "uv": [6, 44]}
				]
			},
			{
				"name": "bone11",
				"parent": "bone6",
				"pivot": [1, 11, 0],
				"rotation": [30, -288, 0],
				"cubes": [
					{"origin": [-3, 11, 5.88191], "size": [9, 1, 1], "uv": [29, 16]}
				]
			},
			{
				"name": "bone18",
				"parent": "bone6",
				"pivot": [1, 11, 0],
				"rotation": [30, 72, 0]
			},
			{
				"name": "bone19",
				"parent": "bone18",
				"pivot": [1, 11, 6],
				"rotation": [-12.5, 0, -17.5],
				"cubes": [
					{"origin": [-3.50706, -1.53717, 6.5], "size": [9, 14, 0], "uv": [6, 44], "mirror": true}
				]
			},
			{
				"name": "bone21",
				"parent": "body",
				"pivot": [0, 14.5, -1],
				"rotation": [57.5, 0, 0],
				"cubes": [
					{"origin": [-3, 14.2, -2], "size": [6, 3, 3], "uv": [34, 32], "inflate": -0.01}
				]
			},
			{
				"name": "bone32",
				"parent": "bone21",
				"pivot": [0, 14.5, -1],
				"rotation": [30, 0, 0],
				"cubes": [
					{"origin": [-1.5, 15, -2.5], "size": [3, 2, 2], "uv": [-1, 0]}
				]
			},
			{
				"name": "m",
				"parent": "body",
				"pivot": [0, 10.5, 0]
			},
			{
				"name": "bone26",
				"parent": "m",
				"pivot": [0, 8.5, 4],
				"rotation": [-15, 0, 0],
				"cubes": [
					{"origin": [-3, 7, -3.5], "size": [6, 4, 0], "uv": [44, 38]}
				]
			},
			{
				"name": "bone27",
				"parent": "m",
				"pivot": [0, 10.5, -4],
				"rotation": [170, 0, 180],
				"cubes": [
					{"origin": [-3, 1.5, -11], "size": [6, 11, 0], "uv": [44, 38]}
				]
			},
			{
				"name": "bone28",
				"parent": "m",
				"pivot": [-3, 10.5, 0],
				"rotation": [0, -90, -12.5],
				"cubes": [
					{"origin": [-5.5, 1.5, -6.5], "size": [5, 11, 0], "uv": [45, 38]}
				]
			},
			{
				"name": "bone29",
				"parent": "m",
				"pivot": [3, 10.5, 0],
				"rotation": [0, 90, 12.5],
				"cubes": [
					{"origin": [0.5, 1.5, -6.5], "size": [5, 11, 0], "uv": [45, 38], "mirror": true}
				]
			},
			{
				"name": "legLeft",
				"pivot": [2, 9, 0],
				"cubes": [
					{"origin": [0.499, 0, -1.5], "size": [3, 9, 3], "uv": [0, 16], "mirror": true}
				]
			},
			{
				"name": "bone24",
				"parent": "legLeft",
				"pivot": [1, 11, 0],
				"rotation": [0, 0, -17.5],
				"cubes": [
					{"origin": [-1, 7, -2], "size": [4, 1, 4], "uv": [48, 21]}
				]
			},
			{
				"name": "legRight",
				"pivot": [-2, 9, 0],
				"cubes": [
					{"origin": [-3.499, 0, -1.5], "size": [3, 9, 3], "uv": [0, 16]}
				]
			},
			{
				"name": "bone25",
				"parent": "legRight",
				"pivot": [-1, 11, 0],
				"rotation": [0, 0, 17.5],
				"cubes": [
					{"origin": [-3, 7, -2], "size": [4, 1, 4], "uv": [48, 21], "mirror": true}
				]
			},
			{
				"name": "bone30",
				"pivot": [0, 0, 0]
			},
			{
				"name": "chestPlate",
				"parent": "bone30",
				"pivot": [0, 0, 0]
			},
			{
				"name": "sinFloat",
				"parent": "chestPlate",
				"pivot": [0, 20, 9]
			},
			{
				"name": "bone31",
				"parent": "sinFloat",
				"pivot": [0, 20, 13],
				"rotation": [-12.68664, 9.76061, -2.18558],
				"cubes": [
					{"origin": [-2.5, 38, 23], "size": [4, 4, 4], "uv": [44, 49], "inflate": 15}
				]
			}
		]
	}
}