{
	"format_version": "1.10.0",
	"geometry.model": {
		"texturewidth": 64,
		"textureheight": 64,
		"visible_bounds_width": 3,
		"visible_bounds_height": 4,
		"visible_bounds_offset": [0, 1, 0],
		"bones": [
			{
				"name": "head",
				"pivot": [0, 18, 0],
				"cubes": [
					{"origin": [-4, 18, -4], "size": [8, 8, 8], "uv": [0, 0]},
					{"origin": [-4, 18, -4], "size": [8, 8, 8], "uv": [32, 0], "inflate": 0.3}
				]
			},
			{
				"name": "blink",
				"parent": "head",
				"pivot": [0, 18, 0],
				"cubes": [
					{"origin": [-4, 18, -4.001], "size": [8, 8, 0], "uv": [24, 0]}
				]
			},
			{
				"name": "bone11",
				"parent": "head",
				"pivot": [0, 15, 1],
				"rotation": [-29.75327, -7.15286, -7.43713],
				"cubes": [
					{"origin": [2.5, 12, -4], "size": [2, 5, 2], "uv": [22, 9]}
				]
			},
			{
				"name": "bone12",
				"parent": "bone11",
				"pivot": [1, 14, 2],
				"rotation": [-12.5, 0, 15],
				"cubes": [
					{"origin": [2.89838, 9.13258, -3.68312], "size": [2, 3, 2], "uv": [42, 21]}
				]
			},
			{
				"name": "bone13",
				"parent": "head",
				"pivot": [0, 16, 0],
				"rotation": [-12.5, 0, -7.5],
				"cubes": [
					{"origin": [-3.8, 14.8, -5], "size": [1, 4, 1], "uv": [24, 11]}
				]
			},
			{
				"name": "bone14",
				"parent": "bone13",
				"pivot": [0, 16, 0],
				"rotation": [-14.65993, -3.21132, -17.08681],
				"cubes": [
					{"origin": [-4.25869, 12.76355, -4.60595], "size": [1, 2, 1], "uv": [34, 22]}
				]
			},
			{
				"name": "bone3",
				"parent": "head",
				"pivot": [0, 22, 4],
				"rotation": [-12.5, 0, 0]
			},
			{
				"name": "bone7",
				"parent": "bone3",
				"pivot": [-2, 12, 4],
				"rotation": [24.76758, -2.15393, 12.31594],
				"cubes": [
					{"origin": [-6.6, 5, 7], "size": [6, 17, 1], "uv": [50, 16]}
				]
			},
			{
				"name": "bone10",
				"parent": "bone3",
				"pivot": [0, 5, 7],
				"rotation": [-7.5, 0, -15],
				"cubes": [
					{"origin": [2.36257, 2.77244, 9.18298], "size": [6, 4, 1], "uv": [36, 16], "mirror": true}
				]
			},
			{
				"name": "bone39",
				"parent": "bone3",
				"pivot": [2, 12, 4],
				"rotation": [24.76758, 2.15393, -12.31594],
				"cubes": [
					{"origin": [0.6, 5, 7], "size": [6, 17, 1], "uv": [50, 16], "mirror": true}
				]
			},
			{
				"name": "bone9",
				"parent": "bone3",
				"pivot": [0, 5, 7],
				"rotation": [-7.5, 0, 15],
				"cubes": [
					{"origin": [-8.36257, 2.77244, 9.18298], "size": [6, 4, 1], "uv": [36, 16]}
				]
			},
			{
				"name": "helmet",
				"parent": "head",
				"pivot": [5, 19, 0]
			},
			{
				"name": "bone8",
				"parent": "helmet",
				"pivot": [6, 19, -1],
				"rotation": [0, 35, 0],
				"cubes": [
					{"origin": [4.5, 19, -2.5], "size": [3, 3, 0], "uv": [0, 3]}
				]
			},
			{
				"name": "bone15",
				"parent": "helmet",
				"pivot": [5, 19, 1],
				"rotation": [0, -17.5, 0],
				"cubes": [
					{"origin": [3.5, 19, -0.5], "size": [3, 3, 0], "uv": [0, 0]}
				]
			},
			{
				"name": "armRight",
				"pivot": [-2, 17.5, 0],
				"rotation": [0, 0, 17.5],
				"cubes": [
					{"origin": [-4, 8.5, -1], "size": [2, 8, 2], "uv": [0, 40]},
					{"origin": [-4.5, 9, -1.5], "size": [3, 2, 3], "uv": [20, 44], "mirror": true}
				]
			},
			{
				"name": "armRightPositioningBone",
				"parent": "armRight",
				"pivot": [-3, 8.5, 0]
			},
			{
				"name": "armLeft",
				"pivot": [2, 17.5, 0],
				"rotation": [0, 0, -17.5],
				"cubes": [
					{"origin": [2, 8.5, -1], "size": [2, 8, 2], "uv": [0, 40]},
					{"origin": [1.5, 9, -1.5], "size": [3, 2, 3], "uv": [20, 44]}
				]
			},
			{
				"name": "armLeftPositioningBone",
				"parent": "armLeft",
				"pivot": [3, 8.5, 0]
			},
			{
				"name": "body",
				"pivot": [0, 10.5, 0],
				"cubes": [
					{"origin": [-3, 8.999, -2.5], "size": [6, 9, 5], "uv": [12, 16]},
					{"origin": [-3, 8.999, -2.5], "size": [6, 9, 5], "uv": [12, 30], "inflate": 0.3}
				]
			},
			{
				"name": "sittingRotationSkirt",
				"parent": "body",
				"pivot": [0, 10.5, 0]
			},
			{
				"name": "bone",
				"parent": "sittingRotationSkirt",
				"pivot": [0, 10.5, 0],
				"rotation": [0, 0, -10],
				"cubes": [
					{"origin": [-0.5, 8.5, -2.5], "size": [4, 3, 5], "uv": [29, 39], "inflate": 0.2}
				]
			},
			{
				"name": "bone2",
				"parent": "sittingRotationSkirt",
				"pivot": [0, 10.5, 0],
				"rotation": [0, 0, 10],
				"cubes": [
					{"origin": [-3.5, 8.5, -2.5], "size": [4, 3, 5], "uv": [29, 25], "inflate": 0.2}
				]
			},
			{
				"name": "xiong",
				"parent": "body",
				"pivot": [0, 10.5, 0],
				"rotation": [-45, 0, 0],
				"cubes": [
					{"origin": [-3, 11, -6.2], "size": [6, 2, 3], "uv": [34, 34], "inflate": -0.1},
					{"origin": [-0.5, 10.9, -6.3], "size": [1, 2, 2], "uv": [29, 16]}
				]
			},
			{
				"name": "bone5",
				"parent": "body",
				"pivot": [-3, 13.5, -2],
				"rotation": [-28.34408, 10.05471, 34.84822],
				"cubes": [
					{"origin": [-4.8, 15.3, -4.8], "size": [2.8, 2, 0], "uv": [9, 16], "mirror": true}
				]
			},
			{
				"name": "bone6",
				"parent": "body",
				"pivot": [3, 13.5, -2],
				"rotation": [-28.34408, -10.05471, -34.84822],
				"cubes": [
					{"origin": [2, 15.3, -4.8], "size": [2.8, 2, 0], "uv": [9, 16]}
				]
			},
			{
				"name": "bone4",
				"parent": "body",
				"pivot": [0, 10.5, 0],
				"cubes": [
					{"origin": [-0.5, 9.5, -3], "size": [1, 7, 0], "uv": [8, 43]}
				]
			},
			{
				"name": "legLeft",
				"pivot": [2, 9, 0],
				"cubes": [
					{"origin": [0.499, 0, -1.5], "size": [3, 9, 3], "uv": [0, 28]}
				]
			},
			{
				"name": "legRight",
				"pivot": [-2, 9, 0],
				"cubes": [
					{"origin": [-3.499, 0, -1.5], "size": [3, 9, 3], "uv": [0, 16]}
				]
			}
		]
	}
}