{
	"format_version": "1.10.0",
	"geometry.model": {
		"texturewidth": 72,
		"textureheight": 72,
		"visible_bounds_width": 4,
		"visible_bounds_height": 4,
		"visible_bounds_offset": [0, 1, 0],
		"bones": [
			{
				"name": "head",
				"pivot": [0, 18, 0],
				"cubes": [
					{"origin": [-4, 18, -4], "size": [8, 8, 8], "uv": [0, 0], "inflate": 0.2},
					{"origin": [-4, 18, -4], "size": [8, 8, 8], "uv": [32, 0], "inflate": 0.5}
				]
			},
			{
				"name": "bone8",
				"parent": "head",
				"pivot": [-4, 21, -4],
				"rotation": [-20.36057, -22.52101, 44.09531],
				"cubes": [
					{"origin": [-1, 27.5, -5], "size": [2, 4, 1], "uv": [56, 3], "inflate": 0.2}
				]
			},
			{
				"name": "bone9",
				"parent": "head",
				"pivot": [4, 21, -4],
				"rotation": [-20.36057, 22.52101, -44.09531],
				"cubes": [
					{"origin": [-1, 27.5, -5], "size": [2, 4, 1], "uv": [56, 3], "inflate": 0.2, "mirror": true}
				]
			},
			{
				"name": "bone11",
				"parent": "head",
				"pivot": [0, 16, -2],
				"rotation": [5.81732, 42.07634, 15.64105],
				"cubes": [
					{"origin": [-8.2, 16.5, -4.8], "size": [2, 8, 2], "uv": [42, 16], "mirror": true}
				]
			},
			{
				"name": "bone12",
				"parent": "head",
				"pivot": [0, 16, -2],
				"rotation": [5.81732, -42.07634, -15.64105],
				"cubes": [
					{"origin": [6.2, 16.5, -4.8], "size": [2, 8, 2], "uv": [42, 16]}
				]
			},
			{
				"name": "blink",
				"parent": "head",
				"pivot": [0, 18, 0],
				"cubes": [
					{"origin": [-4, 18, -4.001], "size": [8, 5, 1], "uv": [0, 44], "inflate": 0.2}
				]
			},
			{
				"name": "armRight",
				"pivot": [-2, 17.5, 0],
				"rotation": [0, 0, 25],
				"cubes": [
					{"origin": [-4, 8.5, -1], "size": [2, 8, 2], "uv": [34, 16]},
					{"origin": [-4.5, 12.5, -1.5], "size": [3, 4, 3], "uv": [31, 27], "inflate": -0.1, "mirror": true}
				]
			},
			{
				"name": "armRightPositioningBone",
				"parent": "armRight",
				"pivot": [-3, 8.5, 0]
			},
			{
				"name": "armLeft",
				"pivot": [2, 17.5, 0],
				"rotation": [0, 0, -25],
				"cubes": [
					{"origin": [2, 8.5, -1], "size": [2, 8, 2], "uv": [34, 16]},
					{"origin": [1.5, 12.5, -1.5], "size": [3, 4, 3], "uv": [31, 27], "inflate": -0.1}
				]
			},
			{
				"name": "armLeftPositioningBone",
				"parent": "armLeft",
				"pivot": [3, 8.5, 0]
			},
			{
				"name": "body",
				"pivot": [0, 10.5, 0],
				"cubes": [
					{"origin": [-3, 8.999, -2.5], "size": [6, 9, 5], "uv": [12, 16]},
					{"origin": [-3, 8.2, -2.5], "size": [6, 9, 5], "uv": [12, 30], "inflate": 0.5}
				]
			},
			{
				"name": "sittingRotationSkirt",
				"parent": "body",
				"pivot": [0, 10.5, 0]
			},
			{
				"name": "bone3",
				"parent": "sittingRotationSkirt",
				"pivot": [0, 18.5, 0]
			},
			{
				"name": "bone4",
				"parent": "bone3",
				"pivot": [0, 8, 0]
			},
			{
				"name": "bone5",
				"parent": "bone4",
				"pivot": [0, 8, 4.81637],
				"rotation": [30, 0, 0]
			},
			{
				"name": "bone6",
				"parent": "bone5",
				"pivot": [0, 8, 4.81637],
				"rotation": [0, -45, 0],
				"cubes": [
					{"origin": [-1.2, 8.5, 3.62], "size": [2, 4, 2], "uv": [0, 1]}
				]
			},
			{
				"name": "bone7",
				"parent": "bone3",
				"pivot": [0, 8, 0],
				"rotation": [0, -32.72727, 0]
			},
			{
				"name": "bone10",
				"parent": "bone7",
				"pivot": [0, 8, 4.81637],
				"rotation": [30, 0, 0]
			},
			{
				"name": "bone13",
				"parent": "bone10",
				"pivot": [0, 8, 4.81637],
				"rotation": [0, -45, 0],
				"cubes": [
					{"origin": [-1, 8.5, 3.81637], "size": [2, 4, 2], "uv": [0, 1]}
				]
			},
			{
				"name": "bone14",
				"parent": "bone3",
				"pivot": [0, 8, 0],
				"rotation": [0, -65.45455, 0]
			},
			{
				"name": "bone15",
				"parent": "bone14",
				"pivot": [0, 8, 4.81637],
				"rotation": [30, 0, 0]
			},
			{
				"name": "bone16",
				"parent": "bone15",
				"pivot": [0, 8, 4.81637],
				"rotation": [0, -45, 0],
				"cubes": [
					{"origin": [-1, 8.5, 3.81637], "size": [2, 5, 2], "uv": [0, 0]}
				]
			},
			{
				"name": "bone17",
				"parent": "bone3",
				"pivot": [0, 8, 0],
				"rotation": [0, -98.18182, 0]
			},
			{
				"name": "bone18",
				"parent": "bone17",
				"pivot": [0, 8, 4.81637],
				"rotation": [30, 0, 0]
			},
			{
				"name": "bone19",
				"parent": "bone18",
				"pivot": [0, 8, 4.81637],
				"rotation": [0, -45, 0],
				"cubes": [
					{"origin": [-1, 8.5, 3.81637], "size": [2, 5, 2], "uv": [0, 0]}
				]
			},
			{
				"name": "bone20",
				"parent": "bone3",
				"pivot": [0, 8, 0],
				"rotation": [0, -130.90909, 0]
			},
			{
				"name": "bone21",
				"parent": "bone20",
				"pivot": [0, 8, 4.81637],
				"rotation": [30, 0, 0]
			},
			{
				"name": "bone22",
				"parent": "bone21",
				"pivot": [0, 8, 4.81637],
				"rotation": [0, -45, 0],
				"cubes": [
					{"origin": [-1, 8.5, 3.81637], "size": [2, 5, 2], "uv": [0, 0]}
				]
			},
			{
				"name": "bone23",
				"parent": "bone3",
				"pivot": [0, 8, 0],
				"rotation": [0, -163.63636, 0]
			},
			{
				"name": "bone24",
				"parent": "bone23",
				"pivot": [0, 8, 4.81637],
				"rotation": [30, 0, 0]
			},
			{
				"name": "bone25",
				"parent": "bone24",
				"pivot": [0, 8, 4.81637],
				"rotation": [0, -45, 0],
				"cubes": [
					{"origin": [-1.2, 8.5, 3.5], "size": [2, 4, 2], "uv": [0, 1]}
				]
			},
			{
				"name": "bone26",
				"parent": "bone3",
				"pivot": [0, 8, 0],
				"rotation": [0, -196.36364, 0]
			},
			{
				"name": "bone27",
				"parent": "bone26",
				"pivot": [0, 8, 4.81637],
				"rotation": [30, 0, 0]
			},
			{
				"name": "bone28",
				"parent": "bone27",
				"pivot": [0, 8, 4.81637],
				"rotation": [0, -45, 0],
				"cubes": [
					{"origin": [-1.2, 8.5, 3.5], "size": [2, 4, 2], "uv": [0, 1]}
				]
			},
			{
				"name": "bone29",
				"parent": "bone3",
				"pivot": [0, 8, 0],
				"rotation": [0, -229.09091, 0]
			},
			{
				"name": "bone30",
				"parent": "bone29",
				"pivot": [0, 8, 4.81637],
				"rotation": [30, 0, 0]
			},
			{
				"name": "bone31",
				"parent": "bone30",
				"pivot": [0, 8, 4.81637],
				"rotation": [0, -45, 0],
				"cubes": [
					{"origin": [-1, 8.5, 3.81637], "size": [2, 5, 2], "uv": [0, 0]}
				]
			},
			{
				"name": "bone32",
				"parent": "bone3",
				"pivot": [0, 8, 0],
				"rotation": [0, -261.81818, 0]
			},
			{
				"name": "bone33",
				"parent": "bone32",
				"pivot": [0, 8, 4.81637],
				"rotation": [30, 0, 0]
			},
			{
				"name": "bone34",
				"parent": "bone33",
				"pivot": [0, 8, 4.81637],
				"rotation": [0, -45, 0],
				"cubes": [
					{"origin": [-1, 8.5, 3.81637], "size": [2, 5, 2], "uv": [0, 0]}
				]
			},
			{
				"name": "bone35",
				"parent": "bone3",
				"pivot": [0, 8, 0],
				"rotation": [0, -294.54545, 0]
			},
			{
				"name": "bone36",
				"parent": "bone35",
				"pivot": [0, 8, 4.81637],
				"rotation": [30, 0, 0]
			},
			{
				"name": "bone37",
				"parent": "bone36",
				"pivot": [0, 8, 4.81637],
				"rotation": [0, -45, 0],
				"cubes": [
					{"origin": [-1, 8.5, 3.81637], "size": [2, 5, 2], "uv": [0, 0]}
				]
			},
			{
				"name": "bone38",
				"parent": "bone3",
				"pivot": [0, 8, 0],
				"rotation": [0, -327.27273, 0]
			},
			{
				"name": "bone39",
				"parent": "bone38",
				"pivot": [0, 8, 4.81637],
				"rotation": [30, 0, 0]
			},
			{
				"name": "bone40",
				"parent": "bone39",
				"pivot": [0, 8, 4.81637],
				"rotation": [0, -45, 0],
				"cubes": [
					{"origin": [-1, 8.5, 3.81637], "size": [2, 4, 2], "uv": [0, 1]}
				]
			},
			{
				"name": "bone41",
				"parent": "body",
				"pivot": [3, 11.5, 0],
				"rotation": [-9.91615, -1.29876, -32.38733],
				"cubes": [
					{"origin": [0, 15.5, -4], "size": [3, 4, 0], "uv": [34, 34]}
				]
			},
			{
				"name": "bone42",
				"parent": "body",
				"pivot": [-3, 11.5, 0],
				"rotation": [-9.91615, 1.29876, 32.38733],
				"cubes": [
					{"origin": [-3, 15.5, -4], "size": [3, 4, 0], "uv": [34, 34], "mirror": true}
				]
			},
			{
				"name": "bone43",
				"parent": "body",
				"pivot": [0, 9.5, 1],
				"rotation": [10, 0, 0],
				"cubes": [
					{"origin": [-3, 14.3, 4], "size": [6, 3, 0], "uv": [0, 41]}
				]
			},
			{
				"name": "bone44",
				"parent": "body",
				"pivot": [-2, 14.5, -3],
				"rotation": [-17.5, 0, 30],
				"cubes": [
					{"origin": [-1.5, 14.5, -4], "size": [1, 2, 0], "uv": [24, 6]}
				]
			},
			{
				"name": "bone45",
				"parent": "body",
				"pivot": [2, 14.5, -3],
				"rotation": [-17.5, 0, -30],
				"cubes": [
					{"origin": [0.5, 14.5, -4], "size": [1, 2, 0], "uv": [24, 6], "mirror": true}
				]
			},
			{
				"name": "legLeft",
				"pivot": [2, 9, 0],
				"cubes": [
					{"origin": [0.499, 0, -1.5], "size": [3, 9, 3], "uv": [0, 16]}
				]
			},
			{
				"name": "legRight",
				"pivot": [-2, 9, 0],
				"cubes": [
					{"origin": [-3.499, 0, -1.5], "size": [3, 9, 3], "uv": [0, 28]}
				]
			},
			{
				"name": "tail",
				"pivot": [0, 9, 4],
				"rotation": [-45, 0, 0],
				"cubes": [
					{"origin": [-0.5, 8, 1], "size": [1, 1, 6], "uv": [40, 33]}
				]
			},
			{
				"name": "bone",
				"parent": "tail",
				"pivot": [0, 9, 4],
				"rotation": [25, 0, 0],
				"cubes": [
					{"origin": [-0.5, 6.82584, 6.29631], "size": [1, 1, 5], "uv": [45, 21]}
				]
			},
			{
				"name": "bone2",
				"parent": "bone",
				"pivot": [0, 9, 9],
				"rotation": [30, 0, 0],
				"cubes": [
					{"origin": [-0.5, 5.96897, 9.90158], "size": [1, 1, 4], "uv": [36, 34]}
				]
			},
			{
				"name": "sinFloat",
				"pivot": [0, -8, 0]
			},
			{
				"name": "chestPlate",
				"parent": "sinFloat",
				"pivot": [0, -8, 0]
			},
			{
				"name": "bone46",
				"parent": "chestPlate",
				"pivot": [0, 5, -9]
			},
			{
				"name": "bone47",
				"parent": "bone46",
				"pivot": [-8, 9, -1],
				"rotation": [-12.5, 42.5, 0],
				"cubes": [
					{"origin": [4, 12, 2], "size": [2, 9, 7], "uv": [50, 20], "inflate": -1}
				]
			},
			{
				"name": "bone48",
				"parent": "bone47",
				"pivot": [5, 16, 8],
				"rotation": [-7.5, -30, 0],
				"cubes": [
					{"origin": [4, 12, 6.4], "size": [2, 9, 7], "uv": [47, 39], "inflate": -1}
				]
			},
			{
				"name": "bone49",
				"parent": "bone48",
				"pivot": [5, 16, 13],
				"rotation": [2.5, -22.5, 0],
				"cubes": [
					{"origin": [3.77039, 12.02703, 11.31534], "size": [2, 9, 7], "uv": [50, 20], "inflate": -1}
				]
			},
			{
				"name": "bone50",
				"parent": "bone46",
				"pivot": [-4, 10, -2],
				"rotation": [-30.74824, -35.09965, 23.17175],
				"cubes": [
					{"origin": [8.64497, 11.70283, -6.3466], "size": [2, 9, 7], "uv": [50, 20], "inflate": -1}
				]
			},
			{
				"name": "bone51",
				"parent": "bone50",
				"pivot": [9, 17, 7],
				"rotation": [-7.5, -30, 0],
				"cubes": [
					{"origin": [4.88526, 10.80716, -0.98043], "size": [2, 9, 7], "uv": [29, 39], "inflate": -1}
				]
			},
			{
				"name": "bone52",
				"parent": "bone51",
				"pivot": [9, 16, 12],
				"rotation": [-10, -22.5, 0],
				"cubes": [
					{"origin": [2.45106, 10.04141, 5.52138], "size": [2, 9, 7], "uv": [50, 20], "inflate": -1}
				]
			},
			{
				"name": "bone53",
				"parent": "bone46",
				"pivot": [8, 11, -1],
				"rotation": [-150.42382, -55.35163, 122.20764],
				"cubes": [
					{"origin": [20, 14, 2], "size": [2, 9, 7], "uv": [50, 20], "inflate": -1}
				]
			},
			{
				"name": "bone54",
				"parent": "bone53",
				"pivot": [21, 18, 8],
				"rotation": [-7.5, -30, 0],
				"cubes": [
					{"origin": [20, 14, 6.4], "size": [2, 9, 7], "uv": [50, 20], "inflate": -1}
				]
			},
			{
				"name": "bone55",
				"parent": "bone54",
				"pivot": [21, 18, 13],
				"rotation": [2.5, -22.5, 0],
				"cubes": [
					{"origin": [19.77039, 14.02703, 11.31534], "size": [2, 9, 7], "uv": [47, 39], "inflate": -1}
				]
			}
		]
	}
}