{
	"format_version": "1.10.0",
	"geometry.model": {
		"texturewidth": 64,
		"textureheight": 64,
		"visible_bounds_width": 4,
		"visible_bounds_height": 4,
		"visible_bounds_offset": [0, 1, 0],
		"bones": [
			{
				"name": "head",
				"pivot": [0, 18, 0],
				"cubes": [
					{"origin": [-4, 18, -4], "size": [8, 8, 8], "uv": [0, 0], "inflate": 0.2},
					{"origin": [-4, 18, -4], "size": [8, 8, 8], "uv": [32, 0], "inflate": 0.5}
				]
			},
			{
				"name": "blink",
				"parent": "head",
				"pivot": [0, 18, 0],
				"cubes": [
					{"origin": [-4, 18, -4.001], "size": [8, 8, 1], "uv": [37, 45], "inflate": 0.2}
				]
			},
			{
				"name": "bone2",
				"parent": "head",
				"pivot": [-2, 13, -3],
				"rotation": [-8.23218, 4.2453, 10.43771],
				"cubes": [
					{"origin": [-7.8, 4, -4], "size": [2, 20, 2], "uv": [56, 16], "inflate": 0.1, "mirror": true}
				]
			},
			{
				"name": "bone",
				"parent": "head",
				"pivot": [2, 13, -3],
				"rotation": [-8.23218, -4.2453, -10.43771],
				"cubes": [
					{"origin": [5.8, 4, -4], "size": [2, 20, 2], "uv": [56, 16], "inflate": 0.1}
				]
			},
			{
				"name": "bone3",
				"parent": "head",
				"pivot": [1, 27, 4],
				"rotation": [26.06705, 8.14909, -36.63813],
				"cubes": [
					{"origin": [-4.8, 29, -1.5], "size": [3, 5, 3], "uv": [30, 16], "inflate": 0.2}
				]
			},
			{
				"name": "bone4",
				"parent": "head",
				"pivot": [-1, 27, 4],
				"rotation": [26.06705, -8.14909, 36.63813],
				"cubes": [
					{"origin": [1.8, 29, -1.5], "size": [3, 5, 3], "uv": [30, 16], "inflate": 0.2, "mirror": true}
				]
			},
			{
				"name": "bone5",
				"parent": "head",
				"pivot": [-4, 24, -2],
				"rotation": [-17.71744, 38.52257, 43.57308],
				"cubes": [
					{"origin": [-6.19926, 21, -2.15592], "size": [3, 4, 3], "uv": [42, 16], "inflate": 0.5}
				]
			},
			{
				"name": "bone6",
				"parent": "head",
				"pivot": [4, 24, -2],
				"rotation": [-17.71744, -38.52257, -43.57308],
				"cubes": [
					{"origin": [3.19926, 21, -2.15592], "size": [3, 4, 3], "uv": [42, 16], "inflate": 0.5, "mirror": true}
				]
			},
			{
				"name": "armRight",
				"pivot": [-2, 17.5, 0],
				"rotation": [0, 0, 25],
				"cubes": [
					{"origin": [-4, 8.5, -1], "size": [2, 8, 2], "uv": [22, 16], "mirror": true},
					{"origin": [-4, 9.5, -1], "size": [2, 5, 2], "uv": [0, 0], "inflate": 0.4}
				]
			},
			{
				"name": "armRightPositioningBone",
				"parent": "armRight",
				"pivot": [-3, 8.5, 0]
			},
			{
				"name": "armLeft",
				"pivot": [2, 17.5, 0],
				"rotation": [0, 0, -25],
				"cubes": [
					{"origin": [2, 8.5, -1], "size": [2, 8, 2], "uv": [22, 16]},
					{"origin": [2, 9.5, -1], "size": [2, 5, 2], "uv": [0, 0], "inflate": 0.4}
				]
			},
			{
				"name": "armLeftPositioningBone",
				"parent": "armLeft",
				"pivot": [3, 8.5, 0]
			},
			{
				"name": "body",
				"pivot": [0, 10.5, 0],
				"cubes": [
					{"origin": [-3, 8.999, -2.5], "size": [6, 9, 5], "uv": [0, 16], "inflate": -0.1},
					{"origin": [-3, 8.999, -2.5], "size": [6, 9, 5], "uv": [0, 30], "inflate": 0.3}
				]
			},
			{
				"name": "sittingRotationSkirt",
				"parent": "body",
				"pivot": [0, 10.5, 0]
			},
			{
				"name": "bone7",
				"parent": "sittingRotationSkirt",
				"pivot": [-1, 10.5, 0],
				"rotation": [0, 0, -5],
				"cubes": [
					{"origin": [-1.6, 8.3, -2.5], "size": [5, 4, 5], "uv": [17, 39], "inflate": 0.01}
				]
			},
			{
				"name": "bone8",
				"parent": "sittingRotationSkirt",
				"pivot": [1, 10.5, 0],
				"rotation": [0, 0, 5],
				"cubes": [
					{"origin": [-3.4, 8.3, -2.5], "size": [5, 4, 5], "uv": [17, 39], "mirror": true}
				]
			},
			{
				"name": "bone9",
				"parent": "body",
				"pivot": [-2, 11.5, 0],
				"rotation": [-7.47178, 0.65182, 24.95744],
				"cubes": [
					{"origin": [-4, 12.5, -4], "size": [3, 5, 1], "uv": [56, 0]}
				]
			},
			{
				"name": "bone10",
				"parent": "body",
				"pivot": [2, 11.5, 0],
				"rotation": [-7.47178, -0.65182, -24.95744],
				"cubes": [
					{"origin": [1, 12.5, -4], "size": [3, 5, 1], "uv": [56, 0], "inflate": 0.01, "mirror": true}
				]
			},
			{
				"name": "chestPlate",
				"parent": "body",
				"pivot": [0, 10.5, 0]
			},
			{
				"name": "bone11",
				"parent": "chestPlate",
				"pivot": [0, 10.5, 2],
				"rotation": [5, 0, 0],
				"cubes": [
					{"origin": [-2, 17.3, -3], "size": [4, 1, 4], "uv": [26, 24], "inflate": 0.2}
				]
			},
			{
				"name": "bone15",
				"parent": "chestPlate",
				"pivot": [-2, 17.5, 3],
				"rotation": [12.44081, -0.54094, 12.48848],
				"cubes": [
					{"origin": [-2.56671, 4.14438, 2.70037], "size": [2, 14, 0], "uv": [52, 23]}
				]
			},
			{
				"name": "bone12",
				"parent": "body",
				"pivot": [0, 10.5, 2],
				"rotation": [-15, 0, 0],
				"cubes": [
					{"origin": [-3.5, 7.2, -3], "size": [7, 5, 1], "uv": [12, 48], "inflate": -0.1},
					{"origin": [-4, 6, -3], "size": [8, 6, 0], "uv": [37, 39]}
				]
			},
			{
				"name": "legLeft",
				"pivot": [2, 9, 0],
				"cubes": [
					{"origin": [0.499, 0, -1.5], "size": [3, 9, 3], "uv": [0, 44]},
					{"origin": [0.5, 0.2, -1.5], "size": [3, 5, 3], "uv": [36, 31], "inflate": 0.3}
				]
			},
			{
				"name": "legRight",
				"pivot": [-2, 9, 0],
				"cubes": [
					{"origin": [-3.499, 0, -1.5], "size": [3, 9, 3], "uv": [0, 44]},
					{"origin": [-3.5, 0.2, -1.5], "size": [3, 5, 3], "uv": [36, 31], "inflate": 0.3}
				]
			},
			{
				"name": "tail",
				"pivot": [0, 9, 2]
			},
			{
				"name": "bone13",
				"parent": "tail",
				"pivot": [0, 8, 3],
				"rotation": [-10, 0, 0],
				"cubes": [
					{"origin": [-1, 8, 2], "size": [2, 2, 5], "uv": [22, 29], "inflate": 0.1}
				]
			},
			{
				"name": "bone14",
				"parent": "bone13",
				"pivot": [0, 6, 3],
				"rotation": [25, 0, 0],
				"cubes": [
					{"origin": [-1, 6.1, 7], "size": [2, 2, 5], "uv": [37, 24], "inflate": -0.2}
				]
			}
		]
	}
}