{
	"format_version": "1.10.0",
	"geometry.model": {
		"texturewidth": 64,
		"textureheight": 64,
		"visible_bounds_width": 3,
		"visible_bounds_height": 4,
		"visible_bounds_offset": [0, 1, 0],
		"bones": [
			{
				"name": "head",
				"pivot": [0, 18, 0],
				"cubes": [
					{"origin": [-4, 18, -4], "size": [8, 8, 8], "uv": [0, 0]},
					{"origin": [-4, 18, -4], "size": [8, 8, 8], "uv": [32, 0], "inflate": 0.3}
				]
			},
			{
				"name": "blink",
				"parent": "head",
				"pivot": [0, 18, 0],
				"cubes": [
					{"origin": [-4, 18, -4.001], "size": [8, 8, 0], "uv": [24, 0]}
				]
			},
			{
				"name": "bone9",
				"parent": "head",
				"pivot": [0, 18, 1],
				"rotation": [-10, 0, 0],
				"cubes": [
					{"origin": [-4.1, 12, -4.5], "size": [1, 6, 1], "uv": [21, 9], "inflate": 0.02},
					{"origin": [3.1, 12, -4.5], "size": [1, 6, 1], "uv": [27, 9], "inflate": 0.02, "mirror": true}
				]
			},
			{
				"name": "bone46",
				"parent": "head",
				"pivot": [0, 16, -1],
				"rotation": [17.5, 0, 0],
				"cubes": [
					{"origin": [-1, 1.2, 3.5], "size": [2, 16, 2], "uv": [52, 16]}
				]
			},
			{
				"name": "bone52",
				"parent": "head",
				"pivot": [0, 16, 2],
				"rotation": [32.5, 0, 0]
			},
			{
				"name": "bone51",
				"parent": "bone52",
				"pivot": [0, 16, 2],
				"cubes": [
					{"origin": [-0.5, 16.3, 5], "size": [1, 2, 2], "uv": [0, 53], "inflate": 0.2}
				]
			},
			{
				"name": "bone50",
				"parent": "bone52",
				"pivot": [0, 16, 2],
				"rotation": [0, 0, 32.5],
				"cubes": [
					{"origin": [-0.5, 16.8, 6], "size": [3, 2, 1], "uv": [56, 3], "inflate": -0.01, "mirror": true}
				]
			},
			{
				"name": "bone49",
				"parent": "bone52",
				"pivot": [1, 16, 2],
				"rotation": [0, 0, -15],
				"cubes": [
					{"origin": [0.8, 16.3, 6], "size": [3, 2, 1], "uv": [56, 0], "mirror": true}
				]
			},
			{
				"name": "bone48",
				"parent": "bone52",
				"pivot": [0, 16, 1],
				"rotation": [0, 0, -32.5],
				"cubes": [
					{"origin": [-2.5, 16.8, 6], "size": [3, 2, 1], "uv": [56, 3], "inflate": -0.01}
				]
			},
			{
				"name": "bone47",
				"parent": "bone52",
				"pivot": [-1, 16, 2],
				"rotation": [0, 0, 15],
				"cubes": [
					{"origin": [-3.8, 16.3, 6], "size": [3, 2, 1], "uv": [56, 0]}
				]
			},
			{
				"name": "armRight",
				"pivot": [-2, 17.5, 0],
				"rotation": [0, 0, 17.5],
				"cubes": [
					{"origin": [-4, 8.5, -1], "size": [2, 8, 2], "uv": [36, 30]},
					{"origin": [-4, 8.3, -1], "size": [2, 5, 2], "uv": [28, 30], "inflate": 0.3},
					{"origin": [-5.5, 9.3, 1], "size": [2, 2, 0], "uv": [60, 16]}
				]
			},
			{
				"name": "h",
				"parent": "armRight",
				"pivot": [-2, 17.5, 0]
			},
			{
				"name": "bone4",
				"parent": "h",
				"pivot": [-1, 16.5, 0],
				"rotation": [0, 0, 25],
				"cubes": [
					{"origin": [-3.45, 11.5, -2.5], "size": [5, 5, 5], "uv": [12, 37], "inflate": 0.31}
				]
			},
			{
				"name": "armRightPositioningBone",
				"parent": "armRight",
				"pivot": [-3, 8.5, 0]
			},
			{
				"name": "armLeft",
				"pivot": [2, 17.5, 0],
				"rotation": [0, 0, -17.5],
				"cubes": [
					{"origin": [2, 8.5, -1], "size": [2, 8, 2], "uv": [36, 30], "mirror": true},
					{"origin": [2, 8.3, -1], "size": [2, 5, 2], "uv": [28, 30], "inflate": 0.3, "mirror": true},
					{"origin": [3.5, 9.3, 1], "size": [2, 2, 0], "uv": [60, 16], "mirror": true}
				]
			},
			{
				"name": "j",
				"parent": "armLeft",
				"pivot": [2, 17.5, 0]
			},
			{
				"name": "bone5",
				"parent": "j",
				"pivot": [1, 16.5, 0],
				"rotation": [0, 0, -25],
				"cubes": [
					{"origin": [-1.55, 11.5, -2.5], "size": [5, 5, 5], "uv": [12, 37], "inflate": 0.309, "mirror": true}
				]
			},
			{
				"name": "armLeftPositioningBone",
				"parent": "armLeft",
				"pivot": [3, 8.5, 0]
			},
			{
				"name": "body",
				"pivot": [0, 10.5, 0],
				"cubes": [
					{"origin": [-3, 8.999, -2.5], "size": [6, 9, 5], "uv": [0, 16], "inflate": -0.1},
					{"origin": [-3, 8.999, -2.5], "size": [6, 9, 5], "uv": [22, 16], "inflate": 0.3}
				]
			},
			{
				"name": "n",
				"parent": "body",
				"pivot": [0, 10.5, 0]
			},
			{
				"name": "bone7",
				"parent": "n",
				"pivot": [0, 10.5, 0],
				"rotation": [10, 0, 0],
				"cubes": [
					{"origin": [-4, 10.7, 4], "size": [8, 7, 0], "uv": [12, 30]}
				]
			},
			{
				"name": "bone45",
				"parent": "n",
				"pivot": [0, 10.5, 0],
				"rotation": [-7.5, 0, 0],
				"cubes": [
					{"origin": [-3, 10.7, -4.45], "size": [6, 4, 0], "uv": [0, 49]}
				]
			},
			{
				"name": "sittingRotationSkirt",
				"parent": "body",
				"pivot": [0, 10.5, 0]
			},
			{
				"name": "bone",
				"parent": "sittingRotationSkirt",
				"pivot": [0, 15.5, 0]
			},
			{
				"name": "bone2",
				"parent": "bone",
				"pivot": [0, 5, -1]
			},
			{
				"name": "bone3",
				"parent": "bone2",
				"pivot": [0, 5, 4.27792],
				"rotation": [20, 0, 0]
			},
			{
				"name": "bone8",
				"parent": "bone3",
				"pivot": [0, 5, 4.27792],
				"rotation": [0, -45, 0],
				"cubes": [
					{"origin": [-1, 5, 3.27792], "size": [2, 8, 2], "uv": [44, 16]}
				]
			},
			{
				"name": "bone10",
				"parent": "bone",
				"pivot": [0, 5, -1],
				"rotation": [0, -30, 0]
			},
			{
				"name": "bone11",
				"parent": "bone10",
				"pivot": [0, 5, 4.27792],
				"rotation": [20, 0, 0]
			},
			{
				"name": "bone12",
				"parent": "bone11",
				"pivot": [0, 5, 4.27792],
				"rotation": [0, -45, 0],
				"cubes": [
					{"origin": [-1, 5, 3.27792], "size": [2, 8, 2], "uv": [44, 16]}
				]
			},
			{
				"name": "bone13",
				"parent": "bone",
				"pivot": [0, 5, 0],
				"rotation": [0, -60, 0]
			},
			{
				"name": "bone14",
				"parent": "bone13",
				"pivot": [0, 5, 5.27792],
				"rotation": [20, 0, 0]
			},
			{
				"name": "bone15",
				"parent": "bone14",
				"pivot": [0, 5, 5.27792],
				"rotation": [0, -45, 0],
				"cubes": [
					{"origin": [-1, 5, 4.27792], "size": [2, 8, 2], "uv": [44, 16]}
				]
			},
			{
				"name": "bone16",
				"parent": "bone",
				"pivot": [0, 5, 0],
				"rotation": [0, -90, 0]
			},
			{
				"name": "bone17",
				"parent": "bone16",
				"pivot": [0, 5, 5.27792],
				"rotation": [20, 0, 0]
			},
			{
				"name": "bone18",
				"parent": "bone17",
				"pivot": [0, 5, 5.27792],
				"rotation": [0, -45, 0],
				"cubes": [
					{"origin": [-1, 5, 4.27792], "size": [2, 8, 2], "uv": [44, 16]}
				]
			},
			{
				"name": "bone19",
				"parent": "bone",
				"pivot": [0, 5, 0],
				"rotation": [0, -120, 0]
			},
			{
				"name": "bone20",
				"parent": "bone19",
				"pivot": [0, 5, 5.27792],
				"rotation": [20, 0, 0]
			},
			{
				"name": "bone21",
				"parent": "bone20",
				"pivot": [0, 5, 5.27792],
				"rotation": [0, -45, 0],
				"cubes": [
					{"origin": [-1, 5, 4.27792], "size": [2, 8, 2], "uv": [44, 16]}
				]
			},
			{
				"name": "bone22",
				"parent": "bone",
				"pivot": [0, 5, 1],
				"rotation": [0, -150, 0]
			},
			{
				"name": "bone23",
				"parent": "bone22",
				"pivot": [0, 5, 6.27792],
				"rotation": [20, 0, 0]
			},
			{
				"name": "bone24",
				"parent": "bone23",
				"pivot": [0, 5, 6.27792],
				"rotation": [0, -45, 0],
				"cubes": [
					{"origin": [-1, 5, 5.27792], "size": [2, 8, 2], "uv": [44, 16]}
				]
			},
			{
				"name": "bone25",
				"parent": "bone",
				"pivot": [0, 5, 0],
				"rotation": [0, -180, 0]
			},
			{
				"name": "bone26",
				"parent": "bone25",
				"pivot": [0, 5, 4.27792],
				"rotation": [20, 0, 0]
			},
			{
				"name": "bone27",
				"parent": "bone26",
				"pivot": [0, 5, 4.27792],
				"rotation": [0, -45, 0],
				"cubes": [
					{"origin": [-1, 5, 3.27792], "size": [2, 8, 2], "uv": [44, 16]}
				]
			},
			{
				"name": "bone28",
				"parent": "bone",
				"pivot": [0, 5, 1],
				"rotation": [0, -210, 0]
			},
			{
				"name": "bone29",
				"parent": "bone28",
				"pivot": [0, 5, 6.27792],
				"rotation": [20, 0, 0]
			},
			{
				"name": "bone30",
				"parent": "bone29",
				"pivot": [0, 5, 6.27792],
				"rotation": [0, -45, 0],
				"cubes": [
					{"origin": [-1, 5, 5.27792], "size": [2, 8, 2], "uv": [44, 16]}
				]
			},
			{
				"name": "bone31",
				"parent": "bone",
				"pivot": [0, 5, 0],
				"rotation": [0, -240, 0]
			},
			{
				"name": "bone32",
				"parent": "bone31",
				"pivot": [0, 5, 5.27792],
				"rotation": [20, 0, 0]
			},
			{
				"name": "bone33",
				"parent": "bone32",
				"pivot": [0, 5, 5.27792],
				"rotation": [0, -45, 0],
				"cubes": [
					{"origin": [-1, 5, 4.27792], "size": [2, 8, 2], "uv": [44, 16]}
				]
			},
			{
				"name": "bone34",
				"parent": "bone",
				"pivot": [0, 5, 0],
				"rotation": [0, -270, 0]
			},
			{
				"name": "bone35",
				"parent": "bone34",
				"pivot": [0, 5, 5.27792],
				"rotation": [20, 0, 0]
			},
			{
				"name": "bone36",
				"parent": "bone35",
				"pivot": [0, 5, 5.27792],
				"rotation": [0, -45, 0],
				"cubes": [
					{"origin": [-1, 5, 4.27792], "size": [2, 8, 2], "uv": [44, 16]}
				]
			},
			{
				"name": "bone37",
				"parent": "bone",
				"pivot": [0, 5, 0],
				"rotation": [0, -300, 0]
			},
			{
				"name": "bone38",
				"parent": "bone37",
				"pivot": [0, 5, 5.27792],
				"rotation": [20, 0, 0]
			},
			{
				"name": "bone39",
				"parent": "bone38",
				"pivot": [0, 5, 5.27792],
				"rotation": [0, -45, 0],
				"cubes": [
					{"origin": [-1, 5, 4.27792], "size": [2, 8, 2], "uv": [44, 16]}
				]
			},
			{
				"name": "bone40",
				"parent": "bone",
				"pivot": [0, 5, -1],
				"rotation": [0, -330, 0]
			},
			{
				"name": "bone41",
				"parent": "bone40",
				"pivot": [0, 5, 4.27792],
				"rotation": [20, 0, 0]
			},
			{
				"name": "bone42",
				"parent": "bone41",
				"pivot": [0, 5, 4.27792],
				"rotation": [0, -45, 0],
				"cubes": [
					{"origin": [-1, 5, 3.27792], "size": [2, 8, 2], "uv": [44, 16]}
				]
			},
			{
				"name": "bone43",
				"parent": "sittingRotationSkirt",
				"pivot": [-3, 5.5, 6],
				"rotation": [-2.59775, 27.38656, -25.63304],
				"cubes": [
					{"origin": [6, -1.5, 3], "size": [0, 5, 2], "uv": [17, 14]}
				]
			},
			{
				"name": "bone44",
				"parent": "sittingRotationSkirt",
				"pivot": [-1, 5.5, 7],
				"rotation": [-30.62245, 42.36824, -26.54279],
				"cubes": [
					{"origin": [8, -1.5, 4], "size": [0, 5, 2], "uv": [21, 14]}
				]
			},
			{
				"name": "bone6",
				"parent": "body",
				"pivot": [0, 8.5, 0],
				"rotation": [-32.5, 0, 0],
				"cubes": [
					{"origin": [-3, 12, -7], "size": [6, 3, 3], "uv": [32, 40], "inflate": -0.11}
				]
			},
			{
				"name": "legLeft",
				"pivot": [2, 9, 0],
				"cubes": [
					{"origin": [0.499, 0, -1.5], "size": [3, 9, 3], "uv": [0, 30], "inflate": -0.05, "mirror": true},
					{"origin": [0.499, 0, -1.5], "size": [3, 4, 3], "uv": [0, 42], "inflate": 0.1, "mirror": true}
				]
			},
			{
				"name": "legRight",
				"pivot": [-2, 9, 0],
				"cubes": [
					{"origin": [-3.499, 0, -1.5], "size": [3, 9, 3], "uv": [0, 30], "inflate": -0.05},
					{"origin": [-3.499, 0, -1.5], "size": [3, 4, 3], "uv": [0, 42], "inflate": 0.1}
				]
			},
			{
				"name": "bone53",
				"pivot": [0, 0, 0]
			},
			{
				"name": "sinFloat",
				"parent": "bone53",
				"pivot": [-2, 0, 0]
			},
			{
				"name": "chestPlate",
				"parent": "sinFloat",
				"pivot": [-2, 13, 10],
				"rotation": [-10, 0, 0]
			},
			{
				"name": "bone54",
				"parent": "chestPlate",
				"pivot": [0, 15, 1],
				"rotation": [0, 5, 22.5],
				"cubes": [
					{"origin": [-1, 16, 8], "size": [3, 11, 0], "uv": [44, 26]}
				]
			},
			{
				"name": "bone55",
				"parent": "chestPlate",
				"pivot": [-4, 14, 1],
				"rotation": [0, 7.5, -37.5],
				"cubes": [
					{"origin": [-5, 12.8, 7.5], "size": [3, 13, 0], "uv": [30, 47]}
				]
			},
			{
				"name": "bone56",
				"parent": "chestPlate",
				"pivot": [0, 13, 0],
				"rotation": [0, -10, 57.5],
				"cubes": [
					{"origin": [-1, 16.2, 7], "size": [3, 12, 0], "uv": [24, 47]}
				]
			},
			{
				"name": "bone57",
				"parent": "chestPlate",
				"pivot": [1, 13, 1],
				"rotation": [0, 15, 110],
				"cubes": [
					{"origin": [0, 13, 6.5], "size": [3, 12, 0], "uv": [18, 47]}
				]
			},
			{
				"name": "bone58",
				"parent": "chestPlate",
				"pivot": [-3, 13, 1],
				"rotation": [0, -5, -97.5],
				"cubes": [
					{"origin": [-4, 11, 8], "size": [3, 13, 0], "uv": [12, 47]}
				]
			},
			{
				"name": "bone59",
				"pivot": [0, 0, 0]
			},
			{
				"name": "leggings",
				"parent": "bone59",
				"pivot": [0, 0, 0]
			},
			{
				"name": "cosFloat",
				"parent": "leggings",
				"pivot": [0, 0, 0]
			},
			{
				"name": "bone60",
				"parent": "cosFloat",
				"pivot": [-7, -7, -7],
				"rotation": [-28.30005, 26.94622, 8.78783],
				"cubes": [
					{"origin": [-12, 8, -20], "size": [6, 1, 5], "uv": [36, 46]}
				]
			}
		]
	}
}