{
	"format_version": "1.10.0",
	"geometry.model": {
		"texturewidth": 64,
		"textureheight": 128,
		"visible_bounds_width": 4,
		"visible_bounds_height": 4,
		"visible_bounds_offset": [0, 1, 0],
		"bones": [
			{
				"name": "head",
				"pivot": [0, 18, 0],
				"cubes": [
					{"origin": [-4, 18, -4], "size": [8, 8, 8], "uv": [0, 0]},
					{"origin": [-4, 18, -4], "size": [8, 8, 8], "uv": [32, 0], "inflate": 0.3}
				]
			},
			{
				"name": "blink",
				"parent": "head",
				"pivot": [0, 18, 0],
				"cubes": [
					{"origin": [-4, 18, -4.001], "size": [8, 8, 0], "uv": [24, 0]}
				]
			},
			{
				"name": "tail",
				"parent": "head",
				"pivot": [0, 21, 0],
				"rotation": [-10, 0, 0],
				"cubes": [
					{"origin": [-4, 12.97457, -3.66043], "size": [1, 5, 1], "uv": [16, 10], "inflate": 0.01},
					{"origin": [3.1, 12.97457, -3.66043], "size": [1, 5, 1], "uv": [4, 10], "inflate": 0.01}
				]
			},
			{
				"name": "bone",
				"parent": "tail",
				"pivot": [0, -1.02543, 1.13957],
				"rotation": [0, 0, -17.5],
				"cubes": [
					{"origin": [7.16386, 9.37789, -3.66043], "size": [1, 2, 1], "uv": [20, 13], "inflate": 0.02}
				]
			},
			{
				"name": "bone2",
				"parent": "bone",
				"pivot": [0, -1.02543, 1.13957],
				"rotation": [0, 0, 37.5],
				"cubes": [
					{"origin": [-0.85229, 10.18608, -3.66043], "size": [1, 2, 1], "uv": [16, 13], "inflate": 0.01}
				]
			},
			{
				"name": "hair4",
				"parent": "tail",
				"pivot": [1, 12.97457, 6.13957],
				"rotation": [-10, 0, 0]
			},
			{
				"name": "bone3",
				"parent": "hair4",
				"pivot": [0, -3.02543, 1.13957],
				"rotation": [0, 0, 17.5],
				"cubes": [
					{"origin": [-8.1577, 7.6909, -3.50966], "size": [1, 2, 1], "uv": [0, 13], "inflate": 0.01, "mirror": true}
				]
			},
			{
				"name": "bone4",
				"parent": "bone3",
				"pivot": [0, -3.02543, 1.13957],
				"rotation": [0, 0, -37.5],
				"cubes": [
					{"origin": [0.04773, 8.43065, -3.50966], "size": [1, 2, 1], "uv": [4, 13], "inflate": 0.01, "mirror": true}
				]
			},
			{
				"name": "bone51",
				"parent": "tail",
				"pivot": [0, 14.95441, -1.52095],
				"rotation": [32.5, 0, 0],
				"cubes": [
					{"origin": [-3.5, 9.95441, 4.47905], "size": [7, 6, 1], "uv": [44, 16]}
				]
			},
			{
				"name": "bone52",
				"parent": "bone51",
				"pivot": [0, 7.95441, -2.52095],
				"rotation": [27.5, 0, 0],
				"cubes": [
					{"origin": [-3.5, -1.54559, 4.47905], "size": [7, 9, 1], "uv": [44, 23]}
				]
			},
			{
				"name": "bone19",
				"parent": "bone52",
				"pivot": [0, -0.04559, -0.52095],
				"rotation": [-35, 0, 0],
				"cubes": [
					{"origin": [-3.5, -0.83285, 4.25433], "size": [7, 3, 1], "uv": [0, 46]}
				]
			},
			{
				"name": "bone53",
				"parent": "tail",
				"pivot": [6, 13.95441, -0.52095],
				"rotation": [17.43745, -1.50179, -17.73032],
				"cubes": [
					{"origin": [1.3, 13.95441, 4.47905], "size": [5, 7, 1], "uv": [46, 33]}
				]
			},
			{
				"name": "bone54",
				"parent": "tail",
				"pivot": [0, 9.95441, 0.47905],
				"rotation": [41.29338, 9.34508, -31.97678],
				"cubes": [
					{"origin": [1.92407, 0.48261, 5.2049], "size": [5, 8, 1], "uv": [32, 30]}
				]
			},
			{
				"name": "bone16",
				"parent": "bone54",
				"pivot": [0, 9.95441, 0.47905],
				"rotation": [-27.5, 0, 0],
				"cubes": [
					{"origin": [1.92407, 1.19673, 8.93154], "size": [5, 3, 1], "uv": [6, 42]}
				]
			},
			{
				"name": "bone55",
				"parent": "tail",
				"pivot": [-6, 13.95441, -0.52095],
				"rotation": [17.43745, 1.50179, 17.73032],
				"cubes": [
					{"origin": [-6.3, 13.95441, 4.47905], "size": [5, 7, 1], "uv": [46, 33], "mirror": true}
				]
			},
			{
				"name": "bone57",
				"parent": "tail",
				"pivot": [0, 9.95441, 0.47905],
				"rotation": [41.29338, -9.34508, 31.97678],
				"cubes": [
					{"origin": [-6.92407, 0.48261, 5.2049], "size": [5, 8, 1], "uv": [32, 30], "mirror": true}
				]
			},
			{
				"name": "bone17",
				"parent": "tail",
				"pivot": [0, 9.95441, 0.47905],
				"rotation": [41.29338, -9.34508, 31.97678]
			},
			{
				"name": "bone18",
				"parent": "bone17",
				"pivot": [0, 9.95441, 0.47905],
				"rotation": [-27.5, 0, 0],
				"cubes": [
					{"origin": [-6.92407, 1.19673, 8.93154], "size": [5, 3, 1], "uv": [6, 42], "mirror": true}
				]
			},
			{
				"name": "bone5",
				"parent": "head",
				"pivot": [0, 18, 0],
				"cubes": [
					{"origin": [-0.5, 21.6, -4.7], "size": [1, 4, 2], "uv": [56, 0], "inflate": -0.2},
					{"origin": [-0.5, 22.1, -4.7], "size": [1, 4, 2], "uv": [0, 40], "inflate": -0.1}
				]
			},
			{
				"name": "bone6",
				"parent": "head",
				"pivot": [0, 17, -3],
				"rotation": [-22.42287, -1.91134, -9.62111],
				"cubes": [
					{"origin": [-2, 23.7, -9], "size": [2, 2, 2], "uv": [17, 17], "inflate": -0.1}
				]
			},
			{
				"name": "bone7",
				"parent": "bone6",
				"pivot": [-1, 24, -8],
				"rotation": [0.45411, 2.99318, 17.25002],
				"cubes": [
					{"origin": [-1.6, 23.7, -9.2], "size": [1, 5, 2], "uv": [2, 0], "inflate": 0.03}
				]
			},
			{
				"name": "bone8",
				"parent": "bone7",
				"pivot": [-1, 29, -8],
				"rotation": [12.48848, 0.54094, -2.44081],
				"cubes": [
					{"origin": [-1.6, 28.4, -8.8], "size": [1, 5, 1], "uv": [60, 16], "inflate": -0.01}
				]
			},
			{
				"name": "bone9",
				"parent": "head",
				"pivot": [0, 17, -3],
				"rotation": [-22.42287, 1.91134, 9.62111],
				"cubes": [
					{"origin": [0, 23.7, -9], "size": [2, 2, 2], "uv": [17, 17], "inflate": -0.1, "mirror": true}
				]
			},
			{
				"name": "bone10",
				"parent": "bone9",
				"pivot": [1, 24, -8],
				"rotation": [0.45411, -2.99318, -17.25002],
				"cubes": [
					{"origin": [0.6, 23.7, -9.2], "size": [1, 5, 2], "uv": [2, 0], "inflate": 0.03, "mirror": true}
				]
			},
			{
				"name": "bone11",
				"parent": "bone10",
				"pivot": [1, 29, -8],
				"rotation": [12.48848, -0.54094, 2.44081],
				"cubes": [
					{"origin": [0.6, 28.4, -8.8], "size": [1, 5, 1], "uv": [60, 16], "inflate": -0.01, "mirror": true}
				]
			},
			{
				"name": "bone12",
				"parent": "head",
				"pivot": [0, 17, 0],
				"rotation": [0, 0, 7.5],
				"cubes": [
					{"origin": [-6, 19, -1], "size": [2, 2, 2], "uv": [32, 39], "inflate": -0.2}
				]
			},
			{
				"name": "bone13",
				"parent": "bone12",
				"pivot": [-1, 18, 3],
				"rotation": [16.80857, -26.48829, -7.6734],
				"cubes": [
					{"origin": [-6.51788, 20.5881, 2.70341], "size": [1, 1, 2], "uv": [40, 39], "inflate": 0.1}
				]
			},
			{
				"name": "bone14",
				"parent": "head",
				"pivot": [0, 17, 0],
				"rotation": [0, 0, -7.5],
				"cubes": [
					{"origin": [4, 19, -1], "size": [2, 2, 2], "uv": [32, 39], "inflate": -0.2, "mirror": true}
				]
			},
			{
				"name": "bone15",
				"parent": "bone14",
				"pivot": [1, 18, 3],
				"rotation": [16.80857, 26.48829, 7.6734],
				"cubes": [
					{"origin": [5.51788, 20.5881, 2.70341], "size": [1, 1, 2], "uv": [40, 39], "inflate": 0.1, "mirror": true}
				]
			},
			{
				"name": "armRight",
				"pivot": [-2, 17.5, 0],
				"rotation": [0, 0, 25],
				"cubes": [
					{"origin": [-4, 8.5, -1], "size": [2, 8, 2], "uv": [0, 30]},
					{"origin": [-4.5, 9, -1.5], "size": [3, 5, 3], "uv": [37, 42]}
				]
			},
			{
				"name": "armRightPositioningBone",
				"parent": "armRight",
				"pivot": [-3, 8.5, 0]
			},
			{
				"name": "armLeft",
				"pivot": [2, 17.5, 0],
				"rotation": [0, 0, -25],
				"cubes": [
					{"origin": [2, 8.5, -1], "size": [2, 8, 2], "uv": [0, 30], "mirror": true},
					{"origin": [1.5, 9, -1.5], "size": [3, 5, 3], "uv": [37, 42], "mirror": true},
					{"origin": [1, 12, -2], "size": [4, 2, 4], "uv": [48, 47], "inflate": -0.1}
				]
			},
			{
				"name": "armLeftPositioningBone",
				"parent": "armLeft",
				"pivot": [3, 8.5, 0]
			},
			{
				"name": "body",
				"pivot": [0, 10.5, 0],
				"cubes": [
					{"origin": [-3, 9, -2.5], "size": [6, 9, 5], "uv": [0, 16]},
					{"origin": [-3, 9, -2.5], "size": [6, 9, 5], "uv": [22, 16], "inflate": 0.4},
					{"origin": [-5, 4.5, -3.2], "size": [10, 10, 0], "uv": [0, 63]},
					{"origin": [-0.5, 12.5, -2.6], "size": [1, 2, 0], "uv": [62, 0]}
				]
			},
			{
				"name": "bone20",
				"parent": "body",
				"pivot": [0, 9.5, 0],
				"rotation": [0, 0, 20],
				"cubes": [
					{"origin": [-3.8, 7.5, -2.5], "size": [5, 4, 5], "uv": [16, 42], "inflate": 0.04}
				]
			},
			{
				"name": "bone21",
				"parent": "body",
				"pivot": [0, 9.5, 0],
				"rotation": [0, 0, -20],
				"cubes": [
					{"origin": [-1.2, 7.5, -2.5], "size": [5, 4, 5], "uv": [16, 42], "inflate": 0.03, "mirror": true}
				]
			},
			{
				"name": "bone22",
				"parent": "body",
				"pivot": [0, 10.5, -1],
				"rotation": [-25, 0, 0],
				"cubes": [
					{"origin": [-3, 13.8, -5.2], "size": [6, 3, 2], "uv": [0, 50], "inflate": -0.02}
				]
			},
			{
				"name": "bone33",
				"parent": "body",
				"pivot": [0, 9.5, 0],
				"rotation": [14.6658, -2.57594, 14.78217],
				"cubes": [
					{"origin": [-4.5, 5.5, -1.8], "size": [6, 8, 6], "uv": [30, 50], "mirror": true}
				]
			},
			{
				"name": "bone32",
				"parent": "body",
				"pivot": [0, 9.5, 0],
				"rotation": [14.6658, 2.57594, -14.78217],
				"cubes": [
					{"origin": [-1.5, 5.5, -1.8], "size": [6, 8, 6], "uv": [30, 50]}
				]
			},
			{
				"name": "bone35",
				"parent": "body",
				"pivot": [0, 8.5, -1],
				"rotation": [12.5, 0, 0],
				"cubes": [
					{"origin": [-4.5, 14.8, 4], "size": [9, 2, 1], "uv": [16, 51]}
				]
			},
			{
				"name": "bone36",
				"parent": "bone35",
				"pivot": [-4, 16.5, 5],
				"rotation": [-4.58385, 16.66577, 0],
				"cubes": [
					{"origin": [-4.479, 14.8122, -1.11444], "size": [1, 2, 6], "uv": [4, 55]}
				]
			},
			{
				"name": "bone37",
				"parent": "bone35",
				"pivot": [4, 16.5, 5],
				"rotation": [-4.58385, -16.66577, 0],
				"cubes": [
					{"origin": [3.479, 14.8122, -1.11444], "size": [1, 2, 6], "uv": [4, 55], "mirror": true}
				]
			},
			{
				"name": "bone38",
				"parent": "bone35",
				"pivot": [-7, 7.5, 2],
				"rotation": [-36.7037, -62.45428, 62.43292],
				"cubes": [
					{"origin": [-13.22026, 13.37213, -0.21532], "size": [1, 2, 4], "uv": [0, 55]}
				]
			},
			{
				"name": "bone39",
				"parent": "bone35",
				"pivot": [7, 7.5, 2],
				"rotation": [-36.7037, 62.45428, -62.43292],
				"cubes": [
					{"origin": [12.22025, 13.37213, -0.21532], "size": [1, 2, 4], "uv": [0, 55], "mirror": true}
				]
			},
			{
				"name": "bone29",
				"parent": "body",
				"pivot": [1, 11.5, 0],
				"rotation": [0, 0, -40],
				"cubes": [
					{"origin": [-0.2, 13.8, -2.51], "size": [2, 2, 0], "uv": [0, 0]}
				]
			},
			{
				"name": "bone30",
				"parent": "body",
				"pivot": [-1, 11.5, 0],
				"rotation": [0, 0, 40],
				"cubes": [
					{"origin": [-1.8, 13.8, -2.51], "size": [2, 2, 0], "uv": [0, 0], "mirror": true}
				]
			},
			{
				"name": "legLeft",
				"pivot": [2, 9, 0],
				"cubes": [
					{"origin": [0.499, 0, -1.5], "size": [3, 9, 3], "uv": [20, 30], "mirror": true}
				]
			},
			{
				"name": "legRight",
				"pivot": [-2, 9, 0],
				"cubes": [
					{"origin": [-3.499, 0, -1.5], "size": [3, 9, 3], "uv": [8, 30]}
				]
			},
			{
				"name": "wingLeft",
				"pivot": [-1, 9, 3]
			},
			{
				"name": "bone34",
				"parent": "wingLeft",
				"pivot": [-1, 9, 3],
				"rotation": [-24.2505, 22.3292, 40.144],
				"cubes": [
					{"origin": [-1.6, 9, 2], "size": [2, 2, 4], "uv": [12, 54], "inflate": 0.2}
				]
			},
			{
				"name": "bone23",
				"parent": "bone34",
				"pivot": [-1, 9, 8],
				"rotation": [-15.50409, 14.47751, -3.96713],
				"cubes": [
					{"origin": [-1.07537, 8.55916, 5.66352], "size": [2, 2, 4], "uv": [12, 54], "inflate": 0.1}
				]
			},
			{
				"name": "bone24",
				"parent": "bone23",
				"pivot": [-1, 0, 16],
				"rotation": [17.86501, -12.08391, -3.1769],
				"cubes": [
					{"origin": [-1.87043, 9.96285, 12.25621], "size": [2, 2, 4], "uv": [12, 54]}
				]
			},
			{
				"name": "bone25",
				"parent": "bone24",
				"pivot": [-1, 0, 20],
				"rotation": [29.14867, -20.70481, -9.00717],
				"cubes": [
					{"origin": [-1.72102, 10.50587, 20.7221], "size": [2, 2, 4], "uv": [12, 54], "inflate": -0.1}
				]
			},
			{
				"name": "bone26",
				"parent": "bone25",
				"pivot": [-1, 0, 26],
				"rotation": [23.20248, -16.98348, -4.12552],
				"cubes": [
					{"origin": [-1.3481, 10.18715, 28.20251], "size": [2, 2, 4], "uv": [12, 54], "inflate": -0.2}
				]
			},
			{
				"name": "bone27",
				"parent": "bone26",
				"pivot": [-1, 0, 34],
				"rotation": [17.79226, -17.37887, -1.1326],
				"cubes": [
					{"origin": [-1.71534, 10.29482, 34.57821], "size": [2, 2, 4], "uv": [12, 54], "inflate": -0.3}
				]
			},
			{
				"name": "bone28",
				"parent": "bone27",
				"pivot": [-1, 0, 39],
				"rotation": [12.55034, -9.97848, -0.33122],
				"cubes": [
					{"origin": [-1.695, 10.12978, 40.03017], "size": [2, 2, 4], "uv": [12, 54], "inflate": -0.4}
				]
			},
			{
				"name": "1",
				"parent": "bone28",
				"pivot": [-1, 0, 47],
				"rotation": [35.88764, 30.92603, -6.63019],
				"cubes": [
					{"origin": [-0.5, 7.7, 51.5], "size": [3, 3, 3], "uv": [49, 41]},
					{"origin": [-1.5, 6.7, 52.5], "size": [3, 3, 3], "uv": [49, 41], "inflate": 0.5},
					{"origin": [-3.5, 5.7, 54.5], "size": [3, 3, 3], "uv": [49, 41]}
				]
			},
			{
				"name": "bone31",
				"parent": "bone34",
				"pivot": [-1, 9, 3],
				"rotation": [0, -55, 45],
				"cubes": [
					{"origin": [-3, 10, 3], "size": [11, 0, 11], "uv": [9, 64]}
				]
			}
		]
	}
}