{
	"format_version": "1.10.0",
	"geometry.model": {
		"texturewidth": 64,
		"textureheight": 64,
		"visible_bounds_width": 4,
		"visible_bounds_height": 4,
		"visible_bounds_offset": [0, 1, 0],
		"bones": [
			{
				"name": "head",
				"pivot": [0, 18, 0],
				"cubes": [
					{"origin": [-4, 18, -4], "size": [8, 8, 8], "uv": [0, 0]},
					{"origin": [-4, 18, -4], "size": [8, 8, 8], "uv": [32, 0], "inflate": 0.3}
				]
			},
			{
				"name": "blink",
				"parent": "head",
				"pivot": [0, 18, 0],
				"cubes": [
					{"origin": [-4, 18, -4.001], "size": [8, 8, 0], "uv": [24, 0]}
				]
			},
			{
				"name": "bone48",
				"parent": "head",
				"pivot": [0, 18, -4],
				"rotation": [-5, 0, 0],
				"cubes": [
					{"origin": [-4, 14, -4.2], "size": [1, 5, 1], "uv": [18, 9], "inflate": 0.01},
					{"origin": [3, 14, -4.2], "size": [1, 5, 1], "uv": [18, 9], "inflate": 0.01, "mirror": true}
				]
			},
			{
				"name": "bone51",
				"parent": "head",
				"pivot": [9, 6, 7],
				"rotation": [-17.46351, 9.24735, -34.46083],
				"cubes": [
					{"origin": [4, 6, 5], "size": [6, 5, 1], "uv": [34, 39]}
				]
			},
			{
				"name": "bone49",
				"parent": "head",
				"pivot": [7, 9, 8],
				"rotation": [17.32417, 1.61888, -12.39638],
				"cubes": [
					{"origin": [1.3, 9, 7], "size": [6, 14, 1], "uv": [34, 24]}
				]
			},
			{
				"name": "bone50",
				"parent": "head",
				"pivot": [-7, 9, 8],
				"rotation": [17.32417, -1.61888, 12.39638],
				"cubes": [
					{"origin": [-7.3, 9, 7], "size": [6, 14, 1], "uv": [34, 24], "mirror": true}
				]
			},
			{
				"name": "bone52",
				"parent": "head",
				"pivot": [-9, 6, 7],
				"rotation": [-17.46351, -9.24735, 34.46083],
				"cubes": [
					{"origin": [-10, 6, 5], "size": [6, 5, 1], "uv": [34, 39], "mirror": true}
				]
			},
			{
				"name": "bone35",
				"parent": "head",
				"pivot": [0, 19, -1],
				"rotation": [-35, 0, 0],
				"cubes": [
					{"origin": [-5, 19, -2], "size": [10, 1, 0], "uv": [14, 44]}
				]
			},
			{
				"name": "bone39",
				"parent": "head",
				"pivot": [0, 16, -1],
				"rotation": [12.5, 0, 0],
				"cubes": [
					{"origin": [-1, 11, 3], "size": [2, 7, 1], "uv": [56, 0]}
				]
			},
			{
				"name": "bone40",
				"parent": "bone39",
				"pivot": [0, 16, -1],
				"rotation": [20, 0, 0],
				"cubes": [
					{"origin": [-1, 3.93346, 1.04867], "size": [2, 6, 1], "uv": [0, 38]}
				]
			},
			{
				"name": "armRight",
				"pivot": [-2, 17.5, 0],
				"rotation": [0, 0, 25],
				"cubes": [
					{"origin": [-4, 8.5, -1], "size": [2, 8, 2], "uv": [0, 28]},
					{"origin": [-4.5, 13.5, -1.5], "size": [3, 2, 3], "uv": [40, 16]}
				]
			},
			{
				"name": "armRightPositioningBone",
				"parent": "armRight",
				"pivot": [-3, 8.5, 0]
			},
			{
				"name": "armLeft",
				"pivot": [2, 17.5, 0],
				"rotation": [0, 0, -25],
				"cubes": [
					{"origin": [2, 8.5, -1], "size": [2, 8, 2], "uv": [0, 28], "mirror": true},
					{"origin": [1.5, 13.5, -1.5], "size": [3, 2, 3], "uv": [40, 16], "mirror": true}
				]
			},
			{
				"name": "armLeftPositioningBone",
				"parent": "armLeft",
				"pivot": [3, 8.5, 0]
			},
			{
				"name": "body",
				"pivot": [0, 10.5, 0],
				"cubes": [
					{"origin": [-3, 8.999, -2.5], "size": [6, 9, 5], "uv": [12, 16], "inflate": -0.2},
					{"origin": [-3, 8.999, -2.5], "size": [6, 9, 5], "uv": [12, 30], "inflate": 0.3}
				]
			},
			{
				"name": "sittingRotationSkirt",
				"parent": "body",
				"pivot": [0, 10.5, 0]
			},
			{
				"name": "bone",
				"parent": "sittingRotationSkirt",
				"pivot": [0, 18.5, 0]
			},
			{
				"name": "bone2",
				"parent": "bone",
				"pivot": [0, 8, -1]
			},
			{
				"name": "bone3",
				"parent": "bone2",
				"pivot": [0, 8, 3.3525],
				"rotation": [26, 0, 0]
			},
			{
				"name": "bone4",
				"parent": "bone3",
				"pivot": [0, 8, 3.3525],
				"rotation": [0, -45, 0],
				"cubes": [
					{"origin": [-0.8, 8, 2.5], "size": [2, 5, 2], "uv": [0, 0]}
				]
			},
			{
				"name": "bone5",
				"parent": "bone",
				"pivot": [0, 8, 0],
				"rotation": [0, -36, 0]
			},
			{
				"name": "bone6",
				"parent": "bone5",
				"pivot": [0, 8, 4.3525],
				"rotation": [26, 0, 0]
			},
			{
				"name": "bone7",
				"parent": "bone6",
				"pivot": [0, 8, 4.3525],
				"rotation": [0, -45, 0],
				"cubes": [
					{"origin": [-1.3, 8, 3.3525], "size": [2, 5, 2], "uv": [0, 0]}
				]
			},
			{
				"name": "bone8",
				"parent": "bone",
				"pivot": [0, 8, 0],
				"rotation": [0, -72, 0]
			},
			{
				"name": "bone9",
				"parent": "bone8",
				"pivot": [0, 8, 4.3525],
				"rotation": [26, 0, 0]
			},
			{
				"name": "bone10",
				"parent": "bone9",
				"pivot": [0, 8, 4.3525],
				"rotation": [0, -45, 0],
				"cubes": [
					{"origin": [-1, 8, 3.3525], "size": [2, 5, 2], "uv": [0, 0]}
				]
			},
			{
				"name": "bone11",
				"parent": "bone",
				"pivot": [0, 8, 0],
				"rotation": [0, -108, 0]
			},
			{
				"name": "bone12",
				"parent": "bone11",
				"pivot": [0, 8, 4.3525],
				"rotation": [26, 0, 0]
			},
			{
				"name": "bone13",
				"parent": "bone12",
				"pivot": [0, 8, 4.3525],
				"rotation": [0, -45, 0],
				"cubes": [
					{"origin": [-1, 8, 3.3525], "size": [2, 5, 2], "uv": [0, 0]}
				]
			},
			{
				"name": "bone14",
				"parent": "bone",
				"pivot": [0, 8, 0],
				"rotation": [0, -144, 0]
			},
			{
				"name": "bone15",
				"parent": "bone14",
				"pivot": [0, 8, 4.3525],
				"rotation": [26, 0, 0]
			},
			{
				"name": "bone16",
				"parent": "bone15",
				"pivot": [0, 8, 4.3525],
				"rotation": [0, -45, 0],
				"cubes": [
					{"origin": [-1, 8, 3.1], "size": [2, 5, 2], "uv": [0, 0]}
				]
			},
			{
				"name": "bone17",
				"parent": "bone",
				"pivot": [0, 8, 1],
				"rotation": [0, -180, 0]
			},
			{
				"name": "bone18",
				"parent": "bone17",
				"pivot": [0, 8, 5.3525],
				"rotation": [26, 0, 0]
			},
			{
				"name": "bone19",
				"parent": "bone18",
				"pivot": [0, 8, 5.3525],
				"rotation": [0, -45, 0],
				"cubes": [
					{"origin": [-0.8, 7.7, 4.7], "size": [2, 5, 2], "uv": [0, 0]}
				]
			},
			{
				"name": "bone20",
				"parent": "bone",
				"pivot": [0, 8, 0],
				"rotation": [0, -216, 0]
			},
			{
				"name": "bone21",
				"parent": "bone20",
				"pivot": [0, 8, 4.3525],
				"rotation": [26, 0, 0]
			},
			{
				"name": "bone22",
				"parent": "bone21",
				"pivot": [0, 8, 4.3525],
				"rotation": [0, -45, 0],
				"cubes": [
					{"origin": [-1.3, 8, 3.3525], "size": [2, 5, 2], "uv": [0, 0]}
				]
			},
			{
				"name": "bone23",
				"parent": "bone",
				"pivot": [0, 8, 0],
				"rotation": [0, -252, 0]
			},
			{
				"name": "bone24",
				"parent": "bone23",
				"pivot": [0, 8, 4.3525],
				"rotation": [26, 0, 0]
			},
			{
				"name": "bone25",
				"parent": "bone24",
				"pivot": [0, 8, 4.3525],
				"rotation": [0, -45, 0],
				"cubes": [
					{"origin": [-1, 8, 3.3525], "size": [2, 5, 2], "uv": [0, 0]}
				]
			},
			{
				"name": "bone26",
				"parent": "bone",
				"pivot": [0, 8, 0],
				"rotation": [0, -288, 0]
			},
			{
				"name": "bone27",
				"parent": "bone26",
				"pivot": [0, 8, 4.3525],
				"rotation": [26, 0, 0]
			},
			{
				"name": "bone28",
				"parent": "bone27",
				"pivot": [0, 8, 4.3525],
				"rotation": [0, -45, 0],
				"cubes": [
					{"origin": [-1, 8, 3.3525], "size": [2, 5, 2], "uv": [0, 0]}
				]
			},
			{
				"name": "bone29",
				"parent": "bone",
				"pivot": [0, 8, 0],
				"rotation": [0, -324, 0]
			},
			{
				"name": "bone30",
				"parent": "bone29",
				"pivot": [0, 8, 4.3525],
				"rotation": [26, 0, 0]
			},
			{
				"name": "bone31",
				"parent": "bone30",
				"pivot": [0, 8, 4.3525],
				"rotation": [0, -45, 0],
				"cubes": [
					{"origin": [-1, 8, 3.1], "size": [2, 5, 2], "uv": [0, 0]}
				]
			},
			{
				"name": "bone32",
				"parent": "body",
				"pivot": [0, 11.5, 0],
				"rotation": [-10, 0, 0],
				"cubes": [
					{"origin": [-1, 10.5, -3.75], "size": [2, 6, 1], "uv": [34, 16], "inflate": -0.1}
				]
			},
			{
				"name": "bone33",
				"parent": "bone32",
				"pivot": [-4, 12.5, 0],
				"rotation": [-15.01365, 2.41476, 46.85257],
				"cubes": [
					{"origin": [-6.4, 14.5, -4.86], "size": [3, 2, 1], "uv": [42, 21]}
				]
			},
			{
				"name": "bone34",
				"parent": "bone32",
				"pivot": [4, 12.5, 0],
				"rotation": [-15.01365, -2.41476, -46.85257],
				"cubes": [
					{"origin": [3.4, 14.5, -4.86], "size": [3, 2, 1], "uv": [42, 21], "mirror": true}
				]
			},
			{
				"name": "legLeft",
				"pivot": [2, 9, 0],
				"cubes": [
					{"origin": [0.499, 0, -1.5], "size": [3, 9, 3], "uv": [0, 16]}
				]
			},
			{
				"name": "legRight",
				"pivot": [-2, 9, 0],
				"cubes": [
					{"origin": [-3.499, 0, -1.5], "size": [3, 9, 3], "uv": [0, 16], "mirror": true}
				]
			},
			{
				"name": "bone36",
				"pivot": [0, 0, 0]
			},
			{
				"name": "chestPlate",
				"parent": "bone36",
				"pivot": [0, 0, 0]
			},
			{
				"name": "sinFloat",
				"parent": "chestPlate",
				"pivot": [0, 0, 0],
				"rotation": [0, -25, 0],
				"cubes": [
					{"origin": [-11, 11, 9], "size": [6, 6, 6], "uv": [36, 45]}
				]
			},
			{
				"name": "bone37",
				"parent": "sinFloat",
				"pivot": [4, 11, 0],
				"rotation": [0, 0, 7.5],
				"cubes": [
					{"origin": [12, 11, -1], "size": [4, 4, 4], "uv": [20, 45]}
				]
			},
			{
				"name": "bone38",
				"parent": "bone37",
				"pivot": [9, 14, 8],
				"rotation": [-37.5, 0, 0],
				"cubes": [
					{"origin": [5, 16, 8], "size": [5, 5, 5], "uv": [0, 45]}
				]
			}
		]
	}
}