{
	"format_version": "1.10.0",
	"geometry.model": {
		"texturewidth": 96,
		"textureheight": 64,
		"visible_bounds_width": 3,
		"visible_bounds_height": 4,
		"visible_bounds_offset": [0, 1, 0],
		"bones": [
			{
				"name": "head",
				"pivot": [0, 18, 0],
				"cubes": [
					{"origin": [-4, 17, -4], "size": [8, 8, 8], "uv": [0, 0], "inflate": -1.15},
					{"origin": [-4, 17, -4], "size": [8, 8, 8], "uv": [32, 0], "inflate": -0.9}
				]
			},
			{
				"name": "blink",
				"parent": "head",
				"pivot": [0, 18, -5],
				"rotation": [0, 180, 0],
				"cubes": [
					{"origin": [-4, 17, -8.999], "size": [8, 8, 3], "uv": [64, 0], "inflate": -1.15}
				]
			},
			{
				"name": "helmet",
				"parent": "head",
				"pivot": [0, 18, 0]
			},
			{
				"name": "bone3",
				"parent": "helmet",
				"pivot": [0, 20.5, 9],
				"rotation": [90, 0, 0],
				"cubes": [
					{"origin": [-3, 26.8, 7], "size": [6, 5, 5], "uv": [57, 51], "inflate": 0.62}
				]
			},
			{
				"name": "armLeft",
				"pivot": [2, 17.5, 0],
				"rotation": [0, 0, -5],
				"cubes": [
					{"origin": [2, 8.5, -2], "size": [4, 10, 4], "uv": [26, 16], "inflate": -0.8},
					{"origin": [2, 8.5, -2], "size": [4, 10, 4], "uv": [42, 16], "inflate": -0.7}
				]
			},
			{
				"name": "leggingsLeft",
				"parent": "armLeft",
				"pivot": [2, 17.5, 0]
			},
			{
				"name": "bootsLeft",
				"parent": "leggingsLeft",
				"pivot": [2, 17.5, 0],
				"cubes": [
					{"origin": [1.5, 14, -2.5], "size": [5, 5, 5], "uv": [57, 26], "inflate": -0.9, "mirror": true}
				]
			},
			{
				"name": "bone5",
				"parent": "bootsLeft",
				"pivot": [2, 17.5, -1],
				"rotation": [17.5, 0, -17.5],
				"cubes": [
					{"origin": [0, 3.5, 0], "size": [6, 13, 2], "uv": [41, 30], "inflate": -0.7}
				]
			},
			{
				"name": "armLeftPositioningBone",
				"parent": "armLeft",
				"pivot": [4, 9.5, 0]
			},
			{
				"name": "armRight",
				"pivot": [-2, 17.5, 0],
				"rotation": [0, 0, 5],
				"cubes": [
					{"origin": [-6, 12.5, -2], "size": [4, 6, 4], "uv": [22, 30], "inflate": -0.8},
					{"origin": [-6, 12.5, -2], "size": [4, 6, 4], "uv": [58, 16], "inflate": -0.7}
				]
			},
			{
				"name": "chestPlate",
				"parent": "armRight",
				"pivot": [-2, 17.5, 0]
			},
			{
				"name": "_leggings",
				"parent": "chestPlate",
				"pivot": [-2, 17.5, 0],
				"cubes": [
					{"origin": [-6, 8.5, -2], "size": [4, 6, 4], "uv": [57, 36], "inflate": -0.75}
				]
			},
			{
				"name": "leggings",
				"parent": "armRight",
				"pivot": [-2, 17.5, 0],
				"cubes": [
					{"origin": [-6, 8.5, -2], "size": [4, 6, 4], "uv": [46, 46], "inflate": -0.81}
				]
			},
			{
				"name": "bootsRight",
				"parent": "leggings",
				"pivot": [-2, 17.5, 0]
			},
			{
				"name": "bone4",
				"parent": "bootsRight",
				"pivot": [-2, 13.5, -2],
				"cubes": [
					{"origin": [-6.5, 14, -2.5], "size": [5, 5, 5], "uv": [57, 26], "inflate": -0.9}
				]
			},
			{
				"name": "bone6",
				"parent": "bootsRight",
				"pivot": [-4, 18.5, -1],
				"rotation": [17.5, 0, 17.5],
				"cubes": [
					{"origin": [-6, 4.5, 0], "size": [6, 13, 2], "uv": [41, 30], "inflate": -0.7, "mirror": true}
				]
			},
			{
				"name": "armRightPositioningBone",
				"parent": "armRight",
				"pivot": [-4, 9.5, 0]
			},
			{
				"name": "body",
				"pivot": [0, 10.5, 0],
				"cubes": [
					{"origin": [-4, 8.1, -2.5], "size": [8, 11, 5], "uv": [0, 16], "inflate": -1},
					{"origin": [-4, 8.1, -2.5], "size": [8, 11, 5], "uv": [0, 48], "inflate": -0.8}
				]
			},
			{
				"name": "bone2",
				"parent": "body",
				"pivot": [0, 11.5, 0],
				"rotation": [12.5, 0, 0],
				"cubes": [
					{"origin": [-3, 6.5, -1], "size": [6, 8, 3], "uv": [74, 11], "inflate": 0.35}
				]
			},
			{
				"name": "_helmet",
				"parent": "body",
				"pivot": [0, 10.5, 0]
			},
			{
				"name": "bone",
				"parent": "_helmet",
				"pivot": [0, 10.5, -1],
				"rotation": [-15, 0, 0],
				"cubes": [
					{"origin": [-3, 16, -3], "size": [6, 3, 5], "uv": [68, 41], "inflate": 0.4}
				]
			},
			{
				"name": "legLeft",
				"pivot": [2, 9, 0],
				"cubes": [
					{"origin": [-0.9, -1, -2.5], "size": [5, 11, 5], "uv": [0, 32], "inflate": -1},
					{"origin": [-0.9, -1, -2.5], "size": [5, 11, 5], "uv": [26, 40], "inflate": -0.85}
				]
			},
			{
				"name": "legRight",
				"pivot": [-2, 9, 0],
				"cubes": [
					{"origin": [-4.1, -1, -2.5], "size": [5, 11, 5], "uv": [0, 32], "inflate": -1, "mirror": true},
					{"origin": [-4.1, -1, -2.5], "size": [5, 11, 5], "uv": [26, 40], "inflate": -0.85, "mirror": true}
				]
			}
		]
	}
}