{
	"format_version": "1.10.0",
	"geometry.model": {
		"texturewidth": 64,
		"textureheight": 64,
		"visible_bounds_width": 4,
		"visible_bounds_height": 4,
		"visible_bounds_offset": [0, 1, 0],
		"bones": [
			{
				"name": "head",
				"pivot": [0, 18, 0],
				"cubes": [
					{"origin": [-4, 18, -4], "size": [8, 8, 8], "uv": [0, 0]},
					{"origin": [-4, 18, -4], "size": [8, 8, 8], "uv": [32, 0], "inflate": 0.3}
				]
			},
			{
				"name": "blink",
				"parent": "head",
				"pivot": [0, 18, 0],
				"cubes": [
					{"origin": [-4, 18, -4.001], "size": [8, 8, 0], "uv": [24, 0]}
				]
			},
			{
				"name": "bone48",
				"parent": "head",
				"pivot": [0, 18, -4],
				"rotation": [-5, 0, 0],
				"cubes": [
					{"origin": [-4, 14, -4.2], "size": [1, 5, 1], "uv": [18, 9], "inflate": 0.01},
					{"origin": [3, 14, -4.2], "size": [1, 5, 1], "uv": [18, 9], "inflate": 0.01, "mirror": true}
				]
			},
			{
				"name": "bone51",
				"parent": "head",
				"pivot": [6, 6, 9],
				"rotation": [-2.49328, -2.71546, -2.38654],
				"cubes": [
					{"origin": [1.25, 3.95829, 6.79558], "size": [6, 5, 1], "uv": [34, 39]}
				]
			},
			{
				"name": "bone49",
				"parent": "head",
				"pivot": [7, 9, 8],
				"rotation": [17.32417, 1.61888, -12.39638],
				"cubes": [
					{"origin": [1.2, 9, 7], "size": [6, 14, 1], "uv": [34, 24]}
				]
			},
			{
				"name": "bone50",
				"parent": "head",
				"pivot": [-7, 9, 8],
				"rotation": [17.32417, -1.61888, 12.39638],
				"cubes": [
					{"origin": [-7.2, 9, 7], "size": [6, 14, 1], "uv": [34, 24], "mirror": true}
				]
			},
			{
				"name": "bone35",
				"parent": "head",
				"pivot": [-6, 6, 9],
				"rotation": [-2.49328, 2.71546, 2.38654],
				"cubes": [
					{"origin": [-7.25, 3.95829, 6.79558], "size": [6, 5, 1], "uv": [34, 39], "mirror": true}
				]
			},
			{
				"name": "armRight",
				"pivot": [-2, 17.5, 0],
				"rotation": [0, 0, 25],
				"cubes": [
					{"origin": [-4, 8.5, -1], "size": [2, 8, 2], "uv": [0, 28]},
					{"origin": [-4.5, 13.8, -1.5], "size": [3, 2, 3], "uv": [40, 16], "inflate": -0.1},
					{"origin": [-4.5, 8.8, -1.5], "size": [3, 4, 3], "uv": [52, 16], "inflate": -0.15}
				]
			},
			{
				"name": "armRightPositioningBone",
				"parent": "armRight",
				"pivot": [-3, 8.5, 0]
			},
			{
				"name": "armLeft",
				"pivot": [2, 17.5, 0],
				"rotation": [0, 0, -25],
				"cubes": [
					{"origin": [2, 8.5, -1], "size": [2, 8, 2], "uv": [0, 28], "mirror": true},
					{"origin": [1.5, 13.8, -1.5], "size": [3, 2, 3], "uv": [40, 16], "inflate": -0.1},
					{"origin": [1.5, 8.8, -1.5], "size": [3, 4, 3], "uv": [52, 16], "inflate": -0.15}
				]
			},
			{
				"name": "armLeftPositioningBone",
				"parent": "armLeft",
				"pivot": [3, 8.5, 0]
			},
			{
				"name": "body",
				"pivot": [0, 10.5, 0],
				"cubes": [
					{"origin": [-3, 8.999, -2.5], "size": [6, 9, 5], "uv": [12, 16], "inflate": -0.2},
					{"origin": [-3, 9.3, -2.5], "size": [6, 9, 5], "uv": [12, 30], "inflate": 0.34}
				]
			},
			{
				"name": "sittingRotationSkirt",
				"parent": "body",
				"pivot": [0, 10.5, 0]
			},
			{
				"name": "bone",
				"parent": "sittingRotationSkirt",
				"pivot": [0, 18.5, 0]
			},
			{
				"name": "bone2",
				"parent": "bone",
				"pivot": [0, 8, -1]
			},
			{
				"name": "bone3",
				"parent": "bone2",
				"pivot": [0, 8, 3.3525],
				"rotation": [26, 0, 0]
			},
			{
				"name": "bone4",
				"parent": "bone3",
				"pivot": [0, 8, 3.3525],
				"rotation": [0, -45, 0],
				"cubes": [
					{"origin": [-0.8, 8, 2.5], "size": [2, 5, 2], "uv": [0, 0]}
				]
			},
			{
				"name": "bone5",
				"parent": "bone",
				"pivot": [0, 8, 0],
				"rotation": [0, -36, 0]
			},
			{
				"name": "bone6",
				"parent": "bone5",
				"pivot": [0, 8, 4.3525],
				"rotation": [26, 0, 0]
			},
			{
				"name": "bone7",
				"parent": "bone6",
				"pivot": [0, 8, 4.3525],
				"rotation": [0, -45, 0],
				"cubes": [
					{"origin": [-1.2, 8, 3.3525], "size": [2, 5, 2], "uv": [0, 0]}
				]
			},
			{
				"name": "bone8",
				"parent": "bone",
				"pivot": [0, 8, 0],
				"rotation": [0, -72, 0]
			},
			{
				"name": "bone9",
				"parent": "bone8",
				"pivot": [0, 8, 4.3525],
				"rotation": [26, 0, 0]
			},
			{
				"name": "bone10",
				"parent": "bone9",
				"pivot": [0, 8, 4.3525],
				"rotation": [0, -45, 0],
				"cubes": [
					{"origin": [-1, 8, 3.3525], "size": [2, 5, 2], "uv": [0, 0]}
				]
			},
			{
				"name": "bone11",
				"parent": "bone",
				"pivot": [0, 8, 0],
				"rotation": [0, -108, 0]
			},
			{
				"name": "bone12",
				"parent": "bone11",
				"pivot": [0, 8, 4.3525],
				"rotation": [26, 0, 0]
			},
			{
				"name": "bone13",
				"parent": "bone12",
				"pivot": [0, 8, 4.3525],
				"rotation": [0, -45, 0],
				"cubes": [
					{"origin": [-1, 8, 3.3525], "size": [2, 5, 2], "uv": [0, 0]}
				]
			},
			{
				"name": "bone14",
				"parent": "bone",
				"pivot": [0, 8, 0],
				"rotation": [0, -144, 0]
			},
			{
				"name": "bone15",
				"parent": "bone14",
				"pivot": [0, 8, 4.3525],
				"rotation": [26, 0, 0]
			},
			{
				"name": "bone16",
				"parent": "bone15",
				"pivot": [0, 8, 4.3525],
				"rotation": [0, -45, 0],
				"cubes": [
					{"origin": [-1.1, 8, 3.2], "size": [2, 5, 2], "uv": [0, 0]}
				]
			},
			{
				"name": "bone17",
				"parent": "bone",
				"pivot": [0, 8, 1],
				"rotation": [0, -180, 0]
			},
			{
				"name": "bone18",
				"parent": "bone17",
				"pivot": [0, 8, 5.3525],
				"rotation": [26, 0, 0]
			},
			{
				"name": "bone19",
				"parent": "bone18",
				"pivot": [0, 8, 5.3525],
				"rotation": [0, -45, 0],
				"cubes": [
					{"origin": [-0.8, 7.7, 4.7], "size": [2, 5, 2], "uv": [0, 0]}
				]
			},
			{
				"name": "bone20",
				"parent": "bone",
				"pivot": [0, 8, 0],
				"rotation": [0, -216, 0]
			},
			{
				"name": "bone21",
				"parent": "bone20",
				"pivot": [0, 8, 4.3525],
				"rotation": [26, 0, 0]
			},
			{
				"name": "bone22",
				"parent": "bone21",
				"pivot": [0, 8, 4.3525],
				"rotation": [0, -45, 0],
				"cubes": [
					{"origin": [-1.2, 8, 3.3525], "size": [2, 5, 2], "uv": [0, 0]}
				]
			},
			{
				"name": "bone23",
				"parent": "bone",
				"pivot": [0, 8, 0],
				"rotation": [0, -252, 0]
			},
			{
				"name": "bone24",
				"parent": "bone23",
				"pivot": [0, 8, 4.3525],
				"rotation": [26, 0, 0]
			},
			{
				"name": "bone25",
				"parent": "bone24",
				"pivot": [0, 8, 4.3525],
				"rotation": [0, -45, 0],
				"cubes": [
					{"origin": [-1, 8, 3.3525], "size": [2, 5, 2], "uv": [0, 0]}
				]
			},
			{
				"name": "bone26",
				"parent": "bone",
				"pivot": [0, 8, 0],
				"rotation": [0, -288, 0]
			},
			{
				"name": "bone27",
				"parent": "bone26",
				"pivot": [0, 8, 4.3525],
				"rotation": [26, 0, 0]
			},
			{
				"name": "bone28",
				"parent": "bone27",
				"pivot": [0, 8, 4.3525],
				"rotation": [0, -45, 0],
				"cubes": [
					{"origin": [-1, 8, 3.3525], "size": [2, 5, 2], "uv": [0, 0]}
				]
			},
			{
				"name": "bone29",
				"parent": "bone",
				"pivot": [0, 8, 0],
				"rotation": [0, -324, 0]
			},
			{
				"name": "bone30",
				"parent": "bone29",
				"pivot": [0, 8, 4.3525],
				"rotation": [26, 0, 0]
			},
			{
				"name": "bone31",
				"parent": "bone30",
				"pivot": [0, 8, 4.3525],
				"rotation": [0, -45, 0],
				"cubes": [
					{"origin": [-1, 8, 3.2], "size": [2, 5, 2], "uv": [0, 0]}
				]
			},
			{
				"name": "bone41",
				"parent": "body",
				"pivot": [3, 11.5, 0],
				"rotation": [-9.91615, -1.29876, -32.38733],
				"cubes": [
					{"origin": [-0.5, 15.5, -4], "size": [3, 4, 0], "uv": [8, 30]}
				]
			},
			{
				"name": "bone33",
				"parent": "body",
				"pivot": [-3, 11.5, 0],
				"rotation": [-9.91615, 1.29876, 32.38733],
				"cubes": [
					{"origin": [-2.5, 15.5, -4], "size": [3, 4, 0], "uv": [8, 30], "mirror": true}
				]
			},
			{
				"name": "bone32",
				"parent": "body",
				"pivot": [0, 10.5, 0],
				"rotation": [7.5, 0, 0],
				"cubes": [
					{"origin": [-3, 14.5, 3.5], "size": [6, 3, 0], "uv": [0, 42]}
				]
			},
			{
				"name": "bone36",
				"parent": "bone32",
				"pivot": [2, 10.5, -1],
				"rotation": [-20, 0, 0]
			},
			{
				"name": "bone34",
				"parent": "bone36",
				"pivot": [2, 10.5, -1],
				"rotation": [0, 0, -45],
				"cubes": [
					{"origin": [0.8, 12, -4], "size": [3, 3, 1], "uv": [0, 38]}
				]
			},
			{
				"name": "legLeft",
				"pivot": [2, 9, 0],
				"cubes": [
					{"origin": [0.499, 0, -1.5], "size": [3, 9, 3], "uv": [0, 16]}
				]
			},
			{
				"name": "legRight",
				"pivot": [-2, 9, 0],
				"cubes": [
					{"origin": [-3.499, 0, -1.5], "size": [3, 9, 3], "uv": [0, 16], "mirror": true}
				]
			}
		]
	}
}