{
	"format_version": "1.10.0",
	"geometry.model": {
		"texturewidth": 32,
		"textureheight": 32,
		"visible_bounds_width": 3,
		"visible_bounds_height": 2,
		"visible_bounds_offset": [0, 0, 0],
		"bones": [
			{
				"name": "bone2",
				"pivot": [0, 0, 0],
				"cubes": [
					{"origin": [-1.2, -0.5, -0.7], "size": [2, 2, 2], "uv": [6, 14], "inflate": -0.5},
					{"origin": [-0.2, -0.5, -0.7], "size": [2, 2, 2], "uv": [0, 12], "inflate": -0.5}
				]
			},
			{
				"name": "bone3",
				"parent": "bone2",
				"pivot": [0, 3, 0],
				"rotation": [-2.46011, -23.86057, -6.23021],
				"cubes": [
					{"origin": [-0.9, 1.78549, -1.61678], "size": [2, 3, 3], "uv": [1, 0], "inflate": -0.45},
					{"origin": [-1.39, 1.78549, -0.61678], "size": [3, 3, 2], "uv": [1, 1], "inflate": -0.449}
				]
			},
			{
				"name": "bone5",
				"parent": "bone3",
				"pivot": [0.1, 3.28549, -0.11678],
				"rotation": [0, -26, 0],
				"cubes": [
					{"origin": [-1.307, 1.785, -1.25727], "size": [2, 3, 2], "uv": [1, 1], "inflate": -0.449}
				]
			},
			{
				"name": "bone7",
				"parent": "bone3",
				"pivot": [0, 0, -1],
				"rotation": [0, -65, 0],
				"cubes": [
					{"origin": [-1.88923, 0.68, -2.85], "size": [4, 4, 4], "uv": [16, 24], "inflate": -1.15}
				]
			},
			{
				"name": "bone4",
				"parent": "bone3",
				"pivot": [0.06077, 2.08549, -1.61678],
				"rotation": [10, 0, 0],
				"cubes": [
					{"origin": [-0.38923, 2.15, -1.75], "size": [1, 1, 2], "uv": [9, 0], "inflate": -0.33}
				]
			},
			{
				"name": "bone6",
				"parent": "bone3",
				"pivot": [-0.1, 3.28549, -0.11678],
				"rotation": [0, 26, 0],
				"cubes": [
					{"origin": [-0.49526, 1.784, -1.16083], "size": [2, 3, 2], "uv": [1, 1], "inflate": -0.449, "mirror": true}
				]
			},
			{
				"name": "bone8",
				"parent": "bone3",
				"pivot": [-1, 0, 0],
				"rotation": [0, 65, 0],
				"cubes": [
					{"origin": [-2.88923, 0.68, -1.16], "size": [4, 4, 4], "uv": [16, 24], "inflate": -1.15}
				]
			},
			{
				"name": "bone",
				"parent": "bone2",
				"pivot": [0, 0, 0],
				"rotation": [-27.31808, -0.9714, 1.38863],
				"cubes": [
					{"origin": [-1, 0.5, -1], "size": [2, 2, 3], "uv": [9, 9], "inflate": 0.1},
					{"origin": [-1.5, 1, -1], "size": [3, 2, 3], "uv": [9, 3]},
					{"origin": [-1.6, 0.5, 2], "size": [2, 2, 4], "uv": [0, 6], "inflate": 0.2}
				]
			}
		]
	}
}