{
	"format_version": "1.10.0",
	"geometry.model": {
		"texturewidth": 64,
		"textureheight": 64,
		"visible_bounds_width": 4,
		"visible_bounds_height": 4,
		"visible_bounds_offset": [0, 1, 0],
		"bones": [
			{
				"name": "head",
				"pivot": [0, 18, 0],
				"cubes": [
					{"origin": [-4, 18, -4], "size": [8, 8, 8], "uv": [0, 0]},
					{"origin": [-4, 18, -4], "size": [8, 8, 8], "uv": [32, 0], "inflate": 0.3}
				]
			},
			{
				"name": "blink",
				"parent": "head",
				"pivot": [0, 18, 0],
				"cubes": [
					{"origin": [-4, 18, -4.001], "size": [8, 8, 0], "uv": [24, 0]}
				]
			},
			{
				"name": "bone48",
				"parent": "head",
				"pivot": [0, 18, -4],
				"rotation": [-5, 0, 0],
				"cubes": [
					{"origin": [-4, 14, -4.2], "size": [1, 5, 1], "uv": [18, 9], "inflate": 0.01},
					{"origin": [3, 14, -4.2], "size": [1, 5, 1], "uv": [18, 9], "inflate": 0.01, "mirror": true}
				]
			},
			{
				"name": "bone67",
				"parent": "head",
				"pivot": [0, 22, 0],
				"rotation": [7.5, 0, 0]
			},
			{
				"name": "bone49",
				"parent": "bone67",
				"pivot": [7, 9, 8],
				"rotation": [17.37608, 0.87325, -10.00958],
				"cubes": [
					{"origin": [0.8, 9, 7], "size": [6, 14, 1], "uv": [34, 21]}
				]
			},
			{
				"name": "bone52",
				"parent": "bone67",
				"pivot": [-9, 6, 7],
				"rotation": [-11.08505, -11.31414, 6.15618],
				"cubes": [
					{"origin": [-6.98146, 4.24305, 5.3], "size": [6, 5, 1], "uv": [34, 36], "mirror": true}
				]
			},
			{
				"name": "bone50",
				"parent": "bone67",
				"pivot": [-7, 9, 8],
				"rotation": [17.37608, -0.87325, 10.00958],
				"cubes": [
					{"origin": [-6.8, 9, 7], "size": [6, 14, 1], "uv": [34, 21], "mirror": true}
				]
			},
			{
				"name": "bone51",
				"parent": "bone67",
				"pivot": [9, 6, 7],
				"rotation": [-11.08505, 11.31414, -6.15618],
				"cubes": [
					{"origin": [0.98146, 4.24305, 5.3], "size": [6, 5, 1], "uv": [34, 36]}
				]
			},
			{
				"name": "armRight",
				"pivot": [-2, 17.5, 0],
				"rotation": [0, 0, 25],
				"cubes": [
					{"origin": [-4, 8.5, -1], "size": [2, 8, 2], "uv": [0, 28]},
					{"origin": [-4.5, 9, -1.5], "size": [3, 2, 3], "uv": [29, 16]}
				]
			},
			{
				"name": "armRightPositioningBone",
				"parent": "armRight",
				"pivot": [-3, 8.5, 0]
			},
			{
				"name": "bone65",
				"parent": "armRight",
				"pivot": [-2, 15.5, -1],
				"rotation": [0, 0, 20],
				"cubes": [
					{"origin": [-4.23, 12.5, -3], "size": [4, 5, 6], "uv": [16, 44]}
				]
			},
			{
				"name": "bone78",
				"parent": "bone65",
				"pivot": [-3, 15.5, 0],
				"rotation": [0, 0, -30],
				"cubes": [
					{"origin": [-3, 10.5, -3.2], "size": [1, 7, 0], "uv": [56, 0]}
				]
			},
			{
				"name": "armLeft",
				"pivot": [2, 17.5, 0],
				"rotation": [0, 0, -25],
				"cubes": [
					{"origin": [2, 8.5, -1], "size": [2, 8, 2], "uv": [0, 28], "mirror": true},
					{"origin": [1.5, 9, -1.5], "size": [3, 2, 3], "uv": [29, 16]}
				]
			},
			{
				"name": "armLeftPositioningBone",
				"parent": "armLeft",
				"pivot": [3, 8.5, 0]
			},
			{
				"name": "bone66",
				"parent": "armLeft",
				"pivot": [2, 15.5, -1],
				"rotation": [0, 0, -20],
				"cubes": [
					{"origin": [0.23, 12.5, -3], "size": [4, 5, 6], "uv": [16, 44], "mirror": true}
				]
			},
			{
				"name": "body",
				"pivot": [0, 10.5, 0],
				"cubes": [
					{"origin": [-3, 8.999, -2.5], "size": [6, 9, 5], "uv": [12, 16]},
					{"origin": [-3, 8.999, -2.5], "size": [6, 9, 5], "uv": [12, 30], "inflate": 0.3},
					{"origin": [-3, 8.999, -2.5], "size": [6, 9, 5], "uv": [31, 50], "inflate": 0.51}
				]
			},
			{
				"name": "sittingRotationSkirt",
				"parent": "body",
				"pivot": [0, 10.5, 0]
			},
			{
				"name": "bone",
				"parent": "sittingRotationSkirt",
				"pivot": [0, 20.5, 0],
				"rotation": [0, 180, 0]
			},
			{
				"name": "bone2",
				"parent": "bone",
				"pivot": [0, 10, 0]
			},
			{
				"name": "bone3",
				"parent": "bone2",
				"pivot": [0, 10, -7.18775],
				"rotation": [-51.13954, 0, 0]
			},
			{
				"name": "bone4",
				"parent": "bone3",
				"pivot": [0, 7.04558, -7.18775],
				"rotation": [0, 0, -29.49864],
				"cubes": [
					{"origin": [0, 7.04558, -7.15], "size": [6, 7, 2], "uv": [0, 47]}
				]
			},
			{
				"name": "bone5",
				"parent": "bone3",
				"pivot": [0, 7.04558, -7.18775],
				"rotation": [0, 0, 29.49864],
				"cubes": [
					{"origin": [-6, 7.04558, -7.18775], "size": [6, 7, 2], "uv": [0, 47]}
				]
			},
			{
				"name": "bone6",
				"parent": "bone",
				"pivot": [0, 10, 0],
				"rotation": [0, -72, 0]
			},
			{
				"name": "bone7",
				"parent": "bone6",
				"pivot": [0, 10, -7.18775],
				"rotation": [-51.13954, 0, 0]
			},
			{
				"name": "bone8",
				"parent": "bone7",
				"pivot": [0, 7.04558, -7.18775],
				"rotation": [0, 0, -29.49864],
				"cubes": [
					{"origin": [0, 7.04558, -7.15], "size": [6, 7, 2], "uv": [0, 47]}
				]
			},
			{
				"name": "bone9",
				"parent": "bone7",
				"pivot": [0, 7.04558, -7.18775],
				"rotation": [0, 0, 29.49864],
				"cubes": [
					{"origin": [-6, 7.04558, -7.18775], "size": [6, 7, 2], "uv": [0, 47]}
				]
			},
			{
				"name": "bone10",
				"parent": "bone",
				"pivot": [0, 10, 0],
				"rotation": [0, -144, 0]
			},
			{
				"name": "bone11",
				"parent": "bone10",
				"pivot": [0, 10, -7.18775],
				"rotation": [-51.13954, 0, 0]
			},
			{
				"name": "bone12",
				"parent": "bone11",
				"pivot": [0, 7.04558, -7.18775],
				"rotation": [0, 0, -29.49864],
				"cubes": [
					{"origin": [0, 7.04558, -7.17], "size": [6, 7, 2], "uv": [0, 47]}
				]
			},
			{
				"name": "bone13",
				"parent": "bone11",
				"pivot": [0, 7.04558, -7.18775],
				"rotation": [0, 0, 29.49864],
				"cubes": [
					{"origin": [-6, 7.04558, -7.16], "size": [6, 7, 2], "uv": [0, 47]}
				]
			},
			{
				"name": "bone14",
				"parent": "bone",
				"pivot": [0, 10, 0],
				"rotation": [0, -216, 0]
			},
			{
				"name": "bone15",
				"parent": "bone14",
				"pivot": [0, 10, -7.18775],
				"rotation": [-51.13954, 0, 0]
			},
			{
				"name": "bone16",
				"parent": "bone15",
				"pivot": [0, 7.04558, -7.18775],
				"rotation": [0, 0, -29.49864],
				"cubes": [
					{"origin": [0, 7.04558, -7.15], "size": [6, 7, 2], "uv": [0, 47]}
				]
			},
			{
				"name": "bone17",
				"parent": "bone15",
				"pivot": [0, 7.04558, -7.18775],
				"rotation": [0, 0, 29.49864],
				"cubes": [
					{"origin": [-6, 7.04558, -7.18775], "size": [6, 7, 2], "uv": [0, 47]}
				]
			},
			{
				"name": "bone18",
				"parent": "bone",
				"pivot": [0, 10, 0],
				"rotation": [0, -288, 0]
			},
			{
				"name": "bone19",
				"parent": "bone18",
				"pivot": [0, 10, -7.18775],
				"rotation": [-51.13954, 0, 0]
			},
			{
				"name": "bone20",
				"parent": "bone19",
				"pivot": [0, 7.04558, -7.18775],
				"rotation": [0, 0, -29.49864],
				"cubes": [
					{"origin": [0, 7.04558, -7.15], "size": [6, 7, 2], "uv": [0, 47]}
				]
			},
			{
				"name": "bone21",
				"parent": "bone19",
				"pivot": [0, 7.04558, -7.18775],
				"rotation": [0, 0, 29.49864],
				"cubes": [
					{"origin": [-6, 7.04558, -7.18775], "size": [6, 7, 2], "uv": [0, 47]}
				]
			},
			{
				"name": "bone22",
				"parent": "sittingRotationSkirt",
				"pivot": [0, 16.5, 0]
			},
			{
				"name": "bone23",
				"parent": "bone22",
				"pivot": [0, 6, 0]
			},
			{
				"name": "bone24",
				"parent": "bone23",
				"pivot": [0, 6, 7.91688],
				"rotation": [50, 0, 0]
			},
			{
				"name": "bone25",
				"parent": "bone24",
				"pivot": [0, 6, 7.91688],
				"rotation": [0, -45, 0],
				"cubes": [
					{"origin": [-1.5, 5, 6.5], "size": [3, 6, 3], "uv": [0, 38]}
				]
			},
			{
				"name": "bone26",
				"parent": "bone22",
				"pivot": [0, 6, 0],
				"rotation": [0, -30, 0]
			},
			{
				"name": "bone27",
				"parent": "bone26",
				"pivot": [0, 6, 7.91688],
				"rotation": [50, 0, 0]
			},
			{
				"name": "bone28",
				"parent": "bone27",
				"pivot": [0, 6, 7.91688],
				"rotation": [0, -45, 0],
				"cubes": [
					{"origin": [-1, 5, 7], "size": [3, 6, 3], "uv": [0, 38]}
				]
			},
			{
				"name": "bone29",
				"parent": "bone22",
				"pivot": [0, 6, 0],
				"rotation": [0, -60, 0]
			},
			{
				"name": "bone30",
				"parent": "bone29",
				"pivot": [0, 6, 7.91688],
				"rotation": [50, 0, 0]
			},
			{
				"name": "bone31",
				"parent": "bone30",
				"pivot": [0, 6, 7.91688],
				"rotation": [0, -45, 0],
				"cubes": [
					{"origin": [-1.5, 5, 6.5], "size": [3, 6, 3], "uv": [0, 38]}
				]
			},
			{
				"name": "bone32",
				"parent": "bone22",
				"pivot": [0, 6, 0],
				"rotation": [0, -90, 0]
			},
			{
				"name": "bone33",
				"parent": "bone32",
				"pivot": [0, 6, 7.91688],
				"rotation": [50, 0, 0]
			},
			{
				"name": "bone34",
				"parent": "bone33",
				"pivot": [0, 6, 7.91688],
				"rotation": [0, -45, 0],
				"cubes": [
					{"origin": [-1, 5, 7], "size": [3, 6, 3], "uv": [0, 38]}
				]
			},
			{
				"name": "bone35",
				"parent": "bone22",
				"pivot": [0, 6, 0],
				"rotation": [0, -120, 0]
			},
			{
				"name": "bone36",
				"parent": "bone35",
				"pivot": [0, 6, 7.91688],
				"rotation": [50, 0, 0]
			},
			{
				"name": "bone38",
				"parent": "bone36",
				"pivot": [0, 6, 7.91688],
				"rotation": [0, -45, 0],
				"cubes": [
					{"origin": [-1, 5, 7], "size": [3, 6, 3], "uv": [0, 38]}
				]
			},
			{
				"name": "bone39",
				"parent": "bone22",
				"pivot": [0, 6, 0],
				"rotation": [0, -150, 0]
			},
			{
				"name": "bone40",
				"parent": "bone39",
				"pivot": [0, 6, 7.91688],
				"rotation": [50, 0, 0]
			},
			{
				"name": "bone41",
				"parent": "bone40",
				"pivot": [0, 6, 7.91688],
				"rotation": [0, -45, 0],
				"cubes": [
					{"origin": [-1.5, 5, 6.5], "size": [3, 6, 3], "uv": [0, 38]}
				]
			},
			{
				"name": "bone42",
				"parent": "bone22",
				"pivot": [0, 6, 0],
				"rotation": [0, -180, 0]
			},
			{
				"name": "bone43",
				"parent": "bone42",
				"pivot": [0, 6, 7.91688],
				"rotation": [50, 0, 0]
			},
			{
				"name": "bone44",
				"parent": "bone43",
				"pivot": [0, 6, 7.91688],
				"rotation": [0, -45, 0],
				"cubes": [
					{"origin": [-1, 5, 7], "size": [3, 6, 3], "uv": [0, 38]}
				]
			},
			{
				"name": "bone45",
				"parent": "bone22",
				"pivot": [0, 6, 0],
				"rotation": [0, -210, 0]
			},
			{
				"name": "bone46",
				"parent": "bone45",
				"pivot": [0, 6, 7.91688],
				"rotation": [50, 0, 0]
			},
			{
				"name": "bone47",
				"parent": "bone46",
				"pivot": [0, 6, 7.91688],
				"rotation": [0, -45, 0],
				"cubes": [
					{"origin": [-1.5, 5, 6.5], "size": [3, 6, 3], "uv": [0, 38]}
				]
			},
			{
				"name": "bone53",
				"parent": "bone22",
				"pivot": [0, 6, 0],
				"rotation": [0, -240, 0]
			},
			{
				"name": "bone54",
				"parent": "bone53",
				"pivot": [0, 6, 7.91688],
				"rotation": [50, 0, 0]
			},
			{
				"name": "bone55",
				"parent": "bone54",
				"pivot": [0, 6, 7.91688],
				"rotation": [0, -45, 0],
				"cubes": [
					{"origin": [-1, 5, 7], "size": [3, 6, 3], "uv": [0, 38]}
				]
			},
			{
				"name": "bone56",
				"parent": "bone22",
				"pivot": [0, 6, 0],
				"rotation": [0, -270, 0]
			},
			{
				"name": "bone57",
				"parent": "bone56",
				"pivot": [0, 6, 7.91688],
				"rotation": [50, 0, 0]
			},
			{
				"name": "bone58",
				"parent": "bone57",
				"pivot": [0, 6, 7.91688],
				"rotation": [0, -45, 0],
				"cubes": [
					{"origin": [-1, 5, 7], "size": [3, 6, 3], "uv": [0, 38]}
				]
			},
			{
				"name": "bone59",
				"parent": "bone22",
				"pivot": [0, 6, 0],
				"rotation": [0, -300, 0]
			},
			{
				"name": "bone60",
				"parent": "bone59",
				"pivot": [0, 6, 7.91688],
				"rotation": [50, 0, 0]
			},
			{
				"name": "bone61",
				"parent": "bone60",
				"pivot": [0, 6, 7.91688],
				"rotation": [0, -45, 0],
				"cubes": [
					{"origin": [-1.5, 5, 6.5], "size": [3, 6, 3], "uv": [0, 38]}
				]
			},
			{
				"name": "bone62",
				"parent": "bone22",
				"pivot": [0, 6, 0],
				"rotation": [0, -330, 0]
			},
			{
				"name": "bone63",
				"parent": "bone62",
				"pivot": [0, 6, 7.91688],
				"rotation": [50, 0, 0]
			},
			{
				"name": "bone64",
				"parent": "bone63",
				"pivot": [0, 6, 7.91688],
				"rotation": [0, -45, 0],
				"cubes": [
					{"origin": [-1, 5, 7], "size": [3, 6, 3], "uv": [0, 38]}
				]
			},
			{
				"name": "bone80",
				"parent": "bone22",
				"pivot": [-7, 6, -2.08312],
				"rotation": [-162.32976, -47.97716, -127.68308],
				"cubes": [
					{"origin": [-8, 4, -3], "size": [3, 6, 3], "uv": [0, 38], "inflate": -0.1}
				]
			},
			{
				"name": "bone81",
				"parent": "bone22",
				"pivot": [7, 6, -2.08312],
				"rotation": [-162.32976, 47.97716, 127.68308],
				"cubes": [
					{"origin": [5, 4, -3], "size": [3, 6, 3], "uv": [0, 38], "inflate": -0.1, "mirror": true}
				]
			},
			{
				"name": "bone82",
				"parent": "bone22",
				"pivot": [-7, 5, -6.08312],
				"rotation": [-74.21559, -49.80087, 125.23388],
				"cubes": [
					{"origin": [-8.5, 5.2, -7.5], "size": [3, 6, 3], "uv": [0, 38], "mirror": true}
				]
			},
			{
				"name": "bone83",
				"parent": "bone22",
				"pivot": [7, 5, -6.08312],
				"rotation": [-74.21559, 49.80087, -125.23388],
				"cubes": [
					{"origin": [5.5, 5.2, -7.5], "size": [3, 6, 3], "uv": [0, 38]}
				]
			},
			{
				"name": "bone84",
				"parent": "bone22",
				"pivot": [-7, 7, 4.91688],
				"rotation": [129.94135, -36.8715, -81.19006],
				"cubes": [
					{"origin": [-8.5, 6, 1.5], "size": [3, 6, 3], "uv": [0, 38]}
				]
			},
			{
				"name": "bone85",
				"parent": "bone22",
				"pivot": [7, 7, 4.91688],
				"rotation": [129.94135, 36.8715, 81.19006],
				"cubes": [
					{"origin": [5.5, 6, 1.5], "size": [3, 6, 3], "uv": [0, 38], "mirror": true}
				]
			},
			{
				"name": "cosFloat",
				"parent": "sittingRotationSkirt",
				"pivot": [0, 10.5, 0]
			},
			{
				"name": "bone69",
				"parent": "cosFloat",
				"pivot": [-1, 16.5, 0],
				"rotation": [0, 0, -7.5]
			},
			{
				"name": "bone70",
				"parent": "bone69",
				"pivot": [-1, 6, 0],
				"rotation": [30, 0, 0],
				"cubes": [
					{"origin": [-4.5, 6, 9.65685], "size": [7, 1, 0], "uv": [49, 32]}
				]
			},
			{
				"name": "bone71",
				"parent": "bone69",
				"pivot": [-1, 6, 0],
				"rotation": [30, -45, 0],
				"cubes": [
					{"origin": [-4.5, 6, 9.65685], "size": [7, 1, 0], "uv": [49, 32]}
				]
			},
			{
				"name": "bone72",
				"parent": "bone69",
				"pivot": [-1, 6, 0],
				"rotation": [30, -90, 0],
				"cubes": [
					{"origin": [-4.5, 6, 9.65685], "size": [7, 1, 0], "uv": [49, 32]}
				]
			},
			{
				"name": "bone73",
				"parent": "bone69",
				"pivot": [-1, 6, 0],
				"rotation": [30, -135, 0],
				"cubes": [
					{"origin": [-4.5, 6, 9.65685], "size": [7, 1, 0], "uv": [49, 32]}
				]
			},
			{
				"name": "bone74",
				"parent": "bone69",
				"pivot": [-1, 6, 0],
				"rotation": [30, -180, 0],
				"cubes": [
					{"origin": [-4.5, 6, 9.65685], "size": [7, 1, 0], "uv": [49, 32]}
				]
			},
			{
				"name": "bone75",
				"parent": "bone69",
				"pivot": [-1, 6, 0],
				"rotation": [30, -225, 0],
				"cubes": [
					{"origin": [-4.5, 6, 9.65685], "size": [7, 1, 0], "uv": [49, 32]}
				]
			},
			{
				"name": "bone76",
				"parent": "bone69",
				"pivot": [-1, 6, 0],
				"rotation": [30, -270, 0],
				"cubes": [
					{"origin": [-4.5, 6, 9.65685], "size": [7, 1, 0], "uv": [49, 32]}
				]
			},
			{
				"name": "bone77",
				"parent": "bone69",
				"pivot": [-1, 6, 0],
				"rotation": [30, -315, 0],
				"cubes": [
					{"origin": [-4.5, 6, 9.65685], "size": [7, 1, 0], "uv": [49, 32]}
				]
			},
			{
				"name": "bone68",
				"parent": "body",
				"pivot": [0, 12.5, -3],
				"rotation": [-20, 0, 0],
				"cubes": [
					{"origin": [-4, 17.5, -0.5], "size": [8, 2, 3], "uv": [41, 16], "inflate": 0.2},
					{"origin": [-4, 17.5, -0.5], "size": [8, 2, 3], "uv": [0, 56], "inflate": 0.1}
				]
			},
			{
				"name": "leggings",
				"parent": "body",
				"pivot": [0, 10.5, 0]
			},
			{
				"name": "bone79",
				"parent": "leggings",
				"pivot": [0, 18.5, 0],
				"rotation": [40, 0, 0],
				"cubes": [
					{"origin": [-4, 0.54142, 0.64376], "size": [8, 14, 0], "uv": [48, 33]}
				]
			},
			{
				"name": "legLeft",
				"pivot": [2, 9, 0],
				"cubes": [
					{"origin": [0.499, 0, -1.5], "size": [3, 9, 3], "uv": [0, 16]},
					{"origin": [0.499, 3, -1.5], "size": [3, 2, 3], "uv": [48, 27], "inflate": 0.3}
				]
			},
			{
				"name": "legRight",
				"pivot": [-2, 9, 0],
				"cubes": [
					{"origin": [-3.499, 0, -1.5], "size": [3, 9, 3], "uv": [0, 16], "mirror": true},
					{"origin": [-3.501, 3, -1.5], "size": [3, 2, 3], "uv": [48, 27], "inflate": 0.3}
				]
			},
			{
				"name": "d",
				"pivot": [0, 0, 0]
			},
			{
				"name": "chestPlate",
				"parent": "d",
				"pivot": [0, 0, 0]
			},
			{
				"name": "sinFloat",
				"parent": "chestPlate",
				"pivot": [0, 0, 0]
			},
			{
				"name": "tail",
				"parent": "sinFloat",
				"pivot": [0, -150, 1],
				"rotation": [90, 0, 0]
			},
			{
				"name": "bone37",
				"parent": "tail",
				"pivot": [0, -100, 90],
				"cubes": [
					{"origin": [-2, -151, 165], "size": [4, 4, 4], "uv": [30, 42]},
					{"origin": [-3, -146.5, 164], "size": [6, 0, 6], "uv": [42, 21]}
				]
			}
		]
	}
}