{
	"format_version": "1.10.0",
	"geometry.model": {
		"texturewidth": 64,
		"textureheight": 96,
		"visible_bounds_width": 3,
		"visible_bounds_height": 4,
		"visible_bounds_offset": [0, 1, 0],
		"bones": [
			{
				"name": "head",
				"pivot": [0, 18, 0]
			},
			{
				"name": "blink",
				"parent": "head",
				"pivot": [0, 18, 0],
				"cubes": [
					{"origin": [-4, 18, -4.001], "size": [8, 8, 0], "uv": [24, 0]}
				]
			},
			{
				"name": "bone40",
				"parent": "head",
				"pivot": [0, 16, -2],
				"rotation": [19.78217, 2.57594, -9.6658],
				"cubes": [
					{"origin": [-1.3, 8, 4], "size": [6, 10, 1], "uv": [44, 30]}
				]
			},
			{
				"name": "bone41",
				"parent": "bone40",
				"pivot": [0, 10, -2],
				"rotation": [-12.5, 0, 0],
				"cubes": [
					{"origin": [-1.3, 3.56249, 4.26695], "size": [6, 6, 1], "uv": [32, 41], "inflate": 0.01}
				]
			},
			{
				"name": "bone42",
				"parent": "head",
				"pivot": [0, 16, -2],
				"rotation": [19.78217, -2.57594, 9.6658],
				"cubes": [
					{"origin": [-4.7, 8, 4], "size": [6, 10, 1], "uv": [44, 30], "mirror": true}
				]
			},
			{
				"name": "bone43",
				"parent": "bone42",
				"pivot": [0, 10, -2],
				"rotation": [-12.5, 0, 0],
				"cubes": [
					{"origin": [-4.7, 3.56249, 4.26695], "size": [6, 6, 1], "uv": [32, 41], "inflate": 0.01, "mirror": true}
				]
			},
			{
				"name": "helmet",
				"parent": "head",
				"pivot": [0, 18, 0],
				"cubes": [
					{"origin": [-4, 18, -4], "size": [8, 8, 8], "uv": [0, 61]},
					{"origin": [-4, 18, -4], "size": [8, 8, 8], "uv": [32, 61], "inflate": 0.3}
				]
			},
			{
				"name": "bone44",
				"parent": "helmet",
				"pivot": [0, 17, -1],
				"rotation": [-7.5, 0, 0],
				"cubes": [
					{"origin": [-4, 22.5, -4.8], "size": [8, 3, 8], "uv": [0, 47], "inflate": 0.4},
					{"origin": [-4, 22.5, -4.8], "size": [8, 3, 8], "uv": [24, 50], "inflate": 0.6}
				]
			},
			{
				"name": "bone45",
				"parent": "helmet",
				"pivot": [4, 18, 1],
				"rotation": [25.84993, -6.29105, -48.57179],
				"cubes": [
					{"origin": [7, 21, -2], "size": [2, 2, 2], "uv": [0, 51]}
				]
			},
			{
				"name": "bone49",
				"parent": "bone45",
				"pivot": [2, 20, 3],
				"rotation": [113.34993, -6.29105, -48.57179],
				"cubes": [
					{"origin": [5, 23, 0], "size": [2, 2, 2], "uv": [0, 51]}
				]
			},
			{
				"name": "bone48",
				"parent": "helmet",
				"pivot": [0, 18, 0],
				"rotation": [2.5, 0, 0],
				"cubes": [
					{"origin": [-4, 23, -6], "size": [8, 0, 2], "uv": [30, 48]}
				]
			},
			{
				"name": "_helmet",
				"parent": "head",
				"pivot": [0, 18, 0],
				"cubes": [
					{"origin": [-4, 18, -4], "size": [8, 8, 8], "uv": [0, 0]},
					{"origin": [-4, 18, -4], "size": [8, 8, 8], "uv": [32, 0], "inflate": 0.3}
				]
			},
			{
				"name": "bone46",
				"parent": "head",
				"pivot": [-1, 18, 2],
				"rotation": [-15, 0, 0],
				"cubes": [
					{"origin": [-4, 14, -4], "size": [1, 3, 1], "uv": [0, 16], "inflate": 0.01}
				]
			},
			{
				"name": "bone47",
				"parent": "head",
				"pivot": [1, 18, 2],
				"rotation": [-15, 0, 0],
				"cubes": [
					{"origin": [3, 14, -4], "size": [1, 3, 1], "uv": [0, 16], "inflate": 0.01, "mirror": true}
				]
			},
			{
				"name": "armRight",
				"pivot": [-2, 17.5, 0],
				"rotation": [0, 0, 25],
				"cubes": [
					{"origin": [-4, 8.5, -1], "size": [2, 8, 2], "uv": [0, 30]},
					{"origin": [-4, 8.5, -1], "size": [2, 8, 2], "uv": [0, 40], "inflate": 0.4}
				]
			},
			{
				"name": "armRightPositioningBone",
				"parent": "armRight",
				"pivot": [-3, 8.5, 0]
			},
			{
				"name": "armLeft",
				"pivot": [2, 17.5, 0],
				"rotation": [0, 0, -25],
				"cubes": [
					{"origin": [2, 8.5, -1], "size": [2, 8, 2], "uv": [0, 30], "mirror": true},
					{"origin": [2, 8.5, -1], "size": [2, 8, 2], "uv": [0, 40], "inflate": 0.4}
				]
			},
			{
				"name": "armLeftPositioningBone",
				"parent": "armLeft",
				"pivot": [3, 8.5, 0]
			},
			{
				"name": "body",
				"pivot": [0, 10.5, 0],
				"cubes": [
					{"origin": [-3, 9, -2.5], "size": [6, 9, 5], "uv": [0, 16]},
					{"origin": [-3, 9, -2.5], "size": [6, 9, 5], "uv": [22, 16], "inflate": 0.4}
				]
			},
			{
				"name": "sittingRotationSkirt",
				"parent": "body",
				"pivot": [0, 10.5, 0]
			},
			{
				"name": "bone",
				"parent": "sittingRotationSkirt",
				"pivot": [0, 17.5, 0]
			},
			{
				"name": "bone2",
				"parent": "bone",
				"pivot": [0, 7, 0]
			},
			{
				"name": "bone3",
				"parent": "bone2",
				"pivot": [0, 7, 4.3525],
				"rotation": [26, 0, 0]
			},
			{
				"name": "bone4",
				"parent": "bone3",
				"pivot": [0, 7, 4.3525],
				"rotation": [0, -45, 0],
				"cubes": [
					{"origin": [-1.2, 7.7, 3.1], "size": [2, 5, 2], "uv": [0, 0]}
				]
			},
			{
				"name": "bone5",
				"parent": "bone",
				"pivot": [0, 7, 0],
				"rotation": [0, -36, 0]
			},
			{
				"name": "bone6",
				"parent": "bone5",
				"pivot": [0, 7, 4.3525],
				"rotation": [26, 0, 0]
			},
			{
				"name": "bone7",
				"parent": "bone6",
				"pivot": [0, 7, 4.3525],
				"rotation": [0, -45, 0],
				"cubes": [
					{"origin": [-1, 7.7, 3.3525], "size": [2, 5, 2], "uv": [0, 0]}
				]
			},
			{
				"name": "bone8",
				"parent": "bone",
				"pivot": [0, 7, 0],
				"rotation": [0, -72, 0]
			},
			{
				"name": "bone9",
				"parent": "bone8",
				"pivot": [0, 7, 4.3525],
				"rotation": [26, 0, 0]
			},
			{
				"name": "bone10",
				"parent": "bone9",
				"pivot": [0, 7, 4.3525],
				"rotation": [0, -45, 0],
				"cubes": [
					{"origin": [-1, 7.7, 3.3525], "size": [2, 5, 2], "uv": [0, 0]}
				]
			},
			{
				"name": "bone11",
				"parent": "bone",
				"pivot": [0, 7, 0],
				"rotation": [0, -108, 0]
			},
			{
				"name": "bone12",
				"parent": "bone11",
				"pivot": [0, 7, 4.3525],
				"rotation": [26, 0, 0]
			},
			{
				"name": "bone13",
				"parent": "bone12",
				"pivot": [0, 7, 4.3525],
				"rotation": [0, -45, 0],
				"cubes": [
					{"origin": [-1, 7.7, 3.3525], "size": [2, 5, 2], "uv": [0, 0]}
				]
			},
			{
				"name": "bone14",
				"parent": "bone",
				"pivot": [0, 7, 0],
				"rotation": [0, -144, 0]
			},
			{
				"name": "bone15",
				"parent": "bone14",
				"pivot": [0, 7, 4.3525],
				"rotation": [26, 0, 0]
			},
			{
				"name": "bone16",
				"parent": "bone15",
				"pivot": [0, 7, 4.3525],
				"rotation": [0, -45, 0],
				"cubes": [
					{"origin": [-1, 7.7, 3.3525], "size": [2, 5, 2], "uv": [0, 0]}
				]
			},
			{
				"name": "bone17",
				"parent": "bone",
				"pivot": [0, 7, 0],
				"rotation": [0, -180, 0]
			},
			{
				"name": "bone18",
				"parent": "bone17",
				"pivot": [0, 7, 4.3525],
				"rotation": [26, 0, 0]
			},
			{
				"name": "bone19",
				"parent": "bone18",
				"pivot": [0, 7, 4.3525],
				"rotation": [0, -45, 0],
				"cubes": [
					{"origin": [-1.2, 7.7, 3.1], "size": [2, 4.4, 2], "uv": [0, 0]}
				]
			},
			{
				"name": "bone20",
				"parent": "bone",
				"pivot": [0, 7, 0],
				"rotation": [0, -216, 0]
			},
			{
				"name": "bone21",
				"parent": "bone20",
				"pivot": [0, 7, 4.3525],
				"rotation": [26, 0, 0]
			},
			{
				"name": "bone22",
				"parent": "bone21",
				"pivot": [0, 7, 4.3525],
				"rotation": [0, -45, 0],
				"cubes": [
					{"origin": [-1, 7.7, 3.3525], "size": [2, 5, 2], "uv": [0, 0]}
				]
			},
			{
				"name": "bone23",
				"parent": "bone",
				"pivot": [0, 7, 0],
				"rotation": [0, -252, 0]
			},
			{
				"name": "bone24",
				"parent": "bone23",
				"pivot": [0, 7, 4.3525],
				"rotation": [26, 0, 0]
			},
			{
				"name": "bone25",
				"parent": "bone24",
				"pivot": [0, 7, 4.3525],
				"rotation": [0, -45, 0],
				"cubes": [
					{"origin": [-1, 7.7, 3.3525], "size": [2, 5, 2], "uv": [0, 0]}
				]
			},
			{
				"name": "bone26",
				"parent": "bone",
				"pivot": [0, 7, 0],
				"rotation": [0, -288, 0]
			},
			{
				"name": "bone27",
				"parent": "bone26",
				"pivot": [0, 7, 4.3525],
				"rotation": [26, 0, 0]
			},
			{
				"name": "bone28",
				"parent": "bone27",
				"pivot": [0, 7, 4.3525],
				"rotation": [0, -45, 0],
				"cubes": [
					{"origin": [-1, 7.7, 3.3525], "size": [2, 5, 2], "uv": [0, 0]}
				]
			},
			{
				"name": "bone29",
				"parent": "bone",
				"pivot": [0, 7, 0],
				"rotation": [0, -324, 0]
			},
			{
				"name": "bone30",
				"parent": "bone29",
				"pivot": [0, 7, 4.3525],
				"rotation": [26, 0, 0]
			},
			{
				"name": "bone31",
				"parent": "bone30",
				"pivot": [0, 7, 4.3525],
				"rotation": [0, -45, 0],
				"cubes": [
					{"origin": [-1, 7.7, 3.3525], "size": [2, 5, 2], "uv": [0, 0]}
				]
			},
			{
				"name": "bone32",
				"parent": "body",
				"pivot": [0, 9.5, 0],
				"rotation": [14.6658, 2.57594, -14.78217],
				"cubes": [
					{"origin": [-1.5, 5.1, -1.8], "size": [6, 8, 6], "uv": [8, 30]}
				]
			},
			{
				"name": "bone33",
				"parent": "body",
				"pivot": [0, 9.5, 0],
				"rotation": [14.6658, -2.57594, 14.78217],
				"cubes": [
					{"origin": [-4.5, 5.1, -1.8], "size": [6, 8, 6], "uv": [8, 30], "mirror": true}
				]
			},
			{
				"name": "bone34",
				"parent": "body",
				"pivot": [0, 10.5, 0],
				"rotation": [15, 0, 0],
				"cubes": [
					{"origin": [-3, 5.5, 4.3], "size": [6, 10, 0], "uv": [32, 30]}
				]
			},
			{
				"name": "bone35",
				"parent": "body",
				"pivot": [0, 9.5, -1],
				"rotation": [12.5, 0, 0],
				"cubes": [
					{"origin": [-4.5, 15.8, 4], "size": [9, 2, 1], "uv": [8, 44]}
				]
			},
			{
				"name": "bone36",
				"parent": "bone35",
				"pivot": [-5, 15.5, 3],
				"rotation": [5.41615, 16.66577, 18.29388],
				"cubes": [
					{"origin": [-5.48231, 15.8, -0.61204], "size": [1, 2, 5], "uv": [51, 23]}
				]
			},
			{
				"name": "bone37",
				"parent": "bone35",
				"pivot": [5, 15.5, 3],
				"rotation": [5.41615, -16.66577, -18.29388],
				"cubes": [
					{"origin": [4.48231, 15.8, -0.61204], "size": [1, 2, 5], "uv": [51, 23], "mirror": true}
				]
			},
			{
				"name": "bone38",
				"parent": "bone35",
				"pivot": [-7, 8.5, 2],
				"rotation": [-36.7037, -62.45428, 62.43292],
				"cubes": [
					{"origin": [-13, 14.3, 0], "size": [1, 2, 3], "uv": [56, 16]}
				]
			},
			{
				"name": "bone39",
				"parent": "bone35",
				"pivot": [7, 8.5, 2],
				"rotation": [-36.7037, 62.45428, -62.43292],
				"cubes": [
					{"origin": [12, 14.3, 0], "size": [1, 2, 3], "uv": [56, 16], "mirror": true}
				]
			},
			{
				"name": "legLeft",
				"pivot": [2, 9, 0],
				"cubes": [
					{"origin": [0.499, 0, -1.5], "size": [3, 9, 3], "uv": [44, 16], "mirror": true},
					{"origin": [0, 3, -2], "size": [4, 2, 4], "uv": [46, 41], "inflate": -0.2}
				]
			},
			{
				"name": "legRight",
				"pivot": [-2, 9, 0],
				"cubes": [
					{"origin": [-3.499, 0, -1.5], "size": [3, 9, 3], "uv": [44, 16]},
					{"origin": [-4, 3, -2], "size": [4, 2, 4], "uv": [46, 41], "inflate": -0.2, "mirror": true}
				]
			}
		]
	}
}