{
	"format_version": "1.10.0",
	"geometry.model": {
		"texturewidth": 64,
		"textureheight": 64,
		"visible_bounds_width": 4,
		"visible_bounds_height": 4,
		"visible_bounds_offset": [0, 1, 0],
		"bones": [
			{
				"name": "head",
				"pivot": [0, 18, 0],
				"cubes": [
					{"origin": [-4, 18, -4], "size": [8, 8, 8], "uv": [0, 0]},
					{"origin": [-4, 18, -4], "size": [8, 8, 8], "uv": [32, 0], "inflate": 0.3},
					{"origin": [-1, 22, 3.2], "size": [2, 3, 2], "uv": [17, 16], "inflate": 0.2}
				]
			},
			{
				"name": "blink",
				"parent": "head",
				"pivot": [0, 18, 0],
				"cubes": [
					{"origin": [-4, 18, -4.001], "size": [8, 8, 0], "uv": [24, 0]}
				]
			},
			{
				"name": "bone",
				"parent": "head",
				"pivot": [0, 24, 2],
				"rotation": [-22.5, 0, 0],
				"cubes": [
					{"origin": [-0.5, 26, 3.3], "size": [1, 2, 1], "uv": [0, 16], "inflate": 0.3}
				]
			},
			{
				"name": "bone2",
				"parent": "head",
				"pivot": [0, 16, 1],
				"rotation": [15, 0, 0],
				"cubes": [
					{"origin": [-1, 18.7, 4.6], "size": [2, 2, 2], "uv": [20, 10], "inflate": 0.15}
				]
			},
			{
				"name": "bone3",
				"parent": "head",
				"pivot": [0, 16, -2],
				"rotation": [22.5, 0, -10],
				"cubes": [
					{"origin": [-0.2, 7, 4], "size": [5, 11, 1], "uv": [44, 16]}
				]
			},
			{
				"name": "bone5",
				"parent": "bone3",
				"pivot": [0, 11, -2],
				"rotation": [-15, 0, 0],
				"cubes": [
					{"origin": [-0.19, 3.94803, 4.79676], "size": [5, 5, 1], "uv": [0, 42]}
				]
			},
			{
				"name": "bone6",
				"parent": "bone5",
				"pivot": [0, 8, -2],
				"rotation": [-20, 0, 0],
				"cubes": [
					{"origin": [-0.18, 3.85904, 5.71241], "size": [5, 3, 1], "uv": [0, 48]}
				]
			},
			{
				"name": "bone4",
				"parent": "head",
				"pivot": [0, 16, -2],
				"rotation": [22.5, 0, 10],
				"cubes": [
					{"origin": [-4.8, 7, 4], "size": [5, 11, 1], "uv": [44, 16], "mirror": true}
				]
			},
			{
				"name": "bone7",
				"parent": "head",
				"pivot": [0, 16, -2],
				"rotation": [22.5, 0, 10]
			},
			{
				"name": "bone8",
				"parent": "bone7",
				"pivot": [0, 11, -2],
				"rotation": [-15, 0, 0],
				"cubes": [
					{"origin": [-4.81, 3.94803, 4.79676], "size": [5, 5, 1], "uv": [0, 42], "mirror": true}
				]
			},
			{
				"name": "bone9",
				"parent": "head",
				"pivot": [0, 16, -2],
				"rotation": [22.5, 0, 10]
			},
			{
				"name": "bone10",
				"parent": "bone9",
				"pivot": [0, 11, -2],
				"rotation": [-15, 0, 0]
			},
			{
				"name": "bone11",
				"parent": "bone10",
				"pivot": [0, 8, -2],
				"rotation": [-20, 0, 0],
				"cubes": [
					{"origin": [-4.82, 3.85904, 5.71241], "size": [5, 3, 1], "uv": [0, 48], "mirror": true}
				]
			},
			{
				"name": "bone18",
				"parent": "head",
				"pivot": [0, 19, 0],
				"rotation": [-10, 0, 0],
				"cubes": [
					{"origin": [-3.7, 15.01519, -3.82635], "size": [1, 3, 1], "uv": [0, 8]},
					{"origin": [2.7, 15.01519, -3.82635], "size": [1, 3, 1], "uv": [0, 8], "mirror": true}
				]
			},
			{
				"name": "bone19",
				"parent": "bone18",
				"pivot": [0, 15, 0],
				"rotation": [10, 0, 0],
				"cubes": [
					{"origin": [-3.7, 13.6694, -3.75558], "size": [1, 2, 1], "uv": [0, 12], "inflate": 0.01},
					{"origin": [2.7, 13.6694, -3.75558], "size": [1, 2, 1], "uv": [0, 12], "inflate": 0.01, "mirror": true}
				]
			},
			{
				"name": "armRight",
				"pivot": [-2, 17.5, 0],
				"rotation": [0, 0, 25],
				"cubes": [
					{"origin": [-4, 8.5, -1], "size": [2, 8, 2], "uv": [12, 30], "mirror": true},
					{"origin": [-5, 12.5, -2], "size": [4, 3, 4], "uv": [12, 40], "inflate": -0.2}
				]
			},
			{
				"name": "armRightPositioningBone",
				"parent": "armRight",
				"pivot": [-3, 8.5, 0]
			},
			{
				"name": "bone20",
				"parent": "armRight",
				"pivot": [-2, 9.5, 0],
				"rotation": [0, 0, -15],
				"cubes": [
					{"origin": [-4.2, 6.5, -1.5], "size": [3, 6, 3], "uv": [0, 52]}
				]
			},
			{
				"name": "bone21",
				"parent": "armRight",
				"pivot": [0, 17.5, 0],
				"rotation": [0, 0, 15],
				"cubes": [
					{"origin": [-2.6, 5.55, -1.5], "size": [3, 6, 3], "uv": [26, 47], "inflate": -0.01}
				]
			},
			{
				"name": "armLeft",
				"pivot": [2, 17.5, 0],
				"rotation": [0, 0, -25],
				"cubes": [
					{"origin": [2, 8.5, -1], "size": [2, 8, 2], "uv": [12, 30]},
					{"origin": [1, 12.5, -2], "size": [4, 3, 4], "uv": [12, 40], "inflate": -0.2, "mirror": true}
				]
			},
			{
				"name": "armLeftPositioningBone",
				"parent": "armLeft",
				"pivot": [3, 8.5, 0]
			},
			{
				"name": "bone22",
				"parent": "armLeft",
				"pivot": [2, 9.5, 0],
				"rotation": [0, 0, 15],
				"cubes": [
					{"origin": [1.2, 6.5, -1.5], "size": [3, 6, 3], "uv": [0, 52], "mirror": true}
				]
			},
			{
				"name": "bone23",
				"parent": "armLeft",
				"pivot": [0, 17.5, 0],
				"rotation": [0, 0, -15],
				"cubes": [
					{"origin": [-0.4, 5.55, -1.5], "size": [3, 6, 3], "uv": [26, 47], "inflate": -0.01, "mirror": true}
				]
			},
			{
				"name": "chestPlate",
				"parent": "armLeft",
				"pivot": [2, 17.5, 0]
			},
			{
				"name": "bone26",
				"parent": "chestPlate",
				"pivot": [2, 10.5, 0],
				"rotation": [8.4936, 21.93857, 5.123],
				"cubes": [
					{"origin": [1, 10.3, -1.6], "size": [4, 2, 4], "uv": [42, 39], "inflate": 0.1}
				]
			},
			{
				"name": "bone27",
				"parent": "bone26",
				"pivot": [3, 11.5, 2],
				"rotation": [-25, 0, 30],
				"cubes": [
					{"origin": [1.63397, 11.23348, 1.2], "size": [2, 3, 2], "uv": [56, 0]}
				]
			},
			{
				"name": "bone28",
				"parent": "bone27",
				"pivot": [3, 14.5, 2],
				"rotation": [57.99794, -19.3546, 11.70092],
				"cubes": [
					{"origin": [1.8, 14, 1], "size": [2, 3, 2], "uv": [0, 3]}
				]
			},
			{
				"name": "bone29",
				"parent": "bone28",
				"pivot": [3, 16.5, 2],
				"rotation": [22.5, 0, 0],
				"cubes": [
					{"origin": [2.3, 16, 0.7], "size": [1, 3, 1], "uv": [39, 16], "inflate": -0.7}
				]
			},
			{
				"name": "bone30",
				"parent": "bone26",
				"pivot": [2, 10.5, -1],
				"rotation": [-25.26439, -30, -35.26439],
				"cubes": [
					{"origin": [1, 7.5, -1.5], "size": [2, 3, 2], "uv": [56, 16]}
				]
			},
			{
				"name": "body",
				"pivot": [0, 10.5, 0],
				"cubes": [
					{"origin": [-3, 8.999, -2.5], "size": [6, 9, 5], "uv": [0, 16]},
					{"origin": [-3, 8.999, -2.5], "size": [6, 9, 5], "uv": [22, 16], "inflate": 0.3}
				]
			},
			{
				"name": "sittingRotationSkirt",
				"parent": "body",
				"pivot": [0, 10.5, 0]
			},
			{
				"name": "bone70",
				"parent": "body",
				"pivot": [0, 9.5, 1],
				"rotation": [-5, 0, 0],
				"cubes": [
					{"origin": [-2.85, 2.5, -2.7], "size": [2.55, 9, 1], "uv": [13, 47], "inflate": 0.2}
				]
			},
			{
				"name": "bone25",
				"parent": "bone70",
				"pivot": [1, 12.5, -2],
				"cubes": [
					{"origin": [0.3, 2.5, -2.7], "size": [2.55, 9, 1], "uv": [13, 47], "inflate": 0.2}
				]
			},
			{
				"name": "bone24",
				"parent": "body",
				"pivot": [0, 10.5, 0],
				"rotation": [7.5, 0, 0],
				"cubes": [
					{"origin": [-3, 4.4, 1.5], "size": [6, 9, 1], "uv": [28, 37], "inflate": 0.3}
				]
			},
			{
				"name": "legLeft",
				"pivot": [2, 9, 0],
				"cubes": [
					{"origin": [0.499, 0, -1.5], "size": [3, 9, 3], "uv": [0, 30], "mirror": true}
				]
			},
			{
				"name": "legRight",
				"pivot": [-2, 9, 0],
				"cubes": [
					{"origin": [-3.499, 0, -1.5], "size": [3, 9, 3], "uv": [0, 30]}
				]
			},
			{
				"name": "tail",
				"pivot": [0, 10, 3],
				"rotation": [-35.26439, -30, -35.26439],
				"cubes": [
					{"origin": [-1.5, 8.29289, 1.29289], "size": [3, 3, 4], "uv": [34, 30]}
				]
			},
			{
				"name": "bone12",
				"parent": "tail",
				"pivot": [0, 9.29289, 5.29289],
				"rotation": [17.89807, 11.91276, 3.81397],
				"cubes": [
					{"origin": [-1.5, 8.29289, 4.89289], "size": [3, 3, 4], "uv": [20, 30], "inflate": -0.1}
				]
			},
			{
				"name": "bone13",
				"parent": "bone12",
				"pivot": [0, 9.29289, 8.29289],
				"rotation": [20.88852, 16.41371, 6.15491],
				"cubes": [
					{"origin": [-1.5, 8.09289, 8.29289], "size": [3, 3, 4], "uv": [20, 30], "inflate": -0.2}
				]
			},
			{
				"name": "bone14",
				"parent": "bone13",
				"pivot": [0, 9.29289, 11.29289],
				"rotation": [21.17283, 18.74724, 7.09597],
				"cubes": [
					{"origin": [-1.2, 8.29289, 11.29289], "size": [2, 2, 4], "uv": [44, 28]}
				]
			},
			{
				"name": "bone15",
				"parent": "bone14",
				"pivot": [0, 9.29289, 14.29289],
				"rotation": [5.17544, 14.94159, 1.3378],
				"cubes": [
					{"origin": [-1.2, 8.29289, 14.29289], "size": [2, 2, 3], "uv": [45, 34], "inflate": -0.2}
				]
			},
			{
				"name": "bone16",
				"parent": "bone15",
				"pivot": [0, 9.29289, 17.29289],
				"rotation": [13.27463, 19.50645, 4.50432],
				"cubes": [
					{"origin": [-0.5, 8.79289, 17.09289], "size": [1, 1, 2], "uv": [30, 30], "inflate": 0.1}
				]
			},
			{
				"name": "bone17",
				"parent": "bone16",
				"pivot": [0, 9.29289, 19.29289],
				"rotation": [15, 17.5, 0],
				"cubes": [
					{"origin": [-0.5, 8.79289, 18.79289], "size": [1, 1, 2], "uv": [30, 30], "inflate": -0.1}
				]
			}
		]
	}
}