{
	"format_version": "1.10.0",
	"geometry.model": {
		"texturewidth": 32,
		"textureheight": 32,
		"visible_bounds_width": 3,
		"visible_bounds_height": 2,
		"visible_bounds_offset": [0, 0, 0],
		"bones": [
			{
				"name": "bone2",
				"pivot": [0, 1, 0],
				"cubes": [
					{"origin": [-1.2, -0.4, -0.7], "size": [2, 2, 2], "uv": [6, 13], "inflate": -0.5},
					{"origin": [-0.2, -0.4, -0.7], "size": [2, 2, 2], "uv": [0, 11], "inflate": -0.5}
				]
			},
			{
				"name": "bone3",
				"parent": "bone2",
				"pivot": [0, 3, 1],
				"rotation": [-12.59794, -0.34603, -0.6543],
				"cubes": [
					{"origin": [-0.96981, 2.78549, -1.61739], "size": [2, 3, 3], "uv": [18, 0], "inflate": -0.45},
					{"origin": [-1.45981, 2.78549, -0.61739], "size": [3, 3, 2], "uv": [1, 1], "inflate": -0.449}
				]
			},
			{
				"name": "bone5",
				"parent": "bone3",
				"pivot": [0.03019, 4.28549, -0.11739],
				"rotation": [0, -26, 0],
				"cubes": [
					{"origin": [-1.37681, 2.785, -1.25788], "size": [2, 3, 2], "uv": [19, 6], "inflate": -0.449}
				]
			},
			{
				"name": "bone7",
				"parent": "bone3",
				"pivot": [-0.06981, 1, -1.00061],
				"rotation": [0, -65, 0],
				"cubes": [
					{"origin": [-1.95904, 1.68, -2.85061], "size": [4, 4, 4], "uv": [16, 24], "inflate": -1.15}
				]
			},
			{
				"name": "bone4",
				"parent": "bone3",
				"pivot": [-0.00904, 3.08549, -1.61739],
				"rotation": [10, 0, 0],
				"cubes": [
					{"origin": [-0.45904, 3.1, -1.9], "size": [1, 1, 2], "uv": [9, 0], "inflate": -0.33}
				]
			},
			{
				"name": "bone6",
				"parent": "bone3",
				"pivot": [-0.16981, 4.28549, -0.11739],
				"rotation": [0, 26, 0],
				"cubes": [
					{"origin": [-0.56507, 2.784, -1.16144], "size": [2, 3, 2], "uv": [19, 6], "inflate": -0.449, "mirror": true}
				]
			},
			{
				"name": "bone8",
				"parent": "bone3",
				"pivot": [-1.06981, 1, -0.00061],
				"rotation": [0, 65, 0],
				"cubes": [
					{"origin": [-2.95904, 1.68, -1.16061], "size": [4, 4, 4], "uv": [16, 24], "inflate": -1.15}
				]
			},
			{
				"name": "bone",
				"parent": "bone2",
				"pivot": [0, 1, 0],
				"rotation": [-27.31808, -0.9714, 1.38863],
				"cubes": [
					{"origin": [-1, 1.5, -1], "size": [2, 2, 3], "uv": [0, 6], "inflate": 0.1},
					{"origin": [-1.5, 2, -1], "size": [3, 2, 3], "uv": [9, 3]},
					{"origin": [-1.52, 1.61, 2], "size": [3, 2, 4], "uv": [15, 11]}
				]
			}
		]
	}
}