{
	"format_version": "1.10.0",
	"geometry.model": {
		"texturewidth": 32,
		"textureheight": 32,
		"visible_bounds_width": 3,
		"visible_bounds_height": 2,
		"visible_bounds_offset": [0, 0, 0],
		"bones": [
			{
				"name": "bone2",
				"pivot": [0, 0, 0],
				"cubes": [
					{"origin": [-1.2, -0.5, -0.7], "size": [2, 2, 2], "uv": [6, 14], "inflate": -0.5},
					{"origin": [-0.2, -0.5, -0.7], "size": [2, 2, 2], "uv": [0, 12], "inflate": -0.5}
				]
			},
			{
				"name": "bone3",
				"parent": "bone2",
				"pivot": [0, 2, 1],
				"rotation": [-10.89119, 12.00848, 9.57165],
				"cubes": [
					{"origin": [-0.96981, 1.78549, -1.61739], "size": [2, 3, 3], "uv": [18, 0], "inflate": -0.45},
					{"origin": [-1.45981, 1.78549, -0.61739], "size": [3, 3, 2], "uv": [1, 1], "inflate": -0.449}
				]
			},
			{
				"name": "bone5",
				"parent": "bone3",
				"pivot": [0.03019, 3.28549, -0.11739],
				"rotation": [0, -26, 0],
				"cubes": [
					{"origin": [-1.37681, 1.785, -1.25788], "size": [2, 3, 2], "uv": [19, 6], "inflate": -0.449}
				]
			},
			{
				"name": "bone7",
				"parent": "bone3",
				"pivot": [-0.06981, 0, -1.00061],
				"rotation": [0, -65, 0],
				"cubes": [
					{"origin": [-1.95904, 0.68, -2.85061], "size": [4, 4, 4], "uv": [16, 24], "inflate": -1.15}
				]
			},
			{
				"name": "bone4",
				"parent": "bone3",
				"pivot": [-0.00904, 2.08549, -1.61739],
				"rotation": [10, 0, 0],
				"cubes": [
					{"origin": [-0.45904, 2.1, -1.9], "size": [1, 1, 2], "uv": [9, 0], "inflate": -0.33}
				]
			},
			{
				"name": "bone6",
				"parent": "bone3",
				"pivot": [-0.16981, 3.28549, -0.11739],
				"rotation": [0, 26, 0],
				"cubes": [
					{"origin": [-0.56507, 1.784, -1.16144], "size": [2, 3, 2], "uv": [19, 6], "inflate": -0.449, "mirror": true}
				]
			},
			{
				"name": "bone8",
				"parent": "bone3",
				"pivot": [-1.06981, 0, -0.00061],
				"rotation": [0, 65, 0],
				"cubes": [
					{"origin": [-2.95904, 0.68, -1.16061], "size": [4, 4, 4], "uv": [16, 24], "inflate": -1.15}
				]
			},
			{
				"name": "bone",
				"parent": "bone2",
				"pivot": [0, 0, 0],
				"rotation": [-27.31808, -0.9714, 1.38863],
				"cubes": [
					{"origin": [-1, 0.5, -1], "size": [2, 2, 3], "uv": [9, 9], "inflate": 0.1},
					{"origin": [-1.5, 1, -1], "size": [3, 2, 3], "uv": [9, 3]},
					{"origin": [-1.6, 0.5, 2], "size": [2, 2, 4], "uv": [0, 6], "inflate": 0.2}
				]
			}
		]
	}
}