{
	"format_version": "1.10.0",
	"geometry.model": {
		"texturewidth": 64,
		"textureheight": 64,
		"visible_bounds_width": 4,
		"visible_bounds_height": 4,
		"visible_bounds_offset": [0, 1, 0],
		"bones": [
			{
				"name": "head",
				"pivot": [0, 18, 0],
				"cubes": [
					{"origin": [-4, 18, -4], "size": [8, 8, 8], "uv": [0, 0], "inflate": 0.2},
					{"origin": [-4, 18, -4], "size": [8, 8, 8], "uv": [32, 0], "inflate": 0.5}
				]
			},
			{
				"name": "blink",
				"parent": "head",
				"pivot": [0, 18, 0],
				"cubes": [
					{"origin": [-4, 18, -4.001], "size": [8, 5, 1], "uv": [34, 42], "inflate": 0.2}
				]
			},
			{
				"name": "bone29",
				"parent": "head",
				"pivot": [2, 16, 0],
				"rotation": [36.08597, -7.52076, 21.26765],
				"cubes": [
					{"origin": [-2.5, 9, 3.3], "size": [2, 5, 2], "uv": [56, 0]}
				]
			},
			{
				"name": "bone30",
				"parent": "head",
				"pivot": [0, 20, -2],
				"rotation": [-12.5, 0, 0],
				"cubes": [
					{"origin": [-4.5, 19.3, -3], "size": [9, 2, 8], "uv": [0, 44], "inflate": 0.1}
				]
			},
			{
				"name": "helmet",
				"parent": "head",
				"pivot": [0, 18, 0]
			},
			{
				"name": "bone36",
				"parent": "helmet",
				"pivot": [0, 18, 0],
				"rotation": [0, 30, 0],
				"cubes": [
					{"origin": [-2, 26, -3], "size": [5, 3, 5], "uv": [34, 34], "inflate": -0.4}
				]
			},
			{
				"name": "armRight",
				"pivot": [-2, 17.5, 0],
				"rotation": [0, 0, 25],
				"cubes": [
					{"origin": [-4, 8.5, -1], "size": [2, 8, 2], "uv": [34, 16]},
					{"origin": [-4.5, 9.5, -1.5], "size": [3, 4, 3], "uv": [31, 27], "inflate": -0.1, "mirror": true}
				]
			},
			{
				"name": "armRightPositioningBone",
				"parent": "armRight",
				"pivot": [-3, 8.5, 0]
			},
			{
				"name": "armLeft",
				"pivot": [2, 17.5, 0],
				"rotation": [0, 0, -25],
				"cubes": [
					{"origin": [2, 8.5, -1], "size": [2, 8, 2], "uv": [34, 16]},
					{"origin": [1.5, 9.5, -1.5], "size": [3, 4, 3], "uv": [31, 27], "inflate": -0.1}
				]
			},
			{
				"name": "armLeftPositioningBone",
				"parent": "armLeft",
				"pivot": [3, 8.5, 0]
			},
			{
				"name": "body",
				"pivot": [0, 10.5, 0],
				"cubes": [
					{"origin": [-3, 8.999, -2.5], "size": [6, 9, 5], "uv": [12, 16]},
					{"origin": [-3, 8.3, -2.5], "size": [6, 9, 5], "uv": [12, 30], "inflate": 0.3}
				]
			},
			{
				"name": "sittingRotationSkirt",
				"parent": "body",
				"pivot": [0, 10.5, 0]
			},
			{
				"name": "bone",
				"parent": "sittingRotationSkirt",
				"pivot": [0, 11.5, 0]
			},
			{
				"name": "bone2",
				"parent": "bone",
				"pivot": [0, 1, -1]
			},
			{
				"name": "bone3",
				"parent": "bone2",
				"pivot": [0, 1, 4.82828],
				"rotation": [20, 0, 0]
			},
			{
				"name": "bone4",
				"parent": "bone3",
				"pivot": [0, 1, 4.82828],
				"rotation": [0, -45, 0],
				"cubes": [
					{"origin": [-1.5, 2, 3.32828], "size": [3, 12, 3], "uv": [43, 16]}
				]
			},
			{
				"name": "bone5",
				"parent": "bone",
				"pivot": [0, 1, 0],
				"rotation": [0, -40, 0]
			},
			{
				"name": "bone6",
				"parent": "bone5",
				"pivot": [0, 1, 5.82828],
				"rotation": [20, 0, 0]
			},
			{
				"name": "bone7",
				"parent": "bone6",
				"pivot": [0, 1, 5.82828],
				"rotation": [0, -45, 0],
				"cubes": [
					{"origin": [-1.5, 2, 4.32828], "size": [3, 12, 3], "uv": [43, 16]}
				]
			},
			{
				"name": "bone8",
				"parent": "bone",
				"pivot": [0, 1, 0],
				"rotation": [0, -80, 0]
			},
			{
				"name": "bone9",
				"parent": "bone8",
				"pivot": [0, 1, 5.82828],
				"rotation": [20, 0, 0]
			},
			{
				"name": "bone10",
				"parent": "bone9",
				"pivot": [0, 1, 5.82828],
				"rotation": [0, -45, 0],
				"cubes": [
					{"origin": [-1.5, 2, 4.32828], "size": [3, 12, 3], "uv": [43, 16]}
				]
			},
			{
				"name": "bone11",
				"parent": "bone",
				"pivot": [0, 1, 0],
				"rotation": [0, -120, 0]
			},
			{
				"name": "bone12",
				"parent": "bone11",
				"pivot": [0, 1, 5.82828],
				"rotation": [20, 0, 0]
			},
			{
				"name": "bone13",
				"parent": "bone12",
				"pivot": [0, 1, 5.82828],
				"rotation": [0, -45, 0],
				"cubes": [
					{"origin": [-1.5, 2, 4.32828], "size": [3, 12, 3], "uv": [43, 16]}
				]
			},
			{
				"name": "bone14",
				"parent": "bone",
				"pivot": [0, 1, 1],
				"rotation": [0, -160, 0]
			},
			{
				"name": "bone15",
				"parent": "bone14",
				"pivot": [0, 1, 6.82828],
				"rotation": [20, 0, 0]
			},
			{
				"name": "bone16",
				"parent": "bone15",
				"pivot": [0, 1, 6.82828],
				"rotation": [0, -45, 0],
				"cubes": [
					{"origin": [-1.5, 2, 5.32828], "size": [3, 12, 3], "uv": [43, 16]}
				]
			},
			{
				"name": "bone17",
				"parent": "bone",
				"pivot": [0, 1, 1],
				"rotation": [0, -200, 0]
			},
			{
				"name": "bone18",
				"parent": "bone17",
				"pivot": [0, 1, 6.82828],
				"rotation": [20, 0, 0]
			},
			{
				"name": "bone19",
				"parent": "bone18",
				"pivot": [0, 1, 6.82828],
				"rotation": [0, -45, 0],
				"cubes": [
					{"origin": [-1.5, 2, 5.32828], "size": [3, 12, 3], "uv": [43, 16]}
				]
			},
			{
				"name": "bone20",
				"parent": "bone",
				"pivot": [0, 1, 0],
				"rotation": [0, -240, 0]
			},
			{
				"name": "bone21",
				"parent": "bone20",
				"pivot": [0, 1, 5.82828],
				"rotation": [20, 0, 0]
			},
			{
				"name": "bone22",
				"parent": "bone21",
				"pivot": [0, 1, 5.82828],
				"rotation": [0, -45, 0],
				"cubes": [
					{"origin": [-1.5, 2, 4.32828], "size": [3, 12, 3], "uv": [43, 16]}
				]
			},
			{
				"name": "bone23",
				"parent": "bone",
				"pivot": [0, 1, 0],
				"rotation": [0, -280, 0]
			},
			{
				"name": "bone24",
				"parent": "bone23",
				"pivot": [0, 1, 5.82828],
				"rotation": [20, 0, 0]
			},
			{
				"name": "bone25",
				"parent": "bone24",
				"pivot": [0, 1, 5.82828],
				"rotation": [0, -45, 0],
				"cubes": [
					{"origin": [-1.5, 2, 4.32828], "size": [3, 12, 3], "uv": [43, 16]}
				]
			},
			{
				"name": "bone26",
				"parent": "bone",
				"pivot": [0, 1, 0],
				"rotation": [0, -320, 0]
			},
			{
				"name": "bone27",
				"parent": "bone26",
				"pivot": [0, 1, 5.82828],
				"rotation": [20, 0, 0]
			},
			{
				"name": "bone28",
				"parent": "bone27",
				"pivot": [0, 1, 5.82828],
				"rotation": [0, -45, 0],
				"cubes": [
					{"origin": [-1.5, 2, 4.32828], "size": [3, 12, 3], "uv": [43, 16]}
				]
			},
			{
				"name": "bone31",
				"parent": "body",
				"pivot": [0, 12, 7],
				"rotation": [-35, 0, 0]
			},
			{
				"name": "bone32",
				"parent": "bone31",
				"pivot": [0, 10.15918, -2.97841],
				"rotation": [0, 0, -57.5],
				"cubes": [
					{"origin": [-1, 10.15918, -3.97841], "size": [2, 1, 0], "uv": [4, 6]}
				]
			},
			{
				"name": "bone33",
				"parent": "bone31",
				"pivot": [0, 9.15918, -2.97841],
				"rotation": [0, -10, 80],
				"cubes": [
					{"origin": [-1.8, 9.15918, -3.57841], "size": [3, 1, 0], "uv": [2, 7], "mirror": true}
				]
			},
			{
				"name": "bone34",
				"parent": "bone31",
				"pivot": [0, 10.15918, -2.97841],
				"rotation": [0, 0, 57.5],
				"cubes": [
					{"origin": [-1, 10.15918, -3.98841], "size": [2, 1, 0], "uv": [4, 6], "mirror": true}
				]
			},
			{
				"name": "bone35",
				"parent": "bone31",
				"pivot": [0, 9.15918, -2.97841],
				"rotation": [0, 10, -80],
				"cubes": [
					{"origin": [-1.2, 9.15918, -3.47841], "size": [3, 1, 0], "uv": [2, 7]}
				]
			},
			{
				"name": "legLeft",
				"pivot": [2, 9, 0],
				"cubes": [
					{"origin": [0.499, 0, -1.5], "size": [3, 9, 3], "uv": [0, 16]}
				]
			},
			{
				"name": "legRight",
				"pivot": [-2, 9, 0],
				"cubes": [
					{"origin": [-3.499, 0, -1.5], "size": [3, 9, 3], "uv": [0, 16]}
				]
			}
		]
	}
}