{
	"format_version": "1.10.0",
	"geometry.model": {
		"texturewidth": 64,
		"textureheight": 64,
		"visible_bounds_width": 4,
		"visible_bounds_height": 4,
		"visible_bounds_offset": [0, 1, 0],
		"bones": [
			{
				"name": "head",
				"pivot": [0, 18, 0],
				"cubes": [
					{"origin": [-4, 18, -4], "size": [8, 8, 8], "uv": [0, 0]},
					{"origin": [-4, 18, -4], "size": [8, 8, 8], "uv": [32, 0], "inflate": 0.3},
					{"origin": [-5, 18.5, -5], "size": [10, 3, 10], "uv": [0, 51], "inflate": -0.2}
				]
			},
			{
				"name": "blink",
				"parent": "head",
				"pivot": [0, 18, 0],
				"cubes": [
					{"origin": [-4, 18, -4.001], "size": [8, 8, 0], "uv": [24, 0]}
				]
			},
			{
				"name": "armRight",
				"pivot": [-2, 17.5, 0],
				"rotation": [0, 0, 25],
				"cubes": [
					{"origin": [-4, 8.5, -1], "size": [2, 8, 2], "uv": [18, 30]},
					{"origin": [-4, 9.2, -1], "size": [2, 1, 2], "uv": [0, 0], "inflate": 0.4}
				]
			},
			{
				"name": "armRightPositioningBone",
				"parent": "armRight",
				"pivot": [-3, 8.5, 0]
			},
			{
				"name": "armLeft",
				"pivot": [2, 17.5, 0],
				"rotation": [0, 0, -25],
				"cubes": [
					{"origin": [2, 8.5, -1], "size": [2, 8, 2], "uv": [18, 30], "mirror": true},
					{"origin": [2, 9.2, -1], "size": [2, 1, 2], "uv": [0, 0], "inflate": 0.4, "mirror": true}
				]
			},
			{
				"name": "armLeftPositioningBone",
				"parent": "armLeft",
				"pivot": [3, 8.5, 0]
			},
			{
				"name": "body",
				"pivot": [0, 10.5, 0],
				"cubes": [
					{"origin": [-3, 8.999, -2.5], "size": [6, 9, 5], "uv": [12, 16]},
					{"origin": [-3, 9.2, -2.5], "size": [6, 9, 5], "uv": [0, 36], "inflate": 0.5}
				]
			},
			{
				"name": "bone12",
				"parent": "body",
				"pivot": [0, 14.5, -2],
				"rotation": [62.5, 0, 0],
				"cubes": [
					{"origin": [-3, 13.2, -2.7], "size": [6, 3, 3], "uv": [0, 30], "inflate": -0.1},
					{"origin": [-2.5, 13.2, -2.7], "size": [5, 3, 3], "uv": [34, 16], "inflate": 0.1}
				]
			},
			{
				"name": "bone6",
				"parent": "body",
				"pivot": [3, 13.5, -2],
				"rotation": [-28.34408, -10.05471, -34.84822],
				"cubes": [
					{"origin": [2.2, 15.5, -4.9], "size": [2.8, 2, 0], "uv": [9, 16]}
				]
			},
			{
				"name": "bone2",
				"parent": "body",
				"pivot": [-3, 13.5, -2],
				"rotation": [-28.34408, 10.05471, 34.84822],
				"cubes": [
					{"origin": [-5, 15.5, -4.9], "size": [2.8, 2, 0], "uv": [9, 16], "mirror": true}
				]
			},
			{
				"name": "legLeft",
				"pivot": [2, 9, 0],
				"cubes": [
					{"origin": [0.499, 0, -1.5], "size": [3, 9, 3], "uv": [0, 16]}
				]
			},
			{
				"name": "legRight",
				"pivot": [-2, 9, 0],
				"cubes": [
					{"origin": [-3.499, 0, -1.5], "size": [3, 9, 3], "uv": [0, 16]}
				]
			}
		]
	}
}