{
	"format_version": "1.10.0",
	"geometry.model": {
		"texturewidth": 64,
		"textureheight": 96,
		"visible_bounds_width": 4,
		"visible_bounds_height": 4,
		"visible_bounds_offset": [0, 1, 0],
		"bones": [
			{
				"name": "head",
				"pivot": [0, 18, 0],
				"cubes": [
					{"origin": [-4, 18, -4], "size": [8, 8, 8], "uv": [0, 0]},
					{"origin": [-4, 18, -4], "size": [8, 8, 8], "uv": [32, 0], "inflate": 0.3}
				]
			},
			{
				"name": "blink",
				"parent": "head",
				"pivot": [0, 18, 0],
				"cubes": [
					{"origin": [-4, 18, -4.01], "size": [8, 5, 0], "uv": [24, 0]}
				]
			},
			{
				"name": "bone",
				"parent": "head",
				"pivot": [0, 20, 3],
				"rotation": [15, 0, 0],
				"cubes": [
					{"origin": [-2.5, 26.7, -3], "size": [1, 2, 1], "uv": [4, 5]}
				]
			},
			{
				"name": "bone2",
				"parent": "head",
				"pivot": [0, 20, 3],
				"rotation": [15, 0, 0],
				"cubes": [
					{"origin": [1.5, 26.7, -3], "size": [1, 2, 1], "uv": [4, 5], "mirror": true}
				]
			},
			{
				"name": "bone3",
				"parent": "head",
				"pivot": [0, 17, 2],
				"rotation": [-20, 0, 0],
				"cubes": [
					{"origin": [-4, 14, -4.5], "size": [1, 3, 1], "uv": [27, 10], "inflate": 0.01}
				]
			},
			{
				"name": "bone4",
				"parent": "head",
				"pivot": [0, 17, 2],
				"rotation": [-20, 0, 0],
				"cubes": [
					{"origin": [3, 14, -4.5], "size": [1, 3, 1], "uv": [22, 10], "inflate": 0.01, "mirror": true}
				]
			},
			{
				"name": "bone37",
				"parent": "head",
				"pivot": [0, 22, 3],
				"rotation": [5, 0, 0]
			},
			{
				"name": "bone38",
				"parent": "bone37",
				"pivot": [0, 6.94035, -0.8262],
				"rotation": [10, 0, 0]
			},
			{
				"name": "bone39",
				"parent": "bone38",
				"pivot": [0, 6.94035, -0.8262],
				"rotation": [-7.5, 0, 0],
				"cubes": [
					{"origin": [-3.5, 2.1693, 8.16324], "size": [7, 8, 1], "uv": [12, 44]}
				]
			},
			{
				"name": "bone40",
				"parent": "bone38",
				"pivot": [0, 13.94035, 0.1738],
				"rotation": [12.5, 0, 0],
				"cubes": [
					{"origin": [-3.5, 6.94035, 7.1738], "size": [7, 13, 1], "uv": [34, 32]}
				]
			},
			{
				"name": "bone41",
				"parent": "bone37",
				"pivot": [-5, 12.94035, 0.1738],
				"rotation": [18.10189, -1.69862, 11.45935],
				"cubes": [
					{"origin": [-6, 11.94035, 5.4738], "size": [5, 9, 1], "uv": [0, 28], "mirror": true}
				]
			},
			{
				"name": "bone42",
				"parent": "bone37",
				"pivot": [5, 12.94035, 0.1738],
				"rotation": [18.10189, 1.69862, -11.45935],
				"cubes": [
					{"origin": [1, 11.94035, 5.4738], "size": [5, 9, 1], "uv": [0, 28]}
				]
			},
			{
				"name": "bone71",
				"parent": "bone37",
				"pivot": [0, 16.94035, 1.1738],
				"rotation": [0, 0, -15]
			},
			{
				"name": "bone43",
				"parent": "bone71",
				"pivot": [0, 9.94035, 2.1738],
				"rotation": [5.10455, -14.24, 37.78381],
				"cubes": [
					{"origin": [-7.36104, 5.02741, 7.48106], "size": [5, 6, 1], "uv": [0, 44], "mirror": true}
				]
			},
			{
				"name": "bone44",
				"parent": "bone71",
				"pivot": [-4, -1.05965, 3.1738],
				"rotation": [-7.83569, -15.26644, 31.20639],
				"cubes": [
					{"origin": [-14.12346, 2.94753, 7.59719], "size": [5, 5, 1], "uv": [0, 38], "mirror": true}
				]
			},
			{
				"name": "bone72",
				"parent": "bone37",
				"pivot": [0, 16.94035, 1.1738],
				"rotation": [0, 0, 15]
			},
			{
				"name": "bone45",
				"parent": "bone72",
				"pivot": [0, 9.94035, 2.1738],
				"rotation": [5.10455, 14.24, -37.78381],
				"cubes": [
					{"origin": [2.36104, 5.02741, 7.48106], "size": [5, 6, 1], "uv": [0, 44]}
				]
			},
			{
				"name": "bone46",
				"parent": "bone72",
				"pivot": [4, -1.05965, 3.1738],
				"rotation": [-7.83569, 15.26644, -31.20639],
				"cubes": [
					{"origin": [9.12346, 2.94753, 7.59719], "size": [5, 5, 1], "uv": [0, 38]}
				]
			},
			{
				"name": "armRight",
				"pivot": [-2, 17.5, 0],
				"rotation": [0, 0, 25],
				"cubes": [
					{"origin": [-4, 8.5, -1], "size": [2, 8, 2], "uv": [34, 16]},
					{"origin": [-4, 10.3, -1], "size": [2, 5, 2], "uv": [56, 0], "inflate": 0.01},
					{"origin": [-4.21, 15.5, -0.6], "size": [2, 1, 8], "uv": [42, 38], "inflate": -0.2}
				]
			},
			{
				"name": "armRightPositioningBone",
				"parent": "armRight",
				"pivot": [-3, 8.5, 0]
			},
			{
				"name": "armLeft",
				"pivot": [2, 17.5, 0],
				"rotation": [0, 0, -25],
				"cubes": [
					{"origin": [2, 8.5, -1], "size": [2, 8, 2], "uv": [42, 16], "mirror": true},
					{"origin": [2.21, 15.5, -0.6], "size": [2, 1, 8], "uv": [42, 38], "inflate": -0.2, "mirror": true}
				]
			},
			{
				"name": "armLeftPositioningBone",
				"parent": "armLeft",
				"pivot": [3, 8.5, 0]
			},
			{
				"name": "chestPlate",
				"parent": "armLeft",
				"pivot": [2, 17.5, 0],
				"cubes": [
					{"origin": [1.5, 9, -1.5], "size": [3, 2, 3], "uv": [51, 28]}
				]
			},
			{
				"name": "bone48",
				"parent": "chestPlate",
				"pivot": [7, 13, 7],
				"rotation": [-78.50206, 16.12488, 17.69793],
				"cubes": [
					{"origin": [6, 5, 9], "size": [2, 2, 9], "uv": [19, 44], "inflate": -0.3}
				]
			},
			{
				"name": "body",
				"pivot": [0, 10.5, 0],
				"cubes": [
					{"origin": [-3, 8.999, -2.5], "size": [6, 9, 5], "uv": [12, 16]},
					{"origin": [-3, 8.999, -2.5], "size": [6, 9, 5], "uv": [12, 30], "inflate": 0.3},
					{"origin": [-3, 12.7, -2.5], "size": [6, 1, 5], "uv": [29, 26], "inflate": 0.31},
					{"origin": [-0.5, 13.5, -2.51], "size": [1, 4, 0], "uv": [15, 16]}
				]
			},
			{
				"name": "sittingRotationSkirt",
				"parent": "body",
				"pivot": [0, 10.5, 0]
			},
			{
				"name": "bone5",
				"parent": "sittingRotationSkirt",
				"pivot": [0, 18.5, 0]
			},
			{
				"name": "bone6",
				"parent": "bone5",
				"pivot": [0, 8, 0]
			},
			{
				"name": "bone7",
				"parent": "bone6",
				"pivot": [0, 8, 4.3525],
				"rotation": [30, 0, 0]
			},
			{
				"name": "bone8",
				"parent": "bone7",
				"pivot": [0, 8, 4.3525],
				"rotation": [0, -45, 0],
				"cubes": [
					{"origin": [-1, 8.6, 3.3525], "size": [2, 4, 2], "uv": [50, 16]}
				]
			},
			{
				"name": "bone9",
				"parent": "bone5",
				"pivot": [0, 8, 0],
				"rotation": [0, -36, 0]
			},
			{
				"name": "bone10",
				"parent": "bone9",
				"pivot": [0, 8, 4.3525],
				"rotation": [30, 0, 0]
			},
			{
				"name": "bone11",
				"parent": "bone10",
				"pivot": [0, 8, 4.3525],
				"rotation": [0, -45, 0],
				"cubes": [
					{"origin": [-1, 8.6, 3.3525], "size": [2, 4, 2], "uv": [50, 16]}
				]
			},
			{
				"name": "bone12",
				"parent": "bone5",
				"pivot": [0, 8, 0],
				"rotation": [0, -72, 0]
			},
			{
				"name": "bone13",
				"parent": "bone12",
				"pivot": [0, 8, 4.3525],
				"rotation": [30, 0, 0]
			},
			{
				"name": "bone14",
				"parent": "bone13",
				"pivot": [0, 8, 4.3525],
				"rotation": [0, -45, 0],
				"cubes": [
					{"origin": [-1, 8.6, 3.3525], "size": [2, 4, 2], "uv": [50, 16]}
				]
			},
			{
				"name": "bone15",
				"parent": "bone5",
				"pivot": [0, 8, 0],
				"rotation": [0, -108, 0]
			},
			{
				"name": "bone16",
				"parent": "bone15",
				"pivot": [0, 8, 4.3525],
				"rotation": [30, 0, 0]
			},
			{
				"name": "bone17",
				"parent": "bone16",
				"pivot": [0, 8, 4.3525],
				"rotation": [0, -45, 0],
				"cubes": [
					{"origin": [-1, 8.6, 3.3525], "size": [2, 4, 2], "uv": [50, 16]}
				]
			},
			{
				"name": "bone18",
				"parent": "bone5",
				"pivot": [0, 8, 0],
				"rotation": [0, -144, 0]
			},
			{
				"name": "bone19",
				"parent": "bone18",
				"pivot": [0, 8, 4.3525],
				"rotation": [30, 0, 0]
			},
			{
				"name": "bone20",
				"parent": "bone19",
				"pivot": [0, 8, 4.3525],
				"rotation": [0, -45, 0],
				"cubes": [
					{"origin": [-1, 8.6, 3.3525], "size": [2, 4, 2], "uv": [50, 16]}
				]
			},
			{
				"name": "bone21",
				"parent": "bone5",
				"pivot": [0, 8, 0],
				"rotation": [0, -180, 0]
			},
			{
				"name": "bone22",
				"parent": "bone21",
				"pivot": [0, 8, 4.3525],
				"rotation": [30, 0, 0]
			},
			{
				"name": "bone23",
				"parent": "bone22",
				"pivot": [0, 8, 4.3525],
				"rotation": [0, -45, 0],
				"cubes": [
					{"origin": [-1, 8.6, 3.3525], "size": [2, 4, 2], "uv": [50, 16]}
				]
			},
			{
				"name": "bone24",
				"parent": "bone5",
				"pivot": [0, 8, 0],
				"rotation": [0, -216, 0]
			},
			{
				"name": "bone25",
				"parent": "bone24",
				"pivot": [0, 8, 4.3525],
				"rotation": [30, 0, 0]
			},
			{
				"name": "bone26",
				"parent": "bone25",
				"pivot": [0, 8, 4.3525],
				"rotation": [0, -45, 0],
				"cubes": [
					{"origin": [-1, 8.6, 3.3525], "size": [2, 4, 2], "uv": [50, 16]}
				]
			},
			{
				"name": "bone27",
				"parent": "bone5",
				"pivot": [0, 8, 0],
				"rotation": [0, -252, 0]
			},
			{
				"name": "bone28",
				"parent": "bone27",
				"pivot": [0, 8, 4.3525],
				"rotation": [30, 0, 0]
			},
			{
				"name": "bone29",
				"parent": "bone28",
				"pivot": [0, 8, 4.3525],
				"rotation": [0, -45, 0],
				"cubes": [
					{"origin": [-1, 8.6, 3.3525], "size": [2, 4, 2], "uv": [50, 16]}
				]
			},
			{
				"name": "bone30",
				"parent": "bone5",
				"pivot": [0, 8, 0],
				"rotation": [0, -288, 0]
			},
			{
				"name": "bone31",
				"parent": "bone30",
				"pivot": [0, 8, 4.3525],
				"rotation": [30, 0, 0]
			},
			{
				"name": "bone32",
				"parent": "bone31",
				"pivot": [0, 8, 4.3525],
				"rotation": [0, -45, 0],
				"cubes": [
					{"origin": [-1, 8.6, 3.3525], "size": [2, 4, 2], "uv": [50, 16]}
				]
			},
			{
				"name": "bone33",
				"parent": "bone5",
				"pivot": [0, 8, 0],
				"rotation": [0, -324, 0]
			},
			{
				"name": "bone34",
				"parent": "bone33",
				"pivot": [0, 8, 4.3525],
				"rotation": [30, 0, 0]
			},
			{
				"name": "bone35",
				"parent": "bone34",
				"pivot": [0, 8, 4.3525],
				"rotation": [0, -45, 0],
				"cubes": [
					{"origin": [-1, 8.6, 3.3525], "size": [2, 4, 2], "uv": [50, 16]}
				]
			},
			{
				"name": "bone36",
				"parent": "body",
				"pivot": [2, 7.5, -2],
				"rotation": [-38.43332, -23.04626, -5.31634],
				"cubes": [
					{"origin": [-0.2, 8, -5.8], "size": [4, 4, 0], "uv": [54, 38]}
				]
			},
			{
				"name": "legLeft",
				"pivot": [2, 9, 0],
				"cubes": [
					{"origin": [0.499, 0, -1.5], "size": [3, 9, 3], "uv": [0, 16], "mirror": true}
				]
			},
			{
				"name": "bootsLeft",
				"parent": "legLeft",
				"pivot": [2, 9, 0],
				"cubes": [
					{"origin": [0, 2, -2], "size": [4, 2, 4], "uv": [46, 22], "inflate": 0.1}
				]
			},
			{
				"name": "bone47",
				"parent": "bootsLeft",
				"pivot": [3, 9, 1],
				"rotation": [-15.41705, 23.49488, 2.83209],
				"cubes": [
					{"origin": [2, 1, 3], "size": [2, 2, 9], "uv": [19, 44], "inflate": -0.3}
				]
			},
			{
				"name": "legRight",
				"pivot": [-2, 9, 0],
				"cubes": [
					{"origin": [-3.499, 0, -1.5], "size": [3, 9, 3], "uv": [0, 16]}
				]
			},
			{
				"name": "wingLeft",
				"pivot": [1.5, 15, 2.25],
				"rotation": [0, 60, 0],
				"cubes": [
					{"origin": [1.5, 3, 2.5], "size": [0, 19, 13], "uv": [0, 42]}
				]
			},
			{
				"name": "bone52",
				"parent": "wingLeft",
				"pivot": [1.5, 14, 2.25],
				"rotation": [30, 0, 0],
				"cubes": [
					{"origin": [1, 12.4, 1.25], "size": [1, 1, 4], "uv": [49, 47]}
				]
			},
			{
				"name": "bone53",
				"parent": "bone52",
				"pivot": [1.5, 14, 5.25],
				"rotation": [32.5, 0, 0],
				"cubes": [
					{"origin": [1, 12.3, 4.25], "size": [1, 1, 4], "uv": [49, 47], "inflate": 0.01}
				]
			},
			{
				"name": "bone54",
				"parent": "bone53",
				"pivot": [1.5, 13, 6.25],
				"rotation": [55, 0, 0],
				"cubes": [
					{"origin": [1, 10.9, 2.8], "size": [1, 1, 4], "uv": [49, 47]}
				]
			},
			{
				"name": "bone55",
				"parent": "bone54",
				"pivot": [1.5, 11, 5.25],
				"rotation": [-15, 0, 0],
				"cubes": [
					{"origin": [1, 10.3, -1], "size": [1, 1, 4], "uv": [49, 47], "inflate": -0.01}
				]
			},
			{
				"name": "wingRight",
				"pivot": [-1.5, 15, 2.25],
				"rotation": [0, -60, 0],
				"cubes": [
					{"origin": [-1.5, 3, 2.5], "size": [0, 19, 13], "uv": [0, 42], "mirror": true}
				]
			},
			{
				"name": "bone56",
				"parent": "wingRight",
				"pivot": [-1.5, 14, 2.25],
				"rotation": [30, 0, 0]
			},
			{
				"name": "bone57",
				"parent": "bone56",
				"pivot": [-1.5, 14, 5.25],
				"rotation": [32.5, 0, 0],
				"cubes": [
					{"origin": [-2, 12.3, 4.25], "size": [1, 1, 4], "uv": [49, 47], "inflate": 0.01, "mirror": true}
				]
			},
			{
				"name": "bone58",
				"parent": "wingRight",
				"pivot": [-1.5, 14, 2.25],
				"rotation": [30, 0, 0]
			},
			{
				"name": "bone59",
				"parent": "bone58",
				"pivot": [-1.5, 14, 5.25],
				"rotation": [32.5, 0, 0]
			},
			{
				"name": "bone60",
				"parent": "bone59",
				"pivot": [-1.5, 13, 6.25],
				"rotation": [55, 0, 0],
				"cubes": [
					{"origin": [-2, 10.9, 2.8], "size": [1, 1, 4], "uv": [49, 47], "mirror": true}
				]
			},
			{
				"name": "bone61",
				"parent": "wingRight",
				"pivot": [-1.5, 14, 2.25],
				"rotation": [30, 0, 0]
			},
			{
				"name": "bone62",
				"parent": "bone61",
				"pivot": [-1.5, 14, 5.25],
				"rotation": [32.5, 0, 0]
			},
			{
				"name": "bone63",
				"parent": "bone62",
				"pivot": [-1.5, 13, 6.25],
				"rotation": [55, 0, 0]
			},
			{
				"name": "bone64",
				"parent": "bone63",
				"pivot": [-1.5, 11, 5.25],
				"rotation": [-15, 0, 0],
				"cubes": [
					{"origin": [-2, 10.3, -1], "size": [1, 1, 4], "uv": [49, 47], "inflate": -0.01, "mirror": true}
				]
			},
			{
				"name": "bone65",
				"parent": "wingRight",
				"pivot": [-1.5, 14, 2.25],
				"rotation": [30, 0, 0],
				"cubes": [
					{"origin": [-2, 12.4, 1.25], "size": [1, 1, 4], "uv": [49, 47], "mirror": true}
				]
			},
			{
				"name": "tail",
				"pivot": [0, 8, 4],
				"rotation": [-67.5, 0, 0],
				"cubes": [
					{"origin": [-0.5, 7, 1], "size": [1, 1, 6], "uv": [41, 47]}
				]
			},
			{
				"name": "bone49",
				"parent": "tail",
				"pivot": [0, 8, 4],
				"rotation": [25, 0, 0],
				"cubes": [
					{"origin": [-0.5, 5.82584, 6.29631], "size": [1, 1, 5], "uv": [32, 47]}
				]
			},
			{
				"name": "bone50",
				"parent": "bone49",
				"pivot": [0, 8, 9],
				"rotation": [30, 0, 0],
				"cubes": [
					{"origin": [-0.5, 4.96897, 9.90158], "size": [1, 1, 4], "uv": [50, 33]},
					{"origin": [-1, 4.5, 12], "size": [2, 2, 1], "uv": [58, 16]},
					{"origin": [-1, 4.5, 10.5], "size": [2, 2, 1], "uv": [58, 16], "inflate": -0.1}
				]
			},
			{
				"name": "bone51",
				"parent": "bone50",
				"pivot": [4, 7, 9],
				"rotation": [24.7127, -43.65747, -17.40744],
				"cubes": [
					{"origin": [3.5, 3.7, 14], "size": [2, 1, 2], "uv": [6, 51]}
				]
			}
		]
	}
}