{
	"format_version": "1.10.0",
	"geometry.model": {
		"texturewidth": 64,
		"textureheight": 64,
		"visible_bounds_width": 5,
		"visible_bounds_height": 4,
		"visible_bounds_offset": [0, 1, 0],
		"bones": [
			{
				"name": "head",
				"pivot": [0, 18, 0],
				"cubes": [
					{"origin": [-4, 18, -4], "size": [8, 8, 8], "uv": [0, 0]},
					{"origin": [-4, 18, -4], "size": [8, 8, 8], "uv": [32, 0], "inflate": 0.3}
				]
			},
			{
				"name": "blink",
				"parent": "head",
				"pivot": [0, 18, 0],
				"cubes": [
					{"origin": [-4, 18, -4.001], "size": [8, 8, 0], "uv": [24, 0]}
				]
			},
			{
				"name": "bone48",
				"parent": "head",
				"pivot": [0, 18, -4],
				"rotation": [-5, 0, 0],
				"cubes": [
					{"origin": [-4, 14, -4.2], "size": [1, 5, 1], "uv": [21, 9], "inflate": 0.01},
					{"origin": [3, 14, -4.2], "size": [1, 5, 1], "uv": [27, 9], "inflate": 0.01, "mirror": true}
				]
			},
			{
				"name": "_helmet",
				"parent": "head",
				"pivot": [0, 18, 0]
			},
			{
				"name": "bone51",
				"parent": "_helmet",
				"pivot": [6, 6, 9],
				"rotation": [-0.95689, -3.55964, -29.91591],
				"cubes": [
					{"origin": [2.88335, 4.8054, 6.8], "size": [6, 5, 1], "uv": [34, 39]}
				]
			},
			{
				"name": "bone49",
				"parent": "_helmet",
				"pivot": [7, 9, 8],
				"rotation": [17.32417, 1.61888, -12.39638],
				"cubes": [
					{"origin": [1.3, 9, 7], "size": [6, 14, 1], "uv": [34, 24]}
				]
			},
			{
				"name": "bone50",
				"parent": "_helmet",
				"pivot": [-7, 9, 8],
				"rotation": [17.32417, -1.61888, 12.39638],
				"cubes": [
					{"origin": [-7.3, 9, 7], "size": [6, 14, 1], "uv": [34, 24], "mirror": true}
				]
			},
			{
				"name": "bone35",
				"parent": "_helmet",
				"pivot": [-6, 6, 9],
				"rotation": [-0.95689, 3.55964, 29.91591],
				"cubes": [
					{"origin": [-8.88335, 4.80541, 6.8], "size": [6, 5, 1], "uv": [34, 39], "mirror": true}
				]
			},
			{
				"name": "helmet",
				"parent": "head",
				"pivot": [0, 18, 0]
			},
			{
				"name": "bone44",
				"parent": "helmet",
				"pivot": [0, 16, 1],
				"rotation": [22.5, 0, 0],
				"cubes": [
					{"origin": [-1.5, 9, 5.5], "size": [3, 15, 3], "uv": [48, 31]}
				]
			},
			{
				"name": "bone45",
				"parent": "bone44",
				"pivot": [0, 10, 7],
				"rotation": [10, 0, 0],
				"cubes": [
					{"origin": [-1.5, 0, 5.5], "size": [3, 10, 3], "uv": [18, 44], "inflate": 0.2}
				]
			},
			{
				"name": "armRight",
				"pivot": [-2, 17.5, 0],
				"rotation": [0, 0, 25],
				"cubes": [
					{"origin": [-4, 8.5, -1], "size": [2, 8, 2], "uv": [0, 28]}
				]
			},
			{
				"name": "armRightPositioningBone",
				"parent": "armRight",
				"pivot": [-3, 8.5, 0]
			},
			{
				"name": "armLeft",
				"pivot": [2, 17.5, 0],
				"rotation": [0, 0, -25],
				"cubes": [
					{"origin": [2, 8.5, -1], "size": [2, 8, 2], "uv": [0, 28], "mirror": true}
				]
			},
			{
				"name": "armLeftPositioningBone",
				"parent": "armLeft",
				"pivot": [3, 8.5, 0]
			},
			{
				"name": "body",
				"pivot": [0, 10.5, 0],
				"cubes": [
					{"origin": [-3, 8.999, -2.5], "size": [6, 9, 5], "uv": [12, 16]},
					{"origin": [-3, 9.3, -2.5], "size": [6, 9, 5], "uv": [12, 30], "inflate": 0.3}
				]
			},
			{
				"name": "sittingRotationSkirt",
				"parent": "body",
				"pivot": [0, 10.5, 0]
			},
			{
				"name": "bone",
				"parent": "sittingRotationSkirt",
				"pivot": [0, 18.5, 0]
			},
			{
				"name": "bone2",
				"parent": "bone",
				"pivot": [0, 8, -1]
			},
			{
				"name": "bone3",
				"parent": "bone2",
				"pivot": [0, 8, 3.3525],
				"rotation": [26, 0, 0]
			},
			{
				"name": "bone4",
				"parent": "bone3",
				"pivot": [0, 8, 3.3525],
				"rotation": [0, -45, 0],
				"cubes": [
					{"origin": [-0.8, 8, 2.5], "size": [2, 5, 2], "uv": [0, 0]}
				]
			},
			{
				"name": "bone5",
				"parent": "bone",
				"pivot": [0, 8, 0],
				"rotation": [0, -36, 0]
			},
			{
				"name": "bone6",
				"parent": "bone5",
				"pivot": [0, 8, 4.3525],
				"rotation": [26, 0, 0]
			},
			{
				"name": "bone7",
				"parent": "bone6",
				"pivot": [0, 8, 4.3525],
				"rotation": [0, -45, 0],
				"cubes": [
					{"origin": [-1, 8, 3.3525], "size": [2, 5, 2], "uv": [0, 0]}
				]
			},
			{
				"name": "bone8",
				"parent": "bone",
				"pivot": [0, 8, 0],
				"rotation": [0, -72, 0]
			},
			{
				"name": "bone9",
				"parent": "bone8",
				"pivot": [0, 8, 4.3525],
				"rotation": [26, 0, 0]
			},
			{
				"name": "bone10",
				"parent": "bone9",
				"pivot": [0, 8, 4.3525],
				"rotation": [0, -45, 0],
				"cubes": [
					{"origin": [-1, 8, 3.3525], "size": [2, 5, 2], "uv": [0, 0]}
				]
			},
			{
				"name": "bone11",
				"parent": "bone",
				"pivot": [0, 8, 0],
				"rotation": [0, -108, 0]
			},
			{
				"name": "bone12",
				"parent": "bone11",
				"pivot": [0, 8, 4.3525],
				"rotation": [26, 0, 0]
			},
			{
				"name": "bone13",
				"parent": "bone12",
				"pivot": [0, 8, 4.3525],
				"rotation": [0, -45, 0],
				"cubes": [
					{"origin": [-1, 8, 3.3525], "size": [2, 5, 2], "uv": [0, 0]}
				]
			},
			{
				"name": "bone14",
				"parent": "bone",
				"pivot": [0, 8, 0],
				"rotation": [0, -144, 0]
			},
			{
				"name": "bone15",
				"parent": "bone14",
				"pivot": [0, 8, 4.3525],
				"rotation": [26, 0, 0]
			},
			{
				"name": "bone16",
				"parent": "bone15",
				"pivot": [0, 8, 4.3525],
				"rotation": [0, -45, 0],
				"cubes": [
					{"origin": [-1, 8, 3.1], "size": [2, 5, 2], "uv": [0, 0]}
				]
			},
			{
				"name": "bone17",
				"parent": "bone",
				"pivot": [0, 8, 1],
				"rotation": [0, -180, 0]
			},
			{
				"name": "bone18",
				"parent": "bone17",
				"pivot": [0, 8, 5.3525],
				"rotation": [26, 0, 0]
			},
			{
				"name": "bone19",
				"parent": "bone18",
				"pivot": [0, 8, 5.3525],
				"rotation": [0, -45, 0],
				"cubes": [
					{"origin": [-0.8, 7.7, 4.7], "size": [2, 5, 2], "uv": [0, 0]}
				]
			},
			{
				"name": "bone20",
				"parent": "bone",
				"pivot": [0, 8, 0],
				"rotation": [0, -216, 0]
			},
			{
				"name": "bone21",
				"parent": "bone20",
				"pivot": [0, 8, 4.3525],
				"rotation": [26, 0, 0]
			},
			{
				"name": "bone22",
				"parent": "bone21",
				"pivot": [0, 8, 4.3525],
				"rotation": [0, -45, 0],
				"cubes": [
					{"origin": [-1.3, 8, 3.3525], "size": [2, 5, 2], "uv": [0, 0]}
				]
			},
			{
				"name": "bone23",
				"parent": "bone",
				"pivot": [0, 8, 0],
				"rotation": [0, -252, 0]
			},
			{
				"name": "bone24",
				"parent": "bone23",
				"pivot": [0, 8, 4.3525],
				"rotation": [26, 0, 0]
			},
			{
				"name": "bone25",
				"parent": "bone24",
				"pivot": [0, 8, 4.3525],
				"rotation": [0, -45, 0],
				"cubes": [
					{"origin": [-1, 8, 3.3525], "size": [2, 5, 2], "uv": [0, 0]}
				]
			},
			{
				"name": "bone26",
				"parent": "bone",
				"pivot": [0, 8, 0],
				"rotation": [0, -288, 0]
			},
			{
				"name": "bone27",
				"parent": "bone26",
				"pivot": [0, 8, 4.3525],
				"rotation": [26, 0, 0]
			},
			{
				"name": "bone28",
				"parent": "bone27",
				"pivot": [0, 8, 4.3525],
				"rotation": [0, -45, 0],
				"cubes": [
					{"origin": [-1, 8, 3.3525], "size": [2, 5, 2], "uv": [0, 0]}
				]
			},
			{
				"name": "bone29",
				"parent": "bone",
				"pivot": [0, 8, 0],
				"rotation": [0, -324, 0]
			},
			{
				"name": "bone30",
				"parent": "bone29",
				"pivot": [0, 8, 4.3525],
				"rotation": [26, 0, 0]
			},
			{
				"name": "bone31",
				"parent": "bone30",
				"pivot": [0, 8, 4.3525],
				"rotation": [0, -45, 0],
				"cubes": [
					{"origin": [-1, 8, 3.3525], "size": [2, 5, 2], "uv": [0, 0]}
				]
			},
			{
				"name": "bone41",
				"parent": "body",
				"pivot": [3, 11.5, 0],
				"rotation": [0.28115, -1.26797, -52.50311],
				"cubes": [
					{"origin": [4, 14.5, -2.59], "size": [2, 6, 0], "uv": [8, 30]}
				]
			},
			{
				"name": "bone33",
				"parent": "body",
				"pivot": [-3, 11.5, 0],
				"rotation": [0.28115, 1.26797, 52.50311],
				"cubes": [
					{"origin": [-6, 14.5, -2.65], "size": [2, 6, 0], "uv": [8, 30], "mirror": true}
				]
			},
			{
				"name": "legLeft",
				"pivot": [2, 9, 0],
				"cubes": [
					{"origin": [0.499, 0, -1.5], "size": [3, 9, 3], "uv": [0, 16]}
				]
			},
			{
				"name": "legRight",
				"pivot": [-2, 9, 0],
				"cubes": [
					{"origin": [-3.499, 0, -1.5], "size": [3, 9, 3], "uv": [0, 16], "mirror": true}
				]
			},
			{
				"name": "tail",
				"pivot": [0, 13, 3]
			},
			{
				"name": "bone32",
				"parent": "tail",
				"pivot": [0, 0, 2],
				"rotation": [22.5, 0, 0],
				"cubes": [
					{"origin": [-4, 4, 7.3], "size": [8, 8, 1], "uv": [0, 44], "inflate": 0.2}
				]
			},
			{
				"name": "bone37",
				"parent": "bone32",
				"pivot": [0, -9, 8],
				"rotation": [25, 0, 0],
				"cubes": [
					{"origin": [-3.5, -1, 13], "size": [7, 4, 1], "uv": [41, 16], "inflate": 0.2}
				]
			},
			{
				"name": "bone38",
				"parent": "bone37",
				"pivot": [0, -21, 19],
				"rotation": [15, 0, 0],
				"cubes": [
					{"origin": [-3, -4, 18.5], "size": [6, 4, 1], "uv": [48, 21], "inflate": 0.2}
				]
			},
			{
				"name": "bone39",
				"parent": "bone38",
				"pivot": [0, -11, 21],
				"rotation": [15, 0, 0],
				"cubes": [
					{"origin": [-2, -9, 20.5], "size": [4, 5, 1], "uv": [0, 38], "inflate": 0.2}
				]
			},
			{
				"name": "bone40",
				"parent": "bone39",
				"pivot": [0, -11, 21],
				"rotation": [10, 0, 0],
				"cubes": [
					{"origin": [-1, -12, 20.9], "size": [2, 3, 1], "uv": [56, 0], "inflate": 0.2}
				]
			},
			{
				"name": "bone42",
				"parent": "bone40",
				"pivot": [-1, -8, 21],
				"rotation": [92.71629, -45.02812, -85.52553],
				"cubes": [
					{"origin": [-9.8, -12, 19.7], "size": [7, 4, 1], "uv": [48, 26]}
				]
			},
			{
				"name": "bone43",
				"parent": "bone40",
				"pivot": [-1, -10, 22],
				"rotation": [-95.41602, -37.71428, 94.35057],
				"cubes": [
					{"origin": [0.8, -14, 20.8], "size": [7, 4, 1], "uv": [48, 26], "mirror": true}
				]
			},
			{
				"name": "bone34",
				"parent": "tail",
				"pivot": [-5, 4, 4],
				"rotation": [18.54835, 19.03771, 41.24605],
				"cubes": [
					{"origin": [-4.5, 13.3, 6.4], "size": [5, 3, 1], "uv": [29, 16], "inflate": 0.2}
				]
			},
			{
				"name": "bone36",
				"parent": "tail",
				"pivot": [5, 4, 4],
				"rotation": [18.54835, -19.03771, -41.24605],
				"cubes": [
					{"origin": [-0.5, 13.3, 6.4], "size": [5, 3, 1], "uv": [29, 16], "inflate": 0.2, "mirror": true}
				]
			}
		]
	}
}