{
	"format_version": "1.10.0",
	"geometry.model": {
		"texturewidth": 64,
		"textureheight": 64,
		"visible_bounds_width": 4,
		"visible_bounds_height": 4,
		"visible_bounds_offset": [0, 1, 0],
		"bones": [
			{
				"name": "head",
				"pivot": [0, 18, 0],
				"cubes": [
					{"origin": [-4, 18.1, -4], "size": [8, 8, 8], "uv": [0, 0], "inflate": 0.2},
					{"origin": [-4, 18.1, -4], "size": [8, 8, 8], "uv": [32, 0], "inflate": 0.5}
				]
			},
			{
				"name": "blink",
				"parent": "head",
				"pivot": [0, 18, 0],
				"cubes": [
					{"origin": [-4, 18, -4.201], "size": [8, 8, 0], "uv": [24, 0]}
				]
			},
			{
				"name": "bone48",
				"parent": "head",
				"pivot": [0, 18, -4],
				"rotation": [-5, 0, 0],
				"cubes": [
					{"origin": [-4, 16, -4.2], "size": [1, 3, 1], "uv": [18, 11], "inflate": 0.01},
					{"origin": [3, 14, -4.2], "size": [1, 8, 1], "uv": [8, 28], "inflate": 0.01, "mirror": true}
				]
			},
			{
				"name": "bone49",
				"parent": "head",
				"pivot": [1, 21, 8],
				"rotation": [17.32417, 1.61888, -12.39638],
				"cubes": [
					{"origin": [-3.29553, 9.78805, 3.47404], "size": [8, 13, 1], "uv": [34, 16]}
				]
			},
			{
				"name": "bone52",
				"parent": "head",
				"pivot": [-1, 21, 8],
				"rotation": [17.32417, -1.61888, 12.39638],
				"cubes": [
					{"origin": [-4.70447, 9.78805, 3.47404], "size": [8, 13, 1], "uv": [34, 16], "mirror": true}
				]
			},
			{
				"name": "bone70",
				"parent": "head",
				"pivot": [1, 21, 8],
				"rotation": [13.3999, -13.64253, 43.54925],
				"cubes": [
					{"origin": [2.44647, 8.10015, 3.05], "size": [10, 10, 1], "uv": [34, 30]}
				]
			},
			{
				"name": "tail",
				"parent": "head",
				"pivot": [0, 4, 9],
				"rotation": [17.5, 0, 0],
				"cubes": [
					{"origin": [-3, 3.14032, 6.09989], "size": [6, 1, 6], "uv": [28, 41]}
				]
			},
			{
				"name": "bone72",
				"parent": "tail",
				"pivot": [0, 9.14032, -6.90011],
				"rotation": [27.5, 0, 0],
				"cubes": [
					{"origin": [-1, -12.35968, 3.59989], "size": [2, 9, 2], "uv": [56, 30]}
				]
			},
			{
				"name": "helmet",
				"parent": "head",
				"pivot": [0, 18, 0],
				"cubes": [
					{"origin": [-5, 21.8, -5], "size": [10, 3, 5], "uv": [31, 55], "inflate": 0.1}
				]
			},
			{
				"name": "bone73",
				"parent": "helmet",
				"pivot": [0, 18, 1],
				"rotation": [5, 0, 0],
				"cubes": [
					{"origin": [-5, 24, -4], "size": [10, 4, 5], "uv": [6, 49]}
				]
			},
			{
				"name": "armRight",
				"pivot": [-2, 17.5, 0],
				"rotation": [0, 0, 25],
				"cubes": [
					{"origin": [-4, 8.5, -1], "size": [2, 8, 2], "uv": [0, 28], "inflate": 0.2}
				]
			},
			{
				"name": "bone55",
				"parent": "armRight",
				"pivot": [0, 15.5, 0],
				"rotation": [0, 0, 17.5],
				"cubes": [
					{"origin": [-4, 7.5, -1.5], "size": [3, 6, 3], "uv": [0, 38], "inflate": 0.3},
					{"origin": [-4.8, 12.5, -2], "size": [2, 1, 4], "uv": [52, 16], "inflate": -0.15}
				]
			},
			{
				"name": "armRightPositioningBone",
				"parent": "armRight",
				"pivot": [-3, 8.5, 0]
			},
			{
				"name": "bone2",
				"parent": "armRight",
				"pivot": [0, 16.5, 0],
				"rotation": [0, 0, -7.5],
				"cubes": [
					{"origin": [-4, 8.6, -1.5], "size": [2, 6, 3], "uv": [52, 21], "inflate": 0.299, "mirror": true}
				]
			},
			{
				"name": "bone68",
				"parent": "armRight",
				"pivot": [-2, 16.5, -1],
				"rotation": [0, 0, 25],
				"cubes": [
					{"origin": [-4.5, 14.5, -1.5], "size": [4, 2, 3], "uv": [9, 44], "inflate": -0.2}
				]
			},
			{
				"name": "armLeft",
				"pivot": [2, 17.5, 0],
				"rotation": [0, 0, -25],
				"cubes": [
					{"origin": [2, 8.5, -1], "size": [2, 8, 2], "uv": [0, 28], "inflate": 0.2, "mirror": true}
				]
			},
			{
				"name": "bone56",
				"parent": "armLeft",
				"pivot": [0, 15.5, 0],
				"rotation": [0, 0, -17.5],
				"cubes": [
					{"origin": [1, 7.5, -1.5], "size": [3, 6, 3], "uv": [0, 38], "inflate": 0.3, "mirror": true},
					{"origin": [2.8, 12.5, -2], "size": [2, 1, 4], "uv": [52, 16], "inflate": -0.15, "mirror": true}
				]
			},
			{
				"name": "armLeftPositioningBone",
				"parent": "armLeft",
				"pivot": [3, 8.5, 0]
			},
			{
				"name": "bone3",
				"parent": "armLeft",
				"pivot": [0, 16.5, 0],
				"rotation": [0, 0, 7.5],
				"cubes": [
					{"origin": [2, 8.6, -1.5], "size": [2, 6, 3], "uv": [52, 21], "inflate": 0.299}
				]
			},
			{
				"name": "bone69",
				"parent": "armLeft",
				"pivot": [2, 16.5, -1],
				"rotation": [0, 0, -25],
				"cubes": [
					{"origin": [0.5, 14.5, -1.5], "size": [4, 2, 3], "uv": [9, 44], "inflate": -0.2, "mirror": true}
				]
			},
			{
				"name": "body",
				"pivot": [0, 10.5, 0],
				"cubes": [
					{"origin": [-3, 8.999, -2.5], "size": [6, 9, 5], "uv": [12, 16]},
					{"origin": [-3, 8.999, -2.5], "size": [6, 9, 5], "uv": [12, 30], "inflate": 0.3}
				]
			},
			{
				"name": "sittingRotationSkirt",
				"parent": "body",
				"pivot": [0, 10.5, 0]
			},
			{
				"name": "bone50",
				"parent": "sittingRotationSkirt",
				"pivot": [0, 10.5, 1],
				"rotation": [-12.5, 0, 0],
				"cubes": [
					{"origin": [-3, 5, -3.1], "size": [6, 7, 0], "uv": [52, 41]}
				]
			},
			{
				"name": "bone51",
				"parent": "body",
				"pivot": [0, 10.5, 1],
				"rotation": [12, 0, 0],
				"cubes": [
					{"origin": [-3, 5.4, 3], "size": [6, 7, 0], "uv": [52, 48], "mirror": true}
				]
			},
			{
				"name": "legLeft",
				"pivot": [2, 9, 0],
				"cubes": [
					{"origin": [0.499, 0, -1.5], "size": [3, 9, 3], "uv": [0, 16]},
					{"origin": [1, 10.5, -1], "size": [2, 2, 2], "uv": [12, 26], "inflate": 0.2}
				]
			},
			{
				"name": "bone",
				"parent": "legLeft",
				"pivot": [2, 16, 0],
				"rotation": [0, 0, -7.5]
			},
			{
				"name": "bone4",
				"parent": "bone",
				"pivot": [1.21935, 2.95819, 0]
			},
			{
				"name": "bone5",
				"parent": "bone4",
				"pivot": [1.21935, 2.95819, 2.69917],
				"rotation": [8, 0, 0]
			},
			{
				"name": "bone6",
				"parent": "bone5",
				"pivot": [1.21935, 2.95819, 2.69917],
				"rotation": [0, -63.43495, 0],
				"cubes": [
					{"origin": [0.71935, 2.95819, 1.69917], "size": [1, 10, 2], "uv": [0, 47]}
				]
			},
			{
				"name": "bone7",
				"parent": "bone",
				"pivot": [1.21935, 2.95819, 0],
				"rotation": [0, -45, 0]
			},
			{
				"name": "bone8",
				"parent": "bone7",
				"pivot": [1.21935, 2.95819, 2.69917],
				"rotation": [8, 0, 0]
			},
			{
				"name": "bone9",
				"parent": "bone8",
				"pivot": [1.21935, 2.95819, 2.69917],
				"rotation": [0, -63.43495, 0],
				"cubes": [
					{"origin": [0.71935, 2.95819, 1.69917], "size": [1, 10, 2], "uv": [0, 47]}
				]
			},
			{
				"name": "bone10",
				"parent": "bone",
				"pivot": [1.21935, 2.95819, 0],
				"rotation": [0, -90, 0]
			},
			{
				"name": "bone11",
				"parent": "bone10",
				"pivot": [1.21935, 2.95819, 2.69917],
				"rotation": [8, 0, 0]
			},
			{
				"name": "bone12",
				"parent": "bone11",
				"pivot": [1.21935, 2.95819, 2.69917],
				"rotation": [0, -63.43495, 0],
				"cubes": [
					{"origin": [0.71935, 2.95819, 1.69917], "size": [1, 10, 2], "uv": [0, 47]}
				]
			},
			{
				"name": "bone13",
				"parent": "bone",
				"pivot": [1.21935, 2.95819, 0],
				"rotation": [0, -135, 0]
			},
			{
				"name": "bone14",
				"parent": "bone13",
				"pivot": [1.21935, 2.95819, 2.69917],
				"rotation": [8, 0, 0]
			},
			{
				"name": "bone15",
				"parent": "bone14",
				"pivot": [1.21935, 2.95819, 2.69917],
				"rotation": [0, -63.43495, 0],
				"cubes": [
					{"origin": [0.71935, 2.95819, 1.69917], "size": [1, 10, 2], "uv": [0, 47]}
				]
			},
			{
				"name": "bone16",
				"parent": "bone",
				"pivot": [1.21935, 2.95819, 0],
				"rotation": [0, -180, 0]
			},
			{
				"name": "bone17",
				"parent": "bone16",
				"pivot": [1.21935, 2.95819, 2.69917],
				"rotation": [8, 0, 0]
			},
			{
				"name": "bone18",
				"parent": "bone17",
				"pivot": [1.21935, 2.95819, 2.69917],
				"rotation": [0, -63.43495, 0],
				"cubes": [
					{"origin": [0.71935, 2.95819, 1.69917], "size": [1, 10, 2], "uv": [0, 47]}
				]
			},
			{
				"name": "bone19",
				"parent": "bone",
				"pivot": [1.21935, 2.95819, 0],
				"rotation": [0, -225, 0]
			},
			{
				"name": "bone20",
				"parent": "bone19",
				"pivot": [1.21935, 2.95819, 2.69917],
				"rotation": [8, 0, 0]
			},
			{
				"name": "bone21",
				"parent": "bone20",
				"pivot": [1.21935, 2.95819, 2.69917],
				"rotation": [0, -63.43495, 0],
				"cubes": [
					{"origin": [0.71935, 2.95819, 1.69917], "size": [1, 10, 2], "uv": [0, 47]}
				]
			},
			{
				"name": "bone22",
				"parent": "bone",
				"pivot": [1.21935, 2.95819, 0],
				"rotation": [0, -270, 0]
			},
			{
				"name": "bone23",
				"parent": "bone22",
				"pivot": [1.21935, 2.95819, 2.69917],
				"rotation": [8, 0, 0]
			},
			{
				"name": "bone24",
				"parent": "bone23",
				"pivot": [1.21935, 2.95819, 2.69917],
				"rotation": [0, -63.43495, 0],
				"cubes": [
					{"origin": [0.71935, 2.95819, 1.69917], "size": [1, 10, 2], "uv": [0, 47]}
				]
			},
			{
				"name": "bone25",
				"parent": "bone",
				"pivot": [1.21935, 2.95819, 0],
				"rotation": [0, -315, 0]
			},
			{
				"name": "bone26",
				"parent": "bone25",
				"pivot": [1.21935, 2.95819, 2.69917],
				"rotation": [8, 0, 0]
			},
			{
				"name": "bone27",
				"parent": "bone26",
				"pivot": [1.21935, 2.95819, 2.69917],
				"rotation": [0, -63.43495, 0],
				"cubes": [
					{"origin": [0.71935, 2.95819, 1.69917], "size": [1, 10, 2], "uv": [0, 47]}
				]
			},
			{
				"name": "legRight",
				"pivot": [-2, 9, 0],
				"cubes": [
					{"origin": [-3.499, 0, -1.5], "size": [3, 9, 3], "uv": [0, 16], "mirror": true}
				]
			},
			{
				"name": "bone67",
				"parent": "legRight",
				"pivot": [-2, 9, 0],
				"cubes": [
					{"origin": [-3, 10.5, -1], "size": [2, 2, 2], "uv": [12, 26], "inflate": 0.2}
				]
			},
			{
				"name": "bone63",
				"parent": "bone67",
				"pivot": [-2, 16, 0],
				"rotation": [0, 0, 7.5]
			},
			{
				"name": "bone64",
				"parent": "bone63",
				"pivot": [-1.21935, 2.95819, 0],
				"rotation": [0, 315, 0]
			},
			{
				"name": "bone65",
				"parent": "bone64",
				"pivot": [-1.21935, 2.95819, 2.69917],
				"rotation": [8, 0, 0]
			},
			{
				"name": "bone66",
				"parent": "bone65",
				"pivot": [-1.21935, 2.95819, 2.69917],
				"rotation": [0, 63.43495, 0],
				"cubes": [
					{"origin": [-1.71935, 2.95819, 1.69917], "size": [1, 10, 2], "uv": [0, 47], "mirror": true}
				]
			},
			{
				"name": "bone59",
				"parent": "bone67",
				"pivot": [-2, 16, 0],
				"rotation": [0, 0, 7.5]
			},
			{
				"name": "bone60",
				"parent": "bone59",
				"pivot": [-1.21935, 2.95819, 0],
				"rotation": [0, 270, 0]
			},
			{
				"name": "bone61",
				"parent": "bone60",
				"pivot": [-1.21935, 2.95819, 2.69917],
				"rotation": [8, 0, 0]
			},
			{
				"name": "bone62",
				"parent": "bone61",
				"pivot": [-1.21935, 2.95819, 2.69917],
				"rotation": [0, 63.43495, 0],
				"cubes": [
					{"origin": [-1.71935, 2.95819, 1.69917], "size": [1, 10, 2], "uv": [0, 47], "mirror": true}
				]
			},
			{
				"name": "bone53",
				"parent": "bone67",
				"pivot": [-2, 16, 0],
				"rotation": [0, 0, 7.5]
			},
			{
				"name": "bone54",
				"parent": "bone53",
				"pivot": [-1.21935, 2.95819, 0],
				"rotation": [0, 225, 0]
			},
			{
				"name": "bone57",
				"parent": "bone54",
				"pivot": [-1.21935, 2.95819, 2.69917],
				"rotation": [8, 0, 0]
			},
			{
				"name": "bone58",
				"parent": "bone57",
				"pivot": [-1.21935, 2.95819, 2.69917],
				"rotation": [0, 63.43495, 0],
				"cubes": [
					{"origin": [-1.71935, 2.95819, 1.69917], "size": [1, 10, 2], "uv": [0, 47], "mirror": true}
				]
			},
			{
				"name": "bone44",
				"parent": "bone67",
				"pivot": [-2, 16, 0],
				"rotation": [0, 0, 7.5]
			},
			{
				"name": "bone45",
				"parent": "bone44",
				"pivot": [-1.21935, 2.95819, 0],
				"rotation": [0, 180, 0]
			},
			{
				"name": "bone46",
				"parent": "bone45",
				"pivot": [-1.21935, 2.95819, 2.69917],
				"rotation": [8, 0, 0]
			},
			{
				"name": "bone47",
				"parent": "bone46",
				"pivot": [-1.21935, 2.95819, 2.69917],
				"rotation": [0, 63.43495, 0],
				"cubes": [
					{"origin": [-1.71935, 2.95819, 1.69917], "size": [1, 10, 2], "uv": [0, 47], "mirror": true}
				]
			},
			{
				"name": "bone40",
				"parent": "bone67",
				"pivot": [-2, 16, 0],
				"rotation": [0, 0, 7.5]
			},
			{
				"name": "bone41",
				"parent": "bone40",
				"pivot": [-1.21935, 2.95819, 0],
				"rotation": [0, 135, 0]
			},
			{
				"name": "bone42",
				"parent": "bone41",
				"pivot": [-1.21935, 2.95819, 2.69917],
				"rotation": [8, 0, 0]
			},
			{
				"name": "bone43",
				"parent": "bone42",
				"pivot": [-1.21935, 2.95819, 2.69917],
				"rotation": [0, 63.43495, 0],
				"cubes": [
					{"origin": [-1.71935, 2.95819, 1.69917], "size": [1, 10, 2], "uv": [0, 47], "mirror": true}
				]
			},
			{
				"name": "bone36",
				"parent": "bone67",
				"pivot": [-2, 16, 0],
				"rotation": [0, 0, 7.5]
			},
			{
				"name": "bone37",
				"parent": "bone36",
				"pivot": [-1.21935, 2.95819, 0],
				"rotation": [0, 90, 0]
			},
			{
				"name": "bone38",
				"parent": "bone37",
				"pivot": [-1.21935, 2.95819, 2.69917],
				"rotation": [8, 0, 0]
			},
			{
				"name": "bone39",
				"parent": "bone38",
				"pivot": [-1.21935, 2.95819, 2.69917],
				"rotation": [0, 63.43495, 0],
				"cubes": [
					{"origin": [-1.71935, 2.95819, 1.69917], "size": [1, 10, 2], "uv": [0, 47], "mirror": true}
				]
			},
			{
				"name": "bone32",
				"parent": "bone67",
				"pivot": [-2, 16, 0],
				"rotation": [0, 0, 7.5]
			},
			{
				"name": "bone33",
				"parent": "bone32",
				"pivot": [-1.21935, 2.95819, 0],
				"rotation": [0, 45, 0]
			},
			{
				"name": "bone34",
				"parent": "bone33",
				"pivot": [-1.21935, 2.95819, 2.69917],
				"rotation": [8, 0, 0]
			},
			{
				"name": "bone35",
				"parent": "bone34",
				"pivot": [-1.21935, 2.95819, 2.69917],
				"rotation": [0, 63.43495, 0],
				"cubes": [
					{"origin": [-1.71935, 2.95819, 1.69917], "size": [1, 10, 2], "uv": [0, 47], "mirror": true}
				]
			},
			{
				"name": "bone28",
				"parent": "bone67",
				"pivot": [-2, 16, 0],
				"rotation": [0, 0, 7.5]
			},
			{
				"name": "bone29",
				"parent": "bone28",
				"pivot": [-1.21935, 2.95819, 0]
			},
			{
				"name": "bone30",
				"parent": "bone29",
				"pivot": [-1.21935, 2.95819, 2.69917],
				"rotation": [8, 0, 0]
			},
			{
				"name": "bone31",
				"parent": "bone30",
				"pivot": [-1.21935, 2.95819, 2.69917],
				"rotation": [0, 63.43495, 0],
				"cubes": [
					{"origin": [-1.71935, 2.95819, 1.69917], "size": [1, 10, 2], "uv": [0, 47], "mirror": true}
				]
			}
		]
	}
}