{
	"format_version": "1.10.0",
	"geometry.model": {
		"texturewidth": 64,
		"textureheight": 64,
		"visible_bounds_width": 4,
		"visible_bounds_height": 4,
		"visible_bounds_offset": [0, 1, 0],
		"bones": [
			{
				"name": "head",
				"pivot": [0, 18, 0],
				"cubes": [
					{"origin": [-4, 18, -4], "size": [8, 8, 8], "uv": [0, 0]},
					{"origin": [-4, 18, -4], "size": [8, 8, 8], "uv": [32, 0], "inflate": 0.3}
				]
			},
			{
				"name": "blink",
				"parent": "head",
				"pivot": [0, 18, 0],
				"cubes": [
					{"origin": [-4, 18, -4.001], "size": [8, 8, 0], "uv": [24, 0]}
				]
			},
			{
				"name": "bone9",
				"parent": "head",
				"pivot": [0, 14, 3],
				"rotation": [-10, 0, 0],
				"cubes": [
					{"origin": [-4, 14, -5], "size": [1, 4, 1], "uv": [19, 10], "inflate": 0.01},
					{"origin": [3, 14, -5], "size": [1, 4, 1], "uv": [19, 10], "inflate": 0.01, "mirror": true}
				]
			},
			{
				"name": "bone10",
				"parent": "head",
				"pivot": [0, 17, 0],
				"rotation": [-5, 0, 0]
			},
			{
				"name": "bone11",
				"parent": "bone10",
				"pivot": [0, 7, -1],
				"rotation": [7.5, 0, 0]
			},
			{
				"name": "bone8",
				"parent": "bone11",
				"pivot": [0, 7, -1],
				"rotation": [-5, 0, 0],
				"cubes": [
					{"origin": [-3.5, 4.34827, 7.91473], "size": [7, 5, 1], "uv": [0, 38]}
				]
			},
			{
				"name": "bone7",
				"parent": "bone11",
				"pivot": [0, 14, 0],
				"rotation": [17.5, 0, 0],
				"cubes": [
					{"origin": [-3.5, 6, 6], "size": [7, 11, 1], "uv": [34, 23]}
				]
			},
			{
				"name": "bone2",
				"parent": "bone10",
				"pivot": [-5, 13, 0],
				"rotation": [18.10189, -1.69862, 11.45935],
				"cubes": [
					{"origin": [-6, 9, 5.3], "size": [5, 11, 1], "uv": [0, 44], "mirror": true}
				]
			},
			{
				"name": "bone",
				"parent": "bone10",
				"pivot": [5, 13, 0],
				"rotation": [18.10189, 1.69862, -11.45935],
				"cubes": [
					{"origin": [1, 9, 5.3], "size": [5, 11, 1], "uv": [0, 44]}
				]
			},
			{
				"name": "bone71",
				"parent": "bone10",
				"pivot": [0, 17, -1],
				"rotation": [0, 0, -32.5]
			},
			{
				"name": "bone4",
				"parent": "bone71",
				"pivot": [0, 10, 0],
				"rotation": [5.10455, -14.24, 37.78381],
				"cubes": [
					{"origin": [-8.4, 3.54172, 8.1], "size": [5, 5, 1], "uv": [29, 35], "mirror": true}
				]
			},
			{
				"name": "bone72",
				"parent": "bone10",
				"pivot": [0, 17, -1],
				"rotation": [0, 0, 32.5]
			},
			{
				"name": "bone3",
				"parent": "bone72",
				"pivot": [0, 10, 0],
				"rotation": [5.10455, 14.24, -37.78381],
				"cubes": [
					{"origin": [3.4, 3.54172, 8.1], "size": [5, 5, 1], "uv": [29, 35]}
				]
			},
			{
				"name": "armRight",
				"pivot": [-2, 17.5, 0],
				"rotation": [0, 0, 25],
				"cubes": [
					{"origin": [-4, 8.5, -1], "size": [2, 8, 2], "uv": [20, 30]},
					{"origin": [-4, 9.5, -1], "size": [2, 2, 2], "uv": [0, 0], "inflate": 0.4},
					{"origin": [-4, 8.7, -1], "size": [2, 1, 2], "uv": [0, 4], "inflate": 0.1}
				]
			},
			{
				"name": "armRightPositioningBone",
				"parent": "armRight",
				"pivot": [-3, 8.5, 0]
			},
			{
				"name": "armLeft",
				"pivot": [2, 17.5, 0],
				"rotation": [0, 0, -25],
				"cubes": [
					{"origin": [2, 8.5, -1], "size": [2, 8, 2], "uv": [20, 30], "mirror": true},
					{"origin": [2, 9.5, -1], "size": [2, 2, 2], "uv": [0, 0], "inflate": 0.4, "mirror": true}
				]
			},
			{
				"name": "armLeftPositioningBone",
				"parent": "armLeft",
				"pivot": [3, 8.5, 0]
			},
			{
				"name": "body",
				"pivot": [0, 10.5, 0],
				"cubes": [
					{"origin": [-3, 8.999, -2.5], "size": [6, 9, 5], "uv": [12, 16]},
					{"origin": [-3, 9.2, -2.5], "size": [6, 9, 5], "uv": [12, 40], "inflate": 0.5}
				]
			},
			{
				"name": "bone12",
				"parent": "body",
				"pivot": [0, 16.5, 2],
				"rotation": [52.5, 0, 0],
				"cubes": [
					{"origin": [-3, 16.7, -4], "size": [6, 4, 4], "uv": [0, 30], "inflate": -0.1}
				]
			},
			{
				"name": "legLeft",
				"pivot": [2, 9, 0],
				"cubes": [
					{"origin": [0.499, 0, -1.5], "size": [3, 9, 3], "uv": [0, 16]}
				]
			},
			{
				"name": "bone5",
				"parent": "legLeft",
				"pivot": [1, 10, 0],
				"rotation": [0, 0, -7.5],
				"cubes": [
					{"origin": [0.15, 6, -2], "size": [3, 3, 4], "uv": [34, 16], "inflate": 0.24}
				]
			},
			{
				"name": "legRight",
				"pivot": [-2, 9, 0],
				"cubes": [
					{"origin": [-3.499, 0, -1.5], "size": [3, 9, 3], "uv": [0, 16]}
				]
			},
			{
				"name": "bone6",
				"parent": "legRight",
				"pivot": [-1, 10, 0],
				"rotation": [0, 0, 7.5],
				"cubes": [
					{"origin": [-3.15, 6, -2], "size": [3, 3, 4], "uv": [34, 16], "inflate": 0.24, "mirror": true}
				]
			},
			{
				"name": "4",
				"pivot": [0, 0, 0]
			},
			{
				"name": "chestPlate",
				"parent": "4",
				"pivot": [0, 0, 0]
			},
			{
				"name": "sinFloat",
				"parent": "chestPlate",
				"pivot": [-13, 15, 3],
				"rotation": [0, -40, 0]
			},
			{
				"name": "bone14",
				"parent": "sinFloat",
				"pivot": [-13, 15, 3],
				"rotation": [0, 0, 30],
				"cubes": [
					{"origin": [-17.5, 14.9, -2], "size": [5, 1, 7], "uv": [34, 35]},
					{"origin": [-18, 14.89, -2.5], "size": [6, 0, 8], "uv": [41, 16]}
				]
			},
			{
				"name": "bone15",
				"parent": "sinFloat",
				"pivot": [-9, 14, 3],
				"cubes": [
					{"origin": [-12, 14.5, -2], "size": [5, 1, 7], "uv": [34, 35]},
					{"origin": [-12.5, 14.49, -2.5], "size": [6, 0, 8], "uv": [41, 16], "mirror": true}
				]
			},
			{
				"name": "bone13",
				"parent": "bone15",
				"pivot": [-9, 17, 3],
				"rotation": [90, 0, -17.5]
			},
			{
				"name": "wingLeft",
				"parent": "bone13",
				"pivot": [-12, 18, 2],
				"cubes": [
					{"origin": [-12.3, 15, 2.55442], "size": [0, 7, 5], "uv": [50, 19]}
				]
			}
		]
	}
}