{
	"format_version": "1.10.0",
	"geometry.model": {
		"texturewidth": 64,
		"textureheight": 64,
		"visible_bounds_width": 4,
		"visible_bounds_height": 4,
		"visible_bounds_offset": [0, 1, 0],
		"bones": [
			{
				"name": "head",
				"pivot": [0, 18, 0],
				"cubes": [
					{"origin": [-4, 18, -4], "size": [8, 8, 8], "uv": [0, 0]},
					{"origin": [-4, 18, -4], "size": [8, 8, 8], "uv": [32, 0], "inflate": 0.3}
				]
			},
			{
				"name": "blink",
				"parent": "head",
				"pivot": [0, 18, 0],
				"cubes": [
					{"origin": [-4, 18, -4.001], "size": [8, 8, 0], "uv": [24, 0]}
				]
			},
			{
				"name": "bone",
				"parent": "head",
				"pivot": [-2, 25, 0],
				"rotation": [14.33501, 4.46375, -24.43839],
				"cubes": [
					{"origin": [-3.74592, 25.17156, -2.63136], "size": [3, 5, 3], "uv": [44, 16]}
				]
			},
			{
				"name": "bone49",
				"parent": "bone",
				"pivot": [-2, 25, 0],
				"rotation": [5, 0, -7.5],
				"cubes": [
					{"origin": [-2.74592, 24.8, -1.63136], "size": [2, 3, 2], "uv": [17, 16], "inflate": -0.1}
				]
			},
			{
				"name": "bone2",
				"parent": "head",
				"pivot": [2, 25, 0],
				"rotation": [14.33501, -4.46375, 24.43839],
				"cubes": [
					{"origin": [0.74592, 25.17156, -2.63136], "size": [3, 5, 3], "uv": [44, 16], "mirror": true}
				]
			},
			{
				"name": "bone48",
				"parent": "bone2",
				"pivot": [2, 25, 0],
				"rotation": [5, 0, 7.5],
				"cubes": [
					{"origin": [0.74592, 24.8, -1.63136], "size": [2, 3, 2], "uv": [17, 16], "inflate": -0.1, "mirror": true}
				]
			},
			{
				"name": "bone50",
				"parent": "head",
				"pivot": [0, 18, -4],
				"rotation": [-5, 0, 0],
				"cubes": [
					{"origin": [-4, 15, -4.2], "size": [1, 4, 1], "uv": [4, 11], "inflate": 0.01},
					{"origin": [3, 15, -4.2], "size": [1, 4, 1], "uv": [20, 11], "inflate": 0.01, "mirror": true}
				]
			},
			{
				"name": "bone51",
				"parent": "head",
				"pivot": [0, 15, -1],
				"rotation": [32.5, 0, 0],
				"cubes": [
					{"origin": [-3.5, 10, 5], "size": [7, 6, 1], "uv": [14, 43]}
				]
			},
			{
				"name": "bone52",
				"parent": "bone51",
				"pivot": [0, 8, -2],
				"rotation": [27.5, 0, 0],
				"cubes": [
					{"origin": [-3.5, -0.5, 5], "size": [7, 8, 1], "uv": [22, 50]}
				]
			},
			{
				"name": "bone53",
				"parent": "head",
				"pivot": [6, 14, 0],
				"rotation": [17.43745, -1.50179, -17.73032],
				"cubes": [
					{"origin": [1.3, 14, 5], "size": [5, 7, 1], "uv": [38, 48]}
				]
			},
			{
				"name": "bone54",
				"parent": "head",
				"pivot": [0, 10, 1],
				"rotation": [41.29338, 9.34508, -31.97678],
				"cubes": [
					{"origin": [1.92407, 0.5282, 5.72585], "size": [5, 8, 1], "uv": [50, 48]}
				]
			},
			{
				"name": "bone55",
				"parent": "head",
				"pivot": [-6, 14, 0],
				"rotation": [17.43745, 1.50179, 17.73032],
				"cubes": [
					{"origin": [-6.3, 14, 5], "size": [5, 7, 1], "uv": [38, 48], "mirror": true}
				]
			},
			{
				"name": "bone57",
				"parent": "head",
				"pivot": [0, 10, 1],
				"rotation": [41.29338, -9.34508, 31.97678],
				"cubes": [
					{"origin": [-6.92407, 0.5282, 5.72585], "size": [5, 8, 1], "uv": [50, 48], "mirror": true}
				]
			},
			{
				"name": "armRight",
				"pivot": [-2, 17.5, 0],
				"rotation": [0, 0, 25],
				"cubes": [
					{"origin": [-4, 8.5, -1], "size": [2, 8, 2], "uv": [12, 30]},
					{"origin": [-4.5, 14, -1.5], "size": [3, 1, 3], "uv": [28, 30], "inflate": 0.3, "mirror": true}
				]
			},
			{
				"name": "armRightPositioningBone",
				"parent": "armRight",
				"pivot": [-3, 8.5, 0]
			},
			{
				"name": "bone46",
				"parent": "armRight",
				"pivot": [-3, 12.5, 0],
				"rotation": [0, 0, -7.5],
				"cubes": [
					{"origin": [-4.5, 7.5, -2], "size": [3, 7, 4], "uv": [0, 42], "inflate": -0.201}
				]
			},
			{
				"name": "bone47",
				"parent": "armRight",
				"pivot": [0, 15.5, 0],
				"rotation": [0, 0, 17.5],
				"cubes": [
					{"origin": [-3.4, 7.5, -1.5], "size": [2, 6, 3], "uv": [0, 53], "inflate": 0.2}
				]
			},
			{
				"name": "armLeft",
				"pivot": [2, 17.5, 0],
				"rotation": [0, 0, -25],
				"cubes": [
					{"origin": [2, 8.5, -1], "size": [2, 8, 2], "uv": [12, 30]},
					{"origin": [1.5, 14, -1.5], "size": [3, 1, 3], "uv": [28, 30], "inflate": 0.3}
				]
			},
			{
				"name": "armLeftPositioningBone",
				"parent": "armLeft",
				"pivot": [3, 8.5, 0]
			},
			{
				"name": "bone56",
				"parent": "armLeft",
				"pivot": [0, 15.5, 0],
				"rotation": [0, 0, -17.5],
				"cubes": [
					{"origin": [1.4, 7.5, -1.5], "size": [2, 6, 3], "uv": [0, 53], "inflate": 0.2, "mirror": true}
				]
			},
			{
				"name": "bone58",
				"parent": "armLeft",
				"pivot": [3, 12.5, 0],
				"rotation": [0, 0, 7.5],
				"cubes": [
					{"origin": [1.5, 7.5, -2], "size": [3, 7, 4], "uv": [0, 42], "inflate": -0.201, "mirror": true}
				]
			},
			{
				"name": "body",
				"pivot": [0, 10.5, 0],
				"cubes": [
					{"origin": [-3, 8.999, -2.5], "size": [6, 9, 5], "uv": [0, 16]},
					{"origin": [-3, 8.999, -2.5], "size": [6, 9, 5], "uv": [22, 16], "inflate": 0.3}
				]
			},
			{
				"name": "sittingRotationSkirt",
				"parent": "body",
				"pivot": [0, 10.5, 0]
			},
			{
				"name": "bone3",
				"parent": "sittingRotationSkirt",
				"pivot": [0, 18.5, 0]
			},
			{
				"name": "bone4",
				"parent": "bone3",
				"pivot": [0, 8, 0]
			},
			{
				"name": "bone5",
				"parent": "bone4",
				"pivot": [0, 8, 5.38486],
				"rotation": [27, 0, 0]
			},
			{
				"name": "bone6",
				"parent": "bone5",
				"pivot": [0, 8, 5.38486],
				"rotation": [0, -71.56505, 0],
				"cubes": [
					{"origin": [-0.6, 8, 3.88486], "size": [1, 6, 3], "uv": [20, 30]}
				]
			},
			{
				"name": "bone7",
				"parent": "bone3",
				"pivot": [0, 8, 0],
				"rotation": [0, -32.72727, 0]
			},
			{
				"name": "bone8",
				"parent": "bone7",
				"pivot": [0, 8, 5.38486],
				"rotation": [27, 0, 0]
			},
			{
				"name": "bone9",
				"parent": "bone8",
				"pivot": [0, 8, 5.38486],
				"rotation": [0, -71.56505, 0],
				"cubes": [
					{"origin": [-0.5, 8, 3.88486], "size": [1, 6, 3], "uv": [20, 30]}
				]
			},
			{
				"name": "bone10",
				"parent": "bone3",
				"pivot": [0, 8, 0],
				"rotation": [0, -65.45455, 0]
			},
			{
				"name": "bone11",
				"parent": "bone10",
				"pivot": [0, 8, 5.38486],
				"rotation": [27, 0, 0]
			},
			{
				"name": "bone13",
				"parent": "bone11",
				"pivot": [0, 8, 5.38486],
				"rotation": [0, -71.56505, 0],
				"cubes": [
					{"origin": [-0.5, 8, 3.88486], "size": [1, 6, 3], "uv": [20, 30]}
				]
			},
			{
				"name": "bone14",
				"parent": "bone3",
				"pivot": [0, 8, 0],
				"rotation": [0, -98.18182, 0]
			},
			{
				"name": "bone15",
				"parent": "bone14",
				"pivot": [0, 8, 5.38486],
				"rotation": [27, 0, 0]
			},
			{
				"name": "bone16",
				"parent": "bone15",
				"pivot": [0, 8, 5.38486],
				"rotation": [0, -71.56505, 0],
				"cubes": [
					{"origin": [-0.5, 8, 3.88486], "size": [1, 6, 3], "uv": [20, 30]}
				]
			},
			{
				"name": "bone17",
				"parent": "bone3",
				"pivot": [0, 8, 0],
				"rotation": [0, -130.90909, 0]
			},
			{
				"name": "bone18",
				"parent": "bone17",
				"pivot": [0, 8, 5.38486],
				"rotation": [27, 0, 0]
			},
			{
				"name": "bone19",
				"parent": "bone18",
				"pivot": [0, 8, 5.38486],
				"rotation": [0, -71.56505, 0],
				"cubes": [
					{"origin": [-0.5, 8, 3.88486], "size": [1, 6, 3], "uv": [20, 30]}
				]
			},
			{
				"name": "bone20",
				"parent": "bone3",
				"pivot": [0, 8, 0],
				"rotation": [0, -163.63636, 0]
			},
			{
				"name": "bone21",
				"parent": "bone20",
				"pivot": [0, 8, 5.38486],
				"rotation": [27, 0, 0]
			},
			{
				"name": "bone22",
				"parent": "bone21",
				"pivot": [0, 8, 5.38486],
				"rotation": [0, -71.56505, 0],
				"cubes": [
					{"origin": [-0.6, 8, 3.6], "size": [1, 6, 3], "uv": [20, 30]}
				]
			},
			{
				"name": "bone23",
				"parent": "bone3",
				"pivot": [0, 8, 0],
				"rotation": [0, -196.36364, 0]
			},
			{
				"name": "bone24",
				"parent": "bone23",
				"pivot": [0, 8, 5.38486],
				"rotation": [27, 0, 0]
			},
			{
				"name": "bone25",
				"parent": "bone24",
				"pivot": [0, 8, 5.38486],
				"rotation": [0, -71.56505, 0],
				"cubes": [
					{"origin": [-0.6, 8, 3.88486], "size": [1, 6, 3], "uv": [20, 30]}
				]
			},
			{
				"name": "bone26",
				"parent": "bone3",
				"pivot": [0, 8, 0],
				"rotation": [0, -229.09091, 0]
			},
			{
				"name": "bone27",
				"parent": "bone26",
				"pivot": [0, 8, 5.38486],
				"rotation": [27, 0, 0]
			},
			{
				"name": "bone28",
				"parent": "bone27",
				"pivot": [0, 8, 5.38486],
				"rotation": [0, -71.56505, 0],
				"cubes": [
					{"origin": [-0.5, 8, 3.88486], "size": [1, 6, 3], "uv": [20, 30]}
				]
			},
			{
				"name": "bone29",
				"parent": "bone3",
				"pivot": [0, 8, 0],
				"rotation": [0, -261.81818, 0]
			},
			{
				"name": "bone30",
				"parent": "bone29",
				"pivot": [0, 8, 5.38486],
				"rotation": [27, 0, 0]
			},
			{
				"name": "bone31",
				"parent": "bone30",
				"pivot": [0, 8, 5.38486],
				"rotation": [0, -71.56505, 0],
				"cubes": [
					{"origin": [-0.5, 8, 3.88486], "size": [1, 6, 3], "uv": [20, 30]}
				]
			},
			{
				"name": "bone32",
				"parent": "bone3",
				"pivot": [0, 8, 0],
				"rotation": [0, -294.54545, 0]
			},
			{
				"name": "bone33",
				"parent": "bone32",
				"pivot": [0, 8, 5.38486],
				"rotation": [27, 0, 0]
			},
			{
				"name": "bone34",
				"parent": "bone33",
				"pivot": [0, 8, 5.38486],
				"rotation": [0, -71.56505, 0],
				"cubes": [
					{"origin": [-0.5, 8, 3.88486], "size": [1, 6, 3], "uv": [20, 30]}
				]
			},
			{
				"name": "bone35",
				"parent": "bone3",
				"pivot": [0, 8, 0],
				"rotation": [0, -327.27273, 0]
			},
			{
				"name": "bone36",
				"parent": "bone35",
				"pivot": [0, 8, 5.38486],
				"rotation": [27, 0, 0]
			},
			{
				"name": "bone37",
				"parent": "bone36",
				"pivot": [0, 8, 5.38486],
				"rotation": [0, -71.56505, 0],
				"cubes": [
					{"origin": [-0.6, 8, 3.88486], "size": [1, 6, 3], "uv": [20, 30]}
				]
			},
			{
				"name": "bone38",
				"parent": "sittingRotationSkirt",
				"pivot": [0, 10.5, 0],
				"rotation": [-27.5, 0, 0],
				"cubes": [
					{"origin": [-2.5, 6.5, -4.58], "size": [5, 6, 1], "uv": [10, 53]}
				]
			},
			{
				"name": "bone12",
				"parent": "body",
				"pivot": [0, 14.5, -2],
				"rotation": [62.5, 0, 0],
				"cubes": [
					{"origin": [-3, 13.2, -2.7], "size": [6, 3, 3], "uv": [44, 24], "inflate": -0.1}
				]
			},
			{
				"name": "bone39",
				"parent": "body",
				"pivot": [0, 10.5, 0],
				"rotation": [155, 0, 180],
				"cubes": [
					{"origin": [-2.5, 7, -4.65], "size": [5, 8, 1], "uv": [10, 53]}
				]
			},
			{
				"name": "legLeft",
				"pivot": [2, 9, 0],
				"cubes": [
					{"origin": [0.499, 0, -1.5], "size": [3, 9, 3], "uv": [0, 30]}
				]
			},
			{
				"name": "legRight",
				"pivot": [-2, 9, 0],
				"cubes": [
					{"origin": [-3.499, 0, -1.5], "size": [3, 9, 3], "uv": [0, 30]}
				]
			},
			{
				"name": "tail",
				"pivot": [0, 8, 4],
				"rotation": [-27.5, 0, 0]
			},
			{
				"name": "bone41",
				"parent": "tail",
				"pivot": [0, 8, 4],
				"cubes": [
					{"origin": [-2, 7, 1], "size": [3, 3, 3], "uv": [51, 37]}
				]
			},
			{
				"name": "bone40",
				"parent": "bone41",
				"pivot": [0, 8, 4],
				"rotation": [12.54624, 4.88119, 1.08482],
				"cubes": [
					{"origin": [-2, 7.3, 2.5], "size": [3, 3, 3], "uv": [51, 37], "inflate": 0.5}
				]
			},
			{
				"name": "bone42",
				"parent": "bone40",
				"pivot": [0, 8, 4],
				"rotation": [12.54624, 4.88119, 1.08482],
				"cubes": [
					{"origin": [-3, 6.3, 3.8], "size": [5, 5, 6], "uv": [35, 37]}
				]
			},
			{
				"name": "bone43",
				"parent": "bone42",
				"pivot": [0, 8, 8],
				"rotation": [15.12353, 7.24305, 1.95155],
				"cubes": [
					{"origin": [-2.5, 6.3, 7.8], "size": [4, 4, 5], "uv": [23, 34]}
				]
			},
			{
				"name": "bone44",
				"parent": "bone43",
				"pivot": [0, 8, 12],
				"rotation": [15.69284, 16.88547, 4.6653],
				"cubes": [
					{"origin": [-2, 6.6, 11.8], "size": [3, 3, 4], "uv": [48, 30]}
				]
			},
			{
				"name": "bone45",
				"parent": "bone44",
				"pivot": [0, 8, 15],
				"rotation": [16.80857, 26.48829, 7.6734],
				"cubes": [
					{"origin": [-1.6, 6.8, 14.8], "size": [2, 2, 4], "uv": [36, 30]}
				]
			},
			{
				"name": "tail2",
				"parent": "tail",
				"pivot": [2, 7, 1],
				"rotation": [-39.59155, 65.59866, -37.74982]
			},
			{
				"name": "bone59",
				"parent": "tail2",
				"pivot": [2, 7, 1],
				"cubes": [
					{"origin": [0, 6, -2], "size": [3, 3, 3], "uv": [51, 37]}
				]
			},
			{
				"name": "bone60",
				"parent": "bone59",
				"pivot": [2, 7, 1],
				"rotation": [12.54624, 4.88119, 1.08482],
				"cubes": [
					{"origin": [0, 6.3, -0.5], "size": [3, 3, 3], "uv": [51, 37], "inflate": 0.5}
				]
			},
			{
				"name": "bone61",
				"parent": "bone60",
				"pivot": [2, 7, 1],
				"rotation": [12.54624, 4.88119, 1.08482],
				"cubes": [
					{"origin": [-1, 5.3, 0.8], "size": [5, 5, 6], "uv": [35, 37]}
				]
			},
			{
				"name": "bone62",
				"parent": "bone61",
				"pivot": [2, 7, 5],
				"rotation": [15.12353, 7.24305, 1.95155],
				"cubes": [
					{"origin": [-0.5, 5.3, 4.8], "size": [4, 4, 5], "uv": [23, 34]}
				]
			},
			{
				"name": "bone63",
				"parent": "bone62",
				"pivot": [2, 7, 9],
				"rotation": [15.69284, 16.88547, 4.6653],
				"cubes": [
					{"origin": [0, 5.6, 8.8], "size": [3, 3, 4], "uv": [48, 30]}
				]
			},
			{
				"name": "bone64",
				"parent": "bone63",
				"pivot": [2, 7, 12],
				"rotation": [16.80857, 26.48829, 7.6734],
				"cubes": [
					{"origin": [0.4, 5.8, 11.8], "size": [2, 2, 4], "uv": [36, 30]}
				]
			},
			{
				"name": "bone65",
				"parent": "tail",
				"pivot": [-2, 8, 2],
				"rotation": [43.42572, -39.04789, -60.98449],
				"cubes": [
					{"origin": [-4, 7, -1], "size": [3, 3, 3], "uv": [51, 37]}
				]
			},
			{
				"name": "bone66",
				"parent": "bone65",
				"pivot": [-2, 8, 2],
				"rotation": [12.54624, 4.88119, 1.08482],
				"cubes": [
					{"origin": [-4, 7.3, 0.5], "size": [3, 3, 3], "uv": [51, 37], "inflate": 0.5}
				]
			},
			{
				"name": "bone67",
				"parent": "bone66",
				"pivot": [-2, 8, 2],
				"rotation": [12.54624, 4.88119, 1.08482],
				"cubes": [
					{"origin": [-5, 6.3, 1.8], "size": [5, 5, 6], "uv": [35, 37]}
				]
			},
			{
				"name": "bone68",
				"parent": "bone67",
				"pivot": [-2, 8, 6],
				"rotation": [15.12353, 7.24305, 1.95155],
				"cubes": [
					{"origin": [-4.5, 6.3, 5.8], "size": [4, 4, 5], "uv": [23, 34]}
				]
			},
			{
				"name": "bone69",
				"parent": "bone68",
				"pivot": [-2, 8, 10],
				"rotation": [15.69284, 16.88547, 4.6653],
				"cubes": [
					{"origin": [-4, 6.6, 9.8], "size": [3, 3, 4], "uv": [48, 30]}
				]
			},
			{
				"name": "bone70",
				"parent": "bone69",
				"pivot": [-2, 8, 13],
				"rotation": [16.80857, 26.48829, 7.6734],
				"cubes": [
					{"origin": [-3.6, 6.8, 12.8], "size": [2, 2, 4], "uv": [36, 30]}
				]
			},
			{
				"name": "bone71",
				"parent": "tail",
				"pivot": [2, 8, 5],
				"rotation": [-9.49023, -53.9447, 150.57209],
				"cubes": [
					{"origin": [0, 7, 2], "size": [3, 3, 3], "uv": [51, 37]}
				]
			},
			{
				"name": "bone72",
				"parent": "bone71",
				"pivot": [2, 8, 5],
				"rotation": [12.54624, 4.88119, 1.08482],
				"cubes": [
					{"origin": [0, 7.3, 3.5], "size": [3, 3, 3], "uv": [51, 37], "inflate": 0.5}
				]
			},
			{
				"name": "bone73",
				"parent": "bone72",
				"pivot": [2, 8, 5],
				"rotation": [12.54624, 4.88119, 1.08482],
				"cubes": [
					{"origin": [-1, 6.3, 4.8], "size": [5, 5, 6], "uv": [35, 37]}
				]
			},
			{
				"name": "bone74",
				"parent": "bone73",
				"pivot": [2, 8, 9],
				"rotation": [15.12353, 7.24305, 1.95155],
				"cubes": [
					{"origin": [-0.5, 6.3, 8.8], "size": [4, 4, 5], "uv": [23, 34]}
				]
			},
			{
				"name": "bone75",
				"parent": "bone74",
				"pivot": [2, 8, 13],
				"rotation": [15.69284, 16.88547, 4.6653],
				"cubes": [
					{"origin": [0, 6.6, 12.8], "size": [3, 3, 4], "uv": [48, 30]}
				]
			},
			{
				"name": "bone76",
				"parent": "bone75",
				"pivot": [2, 8, 16],
				"rotation": [16.80857, 26.48829, 7.6734],
				"cubes": [
					{"origin": [0.4, 6.8, 15.8], "size": [2, 2, 4], "uv": [36, 30]}
				]
			},
			{
				"name": "bone77",
				"parent": "tail",
				"pivot": [-1, 8, 2],
				"rotation": [-18.95004, 8.74218, 113.23989],
				"cubes": [
					{"origin": [-3, 7, -1], "size": [3, 3, 3], "uv": [51, 37]}
				]
			},
			{
				"name": "bone78",
				"parent": "bone77",
				"pivot": [-1, 8, 2],
				"rotation": [12.54624, 4.88119, 1.08482],
				"cubes": [
					{"origin": [-3, 7.3, 0.5], "size": [3, 3, 3], "uv": [51, 37], "inflate": 0.5}
				]
			},
			{
				"name": "bone79",
				"parent": "bone78",
				"pivot": [-1, 8, 2],
				"rotation": [12.54624, 4.88119, 1.08482],
				"cubes": [
					{"origin": [-4, 6.3, 1.8], "size": [5, 5, 6], "uv": [35, 37]}
				]
			},
			{
				"name": "bone80",
				"parent": "bone79",
				"pivot": [-1, 8, 6],
				"rotation": [15.12353, 7.24305, 1.95155],
				"cubes": [
					{"origin": [-3.5, 6.3, 5.8], "size": [4, 4, 5], "uv": [23, 34]}
				]
			},
			{
				"name": "bone81",
				"parent": "bone80",
				"pivot": [-1, 8, 10],
				"rotation": [15.69284, 16.88547, 4.6653],
				"cubes": [
					{"origin": [-3, 6.6, 9.8], "size": [3, 3, 4], "uv": [48, 30]}
				]
			},
			{
				"name": "bone82",
				"parent": "bone81",
				"pivot": [-1, 8, 13],
				"rotation": [16.80857, 26.48829, 7.6734],
				"cubes": [
					{"origin": [-2.6, 6.8, 12.8], "size": [2, 2, 4], "uv": [36, 30]}
				]
			},
			{
				"name": "bone83",
				"parent": "tail",
				"pivot": [0, 8, 4],
				"rotation": [-90, -32.5, 90],
				"cubes": [
					{"origin": [-2, 7, 1], "size": [3, 3, 3], "uv": [51, 37]}
				]
			},
			{
				"name": "bone84",
				"parent": "bone83",
				"pivot": [0, 8, 4],
				"rotation": [12.54624, 4.88119, 1.08482],
				"cubes": [
					{"origin": [-2, 7.3, 2.5], "size": [3, 3, 3], "uv": [51, 37], "inflate": 0.5}
				]
			},
			{
				"name": "bone85",
				"parent": "bone84",
				"pivot": [0, 8, 4],
				"rotation": [12.54624, 4.88119, 1.08482],
				"cubes": [
					{"origin": [-3, 6.3, 3.8], "size": [5, 5, 6], "uv": [35, 37]}
				]
			},
			{
				"name": "bone86",
				"parent": "bone85",
				"pivot": [0, 8, 8],
				"rotation": [15.12353, 7.24305, 1.95155],
				"cubes": [
					{"origin": [-2.5, 6.3, 7.8], "size": [4, 4, 5], "uv": [23, 34]}
				]
			},
			{
				"name": "bone87",
				"parent": "bone86",
				"pivot": [0, 8, 12],
				"rotation": [15.69284, 16.88547, 4.6653],
				"cubes": [
					{"origin": [-2, 6.6, 11.8], "size": [3, 3, 4], "uv": [48, 30]}
				]
			},
			{
				"name": "bone88",
				"parent": "bone87",
				"pivot": [0, 8, 15],
				"rotation": [16.80857, 26.48829, 7.6734],
				"cubes": [
					{"origin": [-1.6, 6.8, 14.8], "size": [2, 2, 4], "uv": [36, 30]}
				]
			}
		]
	}
}