{
	"format_version": "1.10.0",
	"geometry.model": {
		"texturewidth": 64,
		"textureheight": 64,
		"visible_bounds_width": 4,
		"visible_bounds_height": 4,
		"visible_bounds_offset": [0, 1, 0],
		"bones": [
			{
				"name": "head",
				"pivot": [0, 18, 0],
				"cubes": [
					{"origin": [-4, 18, -4], "size": [8, 8, 8], "uv": [0, 0]},
					{"origin": [-4, 18, -4], "size": [8, 8, 8], "uv": [32, 0], "inflate": 0.3}
				]
			},
			{
				"name": "blink",
				"parent": "head",
				"pivot": [0, 18, 0],
				"cubes": [
					{"origin": [-4, 18, -4.001], "size": [8, 8, 0], "uv": [24, 0]}
				]
			},
			{
				"name": "bone",
				"parent": "head",
				"pivot": [0, 15, -1],
				"rotation": [20, 0, 0],
				"cubes": [
					{"origin": [-1, 10, 2.9], "size": [2, 7, 2], "uv": [32, 16]}
				]
			},
			{
				"name": "bone2",
				"parent": "bone",
				"pivot": [0, 15, 4],
				"rotation": [7.5, 20, 20],
				"cubes": [
					{"origin": [-1.5, 10, 2.5], "size": [3, 7, 3], "uv": [0, 44]}
				]
			},
			{
				"name": "armRight",
				"pivot": [-2, 17.5, 0],
				"rotation": [0, 0, 25],
				"cubes": [
					{"origin": [-4, 8.5, -1], "size": [2, 8, 2], "uv": [22, 16], "mirror": true},
					{"origin": [-4.5, 9, -1.5], "size": [3, 2, 3], "uv": [22, 26], "mirror": true}
				]
			},
			{
				"name": "armRightPositioningBone",
				"parent": "armRight",
				"pivot": [-3, 8.5, 0]
			},
			{
				"name": "bone3",
				"parent": "armRight",
				"pivot": [-2, 17.5, 0],
				"rotation": [0, 0, -22.5],
				"cubes": [
					{"origin": [-5, 14.5, -1], "size": [3, 3, 2], "uv": [12, 44], "inflate": 0.02}
				]
			},
			{
				"name": "bone6",
				"parent": "armRight",
				"pivot": [-2, 17.5, 0],
				"rotation": [0, 0, 10],
				"cubes": [
					{"origin": [-4, 12.1, -1], "size": [3, 4, 2], "uv": [40, 16], "inflate": 0.01}
				]
			},
			{
				"name": "armLeft",
				"pivot": [2, 17.5, 0],
				"rotation": [0, 0, -25],
				"cubes": [
					{"origin": [2, 8.5, -1], "size": [2, 8, 2], "uv": [22, 16]},
					{"origin": [1.5, 9, -1.5], "size": [3, 2, 3], "uv": [22, 26]}
				]
			},
			{
				"name": "armLeftPositioningBone",
				"parent": "armLeft",
				"pivot": [3, 8.5, 0]
			},
			{
				"name": "bone4",
				"parent": "armLeft",
				"pivot": [2, 17.5, 0],
				"rotation": [0, 0, 22.5],
				"cubes": [
					{"origin": [2, 14.5, -1], "size": [3, 3, 2], "uv": [12, 44], "inflate": 0.02, "mirror": true}
				]
			},
			{
				"name": "body",
				"pivot": [0, 10.5, 0],
				"cubes": [
					{"origin": [-3, 8.999, -2.5], "size": [6, 9, 5], "uv": [0, 16], "inflate": -0.1},
					{"origin": [-3, 8.999, -2.5], "size": [6, 9, 5], "uv": [0, 30], "inflate": 0.3}
				]
			},
			{
				"name": "bone34",
				"parent": "body",
				"pivot": [-6, 11.5, 0],
				"rotation": [-12.5, 0, 42.5],
				"cubes": [
					{"origin": [-8.3, 17.3, -4.5], "size": [3, 2, 1], "uv": [0, 3], "inflate": -0.2}
				]
			},
			{
				"name": "bone35",
				"parent": "body",
				"pivot": [6, 11.5, 0],
				"rotation": [-12.5, 0, -42.5],
				"cubes": [
					{"origin": [5.3, 17.3, -4.5], "size": [3, 2, 1], "uv": [0, 3], "inflate": -0.2}
				]
			},
			{
				"name": "bone5",
				"parent": "body",
				"pivot": [0, 4.5, -1],
				"rotation": [-10, 0, 0],
				"cubes": [
					{"origin": [-0.7, 8.5, -4.8], "size": [1.4, 8, 0], "uv": [30, 16]}
				]
			},
			{
				"name": "bone7",
				"parent": "body",
				"pivot": [0, 10.5, 0],
				"rotation": [12.5, 0, 12.5],
				"cubes": [
					{"origin": [-3.5, 4.5, -2.5], "size": [4, 8, 5], "uv": [35, 22]}
				]
			},
			{
				"name": "bone8",
				"parent": "body",
				"pivot": [0, 10.5, 0],
				"rotation": [-20, 0, 0],
				"cubes": [
					{"origin": [-3, 13.5, -4.4], "size": [6, 3, 3], "uv": [22, 43], "inflate": -0.11}
				]
			},
			{
				"name": "legLeft",
				"pivot": [2, 9, 0],
				"cubes": [
					{"origin": [0.499, 0, -1.5], "size": [3, 9, 3], "uv": [22, 31]}
				]
			},
			{
				"name": "legRight",
				"pivot": [-2, 9, 0],
				"cubes": [
					{"origin": [-3.499, 0, -1.5], "size": [3, 9, 3], "uv": [22, 31]}
				]
			}
		]
	}
}