{
	"format_version": "1.10.0",
	"geometry.model": {
		"texturewidth": 64,
		"textureheight": 64,
		"visible_bounds_width": 4,
		"visible_bounds_height": 4,
		"visible_bounds_offset": [0, 1, 0],
		"bones": [
			{
				"name": "head",
				"pivot": [0, 18, 0],
				"cubes": [
					{"origin": [-4, 18, -4], "size": [8, 8, 8], "uv": [0, 0]},
					{"origin": [-4, 18, -4], "size": [8, 8, 8], "uv": [32, 0], "inflate": 0.3}
				]
			},
			{
				"name": "blink",
				"parent": "head",
				"pivot": [0, 18, 0],
				"cubes": [
					{"origin": [-4, 18, -4.001], "size": [8, 8, 0], "uv": [24, 0]}
				]
			},
			{
				"name": "_helmet",
				"parent": "head",
				"pivot": [0, 18, 0]
			},
			{
				"name": "l",
				"parent": "_helmet",
				"pivot": [0, 25, 0]
			},
			{
				"name": "bone2",
				"parent": "l",
				"pivot": [-2, 14, 3],
				"rotation": [11.76782, 4.2453, 10.43771],
				"cubes": [
					{"origin": [-7.8, 3, 2], "size": [2, 22, 2], "uv": [56, 17], "inflate": 0.1, "mirror": true}
				]
			},
			{
				"name": "bone",
				"parent": "l",
				"pivot": [2, 14, 3],
				"rotation": [11.76782, -4.2453, -10.43771],
				"cubes": [
					{"origin": [5.8, 3, 2], "size": [2, 22, 2], "uv": [56, 17], "inflate": 0.1}
				]
			},
			{
				"name": "helmet",
				"parent": "head",
				"pivot": [0, 19, 0]
			},
			{
				"name": "bone8",
				"parent": "helmet",
				"pivot": [2, 19, 0],
				"rotation": [19.47905, 4.59061, -11.41022],
				"cubes": [
					{"origin": [-0.5, 7, 3.8], "size": [5, 13, 1], "uv": [44, 16], "inflate": 0.2}
				]
			},
			{
				"name": "bone9",
				"parent": "helmet",
				"pivot": [-2, 19, 0],
				"rotation": [19.47905, -4.59061, 11.41022],
				"cubes": [
					{"origin": [-4.5, 7, 3.7], "size": [5, 13, 1], "uv": [44, 16], "inflate": 0.2, "mirror": true}
				]
			},
			{
				"name": "bone10",
				"parent": "helmet",
				"pivot": [1, 19, 0],
				"rotation": [-11.57518, -4.75113, -22.01816],
				"cubes": [
					{"origin": [-1.06249, 7.2, 8.9], "size": [5, 4, 1], "uv": [32, 16], "inflate": 0.2}
				]
			},
			{
				"name": "bone11",
				"parent": "helmet",
				"pivot": [-1, 19, 0],
				"rotation": [-11.57518, 4.75113, 22.01816],
				"cubes": [
					{"origin": [-3.93751, 7.2, 8.9], "size": [5, 4, 1], "uv": [32, 16], "inflate": 0.2, "mirror": true}
				]
			},
			{
				"name": "armRight",
				"pivot": [-2, 17.5, 0],
				"rotation": [0, 0, 25],
				"cubes": [
					{"origin": [-4, 8.5, -1], "size": [2, 8, 2], "uv": [22, 16], "mirror": true},
					{"origin": [-4.5, 9, -1.5], "size": [3, 2, 3], "uv": [22, 26], "inflate": -0.2, "mirror": true}
				]
			},
			{
				"name": "b",
				"parent": "armRight",
				"pivot": [-2, 17.5, 0],
				"cubes": [
					{"origin": [-4, 13.1, -1], "size": [2, 1, 2], "uv": [0, 0], "inflate": 0.1, "mirror": true}
				]
			},
			{
				"name": "armRightPositioningBone",
				"parent": "armRight",
				"pivot": [-3, 8.5, 0]
			},
			{
				"name": "armLeft",
				"pivot": [2, 17.5, 0],
				"rotation": [0, 0, -25],
				"cubes": [
					{"origin": [2, 8.5, -1], "size": [2, 8, 2], "uv": [22, 16]},
					{"origin": [1.5, 9, -1.5], "size": [3, 2, 3], "uv": [22, 26], "inflate": -0.2}
				]
			},
			{
				"name": "a",
				"parent": "armLeft",
				"pivot": [2, 17.5, 0],
				"cubes": [
					{"origin": [2, 13.1, -1], "size": [2, 1, 2], "uv": [0, 0], "inflate": 0.1}
				]
			},
			{
				"name": "armLeftPositioningBone",
				"parent": "armLeft",
				"pivot": [3, 8.5, 0]
			},
			{
				"name": "body",
				"pivot": [0, 10.5, 0],
				"cubes": [
					{"origin": [-3, 8.999, -2.5], "size": [6, 9, 5], "uv": [0, 16], "inflate": -0.1},
					{"origin": [-3, 8.999, -2.5], "size": [6, 9, 5], "uv": [0, 30], "inflate": 0.3}
				]
			},
			{
				"name": "bone34",
				"parent": "body",
				"pivot": [-6, 11.5, 0],
				"rotation": [-12.5, 0, 42.5],
				"cubes": [
					{"origin": [-7.5, 17, -4.5], "size": [2, 2, 1], "uv": [0, 3]}
				]
			},
			{
				"name": "bone35",
				"parent": "body",
				"pivot": [6, 11.5, 0],
				"rotation": [-12.5, 0, -42.5],
				"cubes": [
					{"origin": [5.5, 17, -4.5], "size": [2, 2, 1], "uv": [0, 3], "mirror": true}
				]
			},
			{
				"name": "bone5",
				"parent": "body",
				"pivot": [0, 4.5, -1],
				"rotation": [-10, 0, 0],
				"cubes": [
					{"origin": [-0.7, 8.5, -4.8], "size": [1.4, 8, 0], "uv": [30, 16]}
				]
			},
			{
				"name": "legLeft",
				"pivot": [2, 9, 0],
				"cubes": [
					{"origin": [0.499, 0, -1.5], "size": [3, 9, 3], "uv": [22, 31]}
				]
			},
			{
				"name": "bone3",
				"parent": "legLeft",
				"pivot": [2, 10, 0],
				"rotation": [0, 0, -15],
				"cubes": [
					{"origin": [-0.3, 8.6, -2.5], "size": [4, 2, 5], "uv": [43, 37]}
				]
			},
			{
				"name": "legRight",
				"pivot": [-2, 9, 0],
				"cubes": [
					{"origin": [-3.499, 0, -1.5], "size": [3, 9, 3], "uv": [22, 31]}
				]
			},
			{
				"name": "bone4",
				"parent": "legRight",
				"pivot": [-2, 10, 0],
				"rotation": [0, 0, 15],
				"cubes": [
					{"origin": [-3.7, 8.6, -2.5], "size": [4, 2, 5], "uv": [43, 37], "mirror": true}
				]
			},
			{
				"name": "c",
				"parent": "legRight",
				"pivot": [-2, 9, 0],
				"cubes": [
					{"origin": [-3.5, 7.4, -1.5], "size": [3, 1, 3], "uv": [31, 40], "inflate": 0.1}
				]
			}
		]
	}
}