{
	"format_version": "1.10.0",
	"geometry.model": {
		"texturewidth": 64,
		"textureheight": 64,
		"visible_bounds_width": 4,
		"visible_bounds_height": 4,
		"visible_bounds_offset": [0, 1, 0],
		"bones": [
			{
				"name": "head",
				"pivot": [0, 18, 0],
				"cubes": [
					{"origin": [-4, 18, -4], "size": [8, 8, 8], "uv": [0, 0]},
					{"origin": [-4, 18, -4], "size": [8, 8, 8], "uv": [32, 0], "inflate": 0.3}
				]
			},
			{
				"name": "blink",
				"parent": "head",
				"pivot": [0, 18, 0],
				"cubes": [
					{"origin": [-4, 18, -4.001], "size": [8, 8, 0], "uv": [24, 0]}
				]
			},
			{
				"name": "hair",
				"parent": "head",
				"pivot": [0, 18, 0]
			},
			{
				"name": "bone8",
				"parent": "hair",
				"pivot": [2, 18, 0],
				"rotation": [31.97905, 4.59061, -11.41022],
				"cubes": [
					{"origin": [-0.5, 6, 4], "size": [5, 13, 1], "uv": [46, 16], "inflate": 0.2}
				]
			},
			{
				"name": "bone9",
				"parent": "hair",
				"pivot": [-2, 18, 0],
				"rotation": [31.97905, -4.59061, 11.41022],
				"cubes": [
					{"origin": [-4.5, 6, 4], "size": [5, 13, 1], "uv": [46, 16], "inflate": 0.2, "mirror": true}
				]
			},
			{
				"name": "bone10",
				"parent": "hair",
				"pivot": [-1, 12, -1],
				"rotation": [6.19636, 17.62636, -19.6427],
				"cubes": [
					{"origin": [-2.7, 3.5, 10.28056], "size": [5, 4, 1], "uv": [17, 16], "inflate": 0.2}
				]
			},
			{
				"name": "bone11",
				"parent": "hair",
				"pivot": [1, 12, -2],
				"rotation": [6.19636, -17.62636, 19.6427],
				"cubes": [
					{"origin": [-2, 3.5, 10.28056], "size": [5, 4, 1], "uv": [17, 16], "inflate": 0.2, "mirror": true}
				]
			},
			{
				"name": "bone",
				"parent": "head",
				"pivot": [0, 18, 0],
				"rotation": [-12.5, 0, 0],
				"cubes": [
					{"origin": [-4, 14, -4], "size": [1, 4, 1], "uv": [20, 11], "inflate": 0.01},
					{"origin": [3, 14, -4], "size": [1, 4, 1], "uv": [27, 11], "inflate": 0.01, "mirror": true}
				]
			},
			{
				"name": "bone2",
				"parent": "head",
				"pivot": [-1, 16, 1],
				"rotation": [7.5, 0, 17.5],
				"cubes": [
					{"origin": [-6.5, 6.5, 0.5], "size": [1, 15, 2], "uv": [58, 16]}
				]
			},
			{
				"name": "bone4",
				"parent": "bone2",
				"pivot": [-7, 23, 1],
				"rotation": [22.64791, 71.14103, 41.03888]
			},
			{
				"name": "bone25",
				"parent": "bone4",
				"pivot": [1, 10, -10],
				"rotation": [0, 0, -57.5],
				"cubes": [
					{"origin": [5.40013, 21.82431, 1.53093], "size": [2, 1, 0], "uv": [4, 5]}
				]
			},
			{
				"name": "bone26",
				"parent": "bone4",
				"pivot": [1, 9, -10],
				"rotation": [0, -10, 80],
				"cubes": [
					{"origin": [-10.41196, 3.93048, 3.81909], "size": [3, 1, 0], "uv": [2, 7], "mirror": true}
				]
			},
			{
				"name": "bone27",
				"parent": "bone4",
				"pivot": [1, 10, -10],
				"rotation": [0, 0, 57.5],
				"cubes": [
					{"origin": [-12.99866, 9.89701, 1.52093], "size": [2, 1, 0], "uv": [4, 5], "mirror": true}
				]
			},
			{
				"name": "bone28",
				"parent": "bone4",
				"pivot": [1, 9, -10],
				"rotation": [0, 10, -80],
				"cubes": [
					{"origin": [6.99352, 17.8577, 3.49266], "size": [3, 1, 0], "uv": [2, 7]}
				]
			},
			{
				"name": "bone3",
				"parent": "head",
				"pivot": [1, 16, 1],
				"rotation": [7.5, 0, -17.5],
				"cubes": [
					{"origin": [5.5, 6.5, 0.5], "size": [1, 15, 2], "uv": [58, 16], "mirror": true}
				]
			},
			{
				"name": "bone29",
				"parent": "head",
				"pivot": [1, 16, 1],
				"rotation": [7.5, 0, -17.5]
			},
			{
				"name": "bone30",
				"parent": "bone29",
				"pivot": [7, 23, 1],
				"rotation": [22.64791, -71.14103, -41.03888]
			},
			{
				"name": "bone31",
				"parent": "bone30",
				"pivot": [-1, 10, -10],
				"rotation": [0, 0, 57.5],
				"cubes": [
					{"origin": [-7.40013, 21.82431, 1.53093], "size": [2, 1, 0], "uv": [4, 5], "mirror": true}
				]
			},
			{
				"name": "bone32",
				"parent": "head",
				"pivot": [1, 16, 1],
				"rotation": [7.5, 0, -17.5]
			},
			{
				"name": "bone33",
				"parent": "bone32",
				"pivot": [7, 23, 1],
				"rotation": [22.64791, -71.14103, -41.03888]
			},
			{
				"name": "bone34",
				"parent": "bone33",
				"pivot": [-1, 9, -10],
				"rotation": [0, 10, -80],
				"cubes": [
					{"origin": [7.41196, 3.93048, 3.81909], "size": [3, 1, 0], "uv": [2, 7]}
				]
			},
			{
				"name": "bone35",
				"parent": "head",
				"pivot": [1, 16, 1],
				"rotation": [7.5, 0, -17.5]
			},
			{
				"name": "bone36",
				"parent": "bone35",
				"pivot": [7, 23, 1],
				"rotation": [22.64791, -71.14103, -41.03888]
			},
			{
				"name": "bone37",
				"parent": "bone36",
				"pivot": [-1, 10, -10],
				"rotation": [0, 0, -57.5],
				"cubes": [
					{"origin": [10.99866, 9.89701, 1.52093], "size": [2, 1, 0], "uv": [4, 5]}
				]
			},
			{
				"name": "bone75",
				"parent": "head",
				"pivot": [1, 16, 1],
				"rotation": [7.5, 0, -17.5]
			},
			{
				"name": "bone76",
				"parent": "bone75",
				"pivot": [7, 23, 1],
				"rotation": [22.64791, -71.14103, -41.03888]
			},
			{
				"name": "bone77",
				"parent": "bone76",
				"pivot": [-1, 9, -10],
				"rotation": [0, -10, 80],
				"cubes": [
					{"origin": [-9.99352, 17.8577, 3.49266], "size": [3, 1, 0], "uv": [2, 7], "mirror": true}
				]
			},
			{
				"name": "armRight",
				"pivot": [-2, 17.5, 0],
				"rotation": [0, 0, 25],
				"cubes": [
					{"origin": [-4, 8.5, -1], "size": [2, 8, 2], "uv": [12, 44], "mirror": true},
					{"origin": [-4.5, 9.5, -1.5], "size": [3, 6, 3], "uv": [50, 43], "inflate": -0.1}
				]
			},
			{
				"name": "i",
				"parent": "armRight",
				"pivot": [-2, 17.5, 0],
				"cubes": [
					{"origin": [-4.5, 13, -1.5], "size": [3, 2, 4], "uv": [21, 43], "inflate": 0.2}
				]
			},
			{
				"name": "bone5",
				"parent": "i",
				"pivot": [-2, 16.5, -1],
				"rotation": [20, 0, 0],
				"cubes": [
					{"origin": [-4.5, 6.5, -2.5], "size": [3, 7, 4], "uv": [35, 43], "inflate": 0.201}
				]
			},
			{
				"name": "armRightPositioningBone",
				"parent": "armRight",
				"pivot": [-3, 8.5, 0]
			},
			{
				"name": "armLeft",
				"pivot": [2, 17.5, 0],
				"rotation": [0, 0, -25],
				"cubes": [
					{"origin": [2, 8.5, -1], "size": [2, 8, 2], "uv": [12, 44]},
					{"origin": [1.5, 9.5, -1.5], "size": [3, 6, 3], "uv": [50, 43], "inflate": -0.1}
				]
			},
			{
				"name": "h",
				"parent": "armLeft",
				"pivot": [2, 17.5, 0],
				"cubes": [
					{"origin": [1.5, 13, -1.5], "size": [3, 2, 4], "uv": [21, 43], "inflate": 0.2}
				]
			},
			{
				"name": "bone6",
				"parent": "h",
				"pivot": [2, 16.5, -1],
				"rotation": [20, 0, 0],
				"cubes": [
					{"origin": [1.5, 6.5, -2.5], "size": [3, 7, 4], "uv": [35, 43], "inflate": 0.201, "mirror": true}
				]
			},
			{
				"name": "armLeftPositioningBone",
				"parent": "armLeft",
				"pivot": [3, 8.5, 0]
			},
			{
				"name": "body",
				"pivot": [0, 10.5, 0],
				"cubes": [
					{"origin": [-3, 8.999, -2.5], "size": [6, 9, 5], "uv": [0, 16], "inflate": -0.1},
					{"origin": [-3, 8.999, -2.5], "size": [6, 9, 5], "uv": [0, 30], "inflate": 0.3}
				]
			},
			{
				"name": "bone7",
				"parent": "body",
				"pivot": [0, 10.5, 1],
				"rotation": [-10, 0, 0]
			},
			{
				"name": "n",
				"parent": "bone7",
				"pivot": [0, 10.5, 1]
			},
			{
				"name": "m",
				"parent": "n",
				"pivot": [0, 16.5, 1],
				"rotation": [50, 0, 0],
				"cubes": [
					{"origin": [-5, 3.2, 1.2], "size": [10, 13, 0], "uv": [29, 30]}
				]
			},
			{
				"name": "sittingRotationSkirt",
				"parent": "body",
				"pivot": [0, 10.5, 0]
			},
			{
				"name": "bone38",
				"parent": "sittingRotationSkirt",
				"pivot": [0, 15.5, 0]
			},
			{
				"name": "bone39",
				"parent": "bone38",
				"pivot": [0, 5, 0]
			},
			{
				"name": "bone40",
				"parent": "bone39",
				"pivot": [0, 5, 6.91688],
				"rotation": [45, 0, 0]
			},
			{
				"name": "bone41",
				"parent": "bone40",
				"pivot": [0, 5, 6.91688],
				"rotation": [0, -45, 0],
				"cubes": [
					{"origin": [-1.5, 5, 5.41688], "size": [3, 10, 3], "uv": [49, 30]}
				]
			},
			{
				"name": "bone42",
				"parent": "bone38",
				"pivot": [0, 5, 0],
				"rotation": [0, -30, 0]
			},
			{
				"name": "bone43",
				"parent": "bone42",
				"pivot": [0, 5, 7.91688],
				"rotation": [45, 0, 0]
			},
			{
				"name": "bone44",
				"parent": "bone43",
				"pivot": [0, 5, 7.91688],
				"rotation": [0, -45, 0],
				"cubes": [
					{"origin": [-1.5, 5, 6.41688], "size": [3, 10, 3], "uv": [49, 30]}
				]
			},
			{
				"name": "bone45",
				"parent": "bone38",
				"pivot": [0, 5, 0],
				"rotation": [0, -60, 0]
			},
			{
				"name": "bone46",
				"parent": "bone45",
				"pivot": [0, 5, 7.91688],
				"rotation": [45, 0, 0]
			},
			{
				"name": "bone47",
				"parent": "bone46",
				"pivot": [0, 5, 7.91688],
				"rotation": [0, -45, 0],
				"cubes": [
					{"origin": [-1.5, 5, 6.41688], "size": [3, 10, 3], "uv": [49, 30]}
				]
			},
			{
				"name": "bone48",
				"parent": "bone38",
				"pivot": [0, 5, 0],
				"rotation": [0, -90, 0]
			},
			{
				"name": "bone49",
				"parent": "bone48",
				"pivot": [0, 5, 7.91688],
				"rotation": [45, 0, 0]
			},
			{
				"name": "bone50",
				"parent": "bone49",
				"pivot": [0, 5, 7.91688],
				"rotation": [0, -45, 0],
				"cubes": [
					{"origin": [-1.5, 5, 6.41688], "size": [3, 10, 3], "uv": [49, 30]}
				]
			},
			{
				"name": "bone51",
				"parent": "bone38",
				"pivot": [0, 5, 0],
				"rotation": [0, -120, 0]
			},
			{
				"name": "bone52",
				"parent": "bone51",
				"pivot": [0, 5, 7.91688],
				"rotation": [45, 0, 0]
			},
			{
				"name": "bone53",
				"parent": "bone52",
				"pivot": [0, 5, 7.91688],
				"rotation": [0, -45, 0],
				"cubes": [
					{"origin": [-1.5, 5, 6.41688], "size": [3, 10, 3], "uv": [49, 30]}
				]
			},
			{
				"name": "bone54",
				"parent": "bone38",
				"pivot": [0, 5, 0],
				"rotation": [0, -150, 0]
			},
			{
				"name": "bone55",
				"parent": "bone54",
				"pivot": [0, 5, 7.91688],
				"rotation": [45, 0, 0]
			},
			{
				"name": "bone56",
				"parent": "bone55",
				"pivot": [0, 5, 7.91688],
				"rotation": [0, -45, 0],
				"cubes": [
					{"origin": [-1.5, 5, 6.41688], "size": [3, 10, 3], "uv": [49, 30]}
				]
			},
			{
				"name": "bone57",
				"parent": "bone38",
				"pivot": [0, 5, 0],
				"rotation": [0, -180, 0]
			},
			{
				"name": "bone58",
				"parent": "bone57",
				"pivot": [0, 5, 6.91688],
				"rotation": [45, 0, 0]
			},
			{
				"name": "bone59",
				"parent": "bone58",
				"pivot": [0, 5, 6.91688],
				"rotation": [0, -45, 0],
				"cubes": [
					{"origin": [-1.5, 5, 5.41688], "size": [3, 10, 3], "uv": [49, 30]}
				]
			},
			{
				"name": "bone60",
				"parent": "bone38",
				"pivot": [0, 5, 0],
				"rotation": [0, -210, 0]
			},
			{
				"name": "bone61",
				"parent": "bone60",
				"pivot": [0, 5, 7.91688],
				"rotation": [45, 0, 0]
			},
			{
				"name": "bone62",
				"parent": "bone61",
				"pivot": [0, 5, 7.91688],
				"rotation": [0, -45, 0],
				"cubes": [
					{"origin": [-1.5, 5, 6.41688], "size": [3, 10, 3], "uv": [49, 30]}
				]
			},
			{
				"name": "bone63",
				"parent": "bone38",
				"pivot": [0, 5, 0],
				"rotation": [0, -240, 0]
			},
			{
				"name": "bone64",
				"parent": "bone63",
				"pivot": [0, 5, 7.91688],
				"rotation": [45, 0, 0]
			},
			{
				"name": "bone65",
				"parent": "bone64",
				"pivot": [0, 5, 7.91688],
				"rotation": [0, -45, 0],
				"cubes": [
					{"origin": [-1.5, 5, 6.41688], "size": [3, 10, 3], "uv": [49, 30]}
				]
			},
			{
				"name": "bone66",
				"parent": "bone38",
				"pivot": [0, 5, 0],
				"rotation": [0, -270, 0]
			},
			{
				"name": "bone67",
				"parent": "bone66",
				"pivot": [0, 5, 7.91688],
				"rotation": [45, 0, 0]
			},
			{
				"name": "bone68",
				"parent": "bone67",
				"pivot": [0, 5, 7.91688],
				"rotation": [0, -45, 0],
				"cubes": [
					{"origin": [-1.5, 5, 6.41688], "size": [3, 10, 3], "uv": [49, 30]}
				]
			},
			{
				"name": "bone69",
				"parent": "bone38",
				"pivot": [0, 5, 0],
				"rotation": [0, -300, 0]
			},
			{
				"name": "bone70",
				"parent": "bone69",
				"pivot": [0, 5, 7.91688],
				"rotation": [45, 0, 0]
			},
			{
				"name": "bone71",
				"parent": "bone70",
				"pivot": [0, 5, 7.91688],
				"rotation": [0, -45, 0],
				"cubes": [
					{"origin": [-1.5, 5, 6.41688], "size": [3, 10, 3], "uv": [49, 30]}
				]
			},
			{
				"name": "bone72",
				"parent": "bone38",
				"pivot": [0, 5, 0],
				"rotation": [0, -330, 0]
			},
			{
				"name": "bone73",
				"parent": "bone72",
				"pivot": [0, 5, 7.91688],
				"rotation": [45, 0, 0]
			},
			{
				"name": "bone74",
				"parent": "bone73",
				"pivot": [0, 5, 7.91688],
				"rotation": [0, -45, 0],
				"cubes": [
					{"origin": [-1.5, 5, 6.41688], "size": [3, 10, 3], "uv": [49, 30]}
				]
			},
			{
				"name": "bone79",
				"parent": "sittingRotationSkirt",
				"pivot": [0, 18.5, 0]
			},
			{
				"name": "bone84",
				"parent": "bone79",
				"pivot": [0, 7, 0],
				"rotation": [0, -60, -7.5]
			},
			{
				"name": "bone85",
				"parent": "bone84",
				"pivot": [0, 7, -8.1715],
				"rotation": [-37.44146, 0, 0]
			},
			{
				"name": "bone86",
				"parent": "bone85",
				"pivot": [0, 5.34404, -8.1715],
				"rotation": [0, 0, -19.34109],
				"cubes": [
					{"origin": [0, 4.34404, -8.171], "size": [5, 9, 5], "uv": [24, 16]}
				]
			},
			{
				"name": "bone87",
				"parent": "bone85",
				"pivot": [0, 5.34404, -8.1715],
				"rotation": [0, 0, 19.34109],
				"cubes": [
					{"origin": [-5, 4.34404, -8.1715], "size": [5, 9, 5], "uv": [24, 16]}
				]
			},
			{
				"name": "bone88",
				"parent": "bone79",
				"pivot": [0, 7, 0],
				"rotation": [0, -120, -7.5]
			},
			{
				"name": "bone89",
				"parent": "bone88",
				"pivot": [0, 7, -8.1715],
				"rotation": [-37.44146, 0, 0]
			},
			{
				"name": "bone90",
				"parent": "bone89",
				"pivot": [0, 5.34404, -8.1715],
				"rotation": [0, 0, -19.34109],
				"cubes": [
					{"origin": [0, 4.34404, -8.171], "size": [5, 9, 5], "uv": [24, 16]}
				]
			},
			{
				"name": "bone91",
				"parent": "bone89",
				"pivot": [0, 5.34404, -8.1715],
				"rotation": [0, 0, 19.34109],
				"cubes": [
					{"origin": [-5, 4.34404, -8.1715], "size": [5, 9, 5], "uv": [24, 16]}
				]
			},
			{
				"name": "bone92",
				"parent": "bone79",
				"pivot": [0, 7, 0],
				"rotation": [-7.5, -180, 0]
			},
			{
				"name": "bone93",
				"parent": "bone92",
				"pivot": [0, 7, -8.1715],
				"rotation": [-37.44146, 0, 0]
			},
			{
				"name": "bone94",
				"parent": "bone93",
				"pivot": [0, 5.34404, -8.1715],
				"rotation": [0, 0, -19.34109],
				"cubes": [
					{"origin": [0, 4.34404, -8.172], "size": [5, 9, 5], "uv": [24, 16]}
				]
			},
			{
				"name": "bone95",
				"parent": "bone93",
				"pivot": [0, 5.34404, -8.1715],
				"rotation": [0, 0, 19.34109],
				"cubes": [
					{"origin": [-5, 4.34404, -8.1715], "size": [5, 9, 5], "uv": [24, 16]}
				]
			},
			{
				"name": "bone96",
				"parent": "bone79",
				"pivot": [0, 7, 0],
				"rotation": [-7.5, -240, 0]
			},
			{
				"name": "bone97",
				"parent": "bone96",
				"pivot": [0, 7, -8.1715],
				"rotation": [-37.44146, 0, 0]
			},
			{
				"name": "bone98",
				"parent": "bone97",
				"pivot": [0, 5.34404, -8.1715],
				"rotation": [0, 0, -19.34109],
				"cubes": [
					{"origin": [0, 4.34404, -8.1715], "size": [5, 9, 5], "uv": [24, 16]}
				]
			},
			{
				"name": "bone99",
				"parent": "bone97",
				"pivot": [0, 5.34404, -8.1715],
				"rotation": [0, 0, 19.34109],
				"cubes": [
					{"origin": [-5, 4.34404, -8.171], "size": [5, 9, 5], "uv": [24, 16]}
				]
			},
			{
				"name": "bone100",
				"parent": "bone79",
				"pivot": [0, 7, 0],
				"rotation": [0, -300, 7.5]
			},
			{
				"name": "bone101",
				"parent": "bone100",
				"pivot": [0, 7, -8.1715],
				"rotation": [-37.44146, 0, 0]
			},
			{
				"name": "bone102",
				"parent": "bone101",
				"pivot": [0, 5.34404, -8.1715],
				"rotation": [0, 0, -19.34109],
				"cubes": [
					{"origin": [0, 4.34404, -8.1715], "size": [5, 9, 5], "uv": [24, 16]}
				]
			},
			{
				"name": "bone103",
				"parent": "bone101",
				"pivot": [0, 5.34404, -8.1715],
				"rotation": [0, 0, 19.34109],
				"cubes": [
					{"origin": [-5, 4.34404, -8.171], "size": [5, 9, 5], "uv": [24, 16]}
				]
			},
			{
				"name": "bone20",
				"parent": "body",
				"pivot": [0, 16, -3],
				"rotation": [-37.5, 0, 0]
			},
			{
				"name": "bone21",
				"parent": "bone20",
				"pivot": [0, 16, -3],
				"rotation": [0, 0, -57.5],
				"cubes": [
					{"origin": [-1, 16, -4], "size": [2, 1, 0], "uv": [4, 5]}
				]
			},
			{
				"name": "bone22",
				"parent": "bone20",
				"pivot": [0, 15, -3],
				"rotation": [0, -10, 80],
				"cubes": [
					{"origin": [-1.8, 15, -3.6], "size": [3, 1, 0], "uv": [2, 7], "mirror": true}
				]
			},
			{
				"name": "bone23",
				"parent": "bone20",
				"pivot": [0, 16, -3],
				"rotation": [0, 0, 57.5],
				"cubes": [
					{"origin": [-1, 16, -4.01], "size": [2, 1, 0], "uv": [4, 5], "mirror": true}
				]
			},
			{
				"name": "bone24",
				"parent": "bone20",
				"pivot": [0, 15, -3],
				"rotation": [0, 10, -80],
				"cubes": [
					{"origin": [-1.2, 15, -3.5], "size": [3, 1, 0], "uv": [2, 7]}
				]
			},
			{
				"name": "legLeft",
				"pivot": [2, 9, 0],
				"cubes": [
					{"origin": [0.499, 0, -1.5], "size": [3, 9, 3], "uv": [0, 44]}
				]
			},
			{
				"name": "legRight",
				"pivot": [-2, 9, 0],
				"cubes": [
					{"origin": [-3.499, 0, -1.5], "size": [3, 9, 3], "uv": [0, 44]}
				]
			}
		]
	}
}