{
	"format_version": "1.10.0",
	"geometry.model": {
		"texturewidth": 108,
		"textureheight": 54,
		"visible_bounds_width": 4,
		"visible_bounds_height": 4,
		"visible_bounds_offset": [0, 1, 0],
		"bones": [
			{
				"name": "head",
				"pivot": [0, 18, 0],
				"cubes": [
					{"origin": [-4, 18, -4], "size": [8, 8, 8], "uv": [0, 0]},
					{"origin": [-4, 18, -4], "size": [8, 8, 8], "uv": [32, 0], "inflate": 0.3}
				]
			},
			{
				"name": "bone8",
				"parent": "head",
				"pivot": [-4, 21, -4],
				"rotation": [-20.36057, -22.52101, 44.09531],
				"cubes": [
					{"origin": [-1, 28, -5], "size": [2, 4, 1], "uv": [24, 0]}
				]
			},
			{
				"name": "bone9",
				"parent": "head",
				"pivot": [4, 21, -4],
				"rotation": [-20.36057, 22.52101, -44.09531],
				"cubes": [
					{"origin": [-1, 28, -5], "size": [2, 4, 1], "uv": [24, 0], "mirror": true}
				]
			},
			{
				"name": "bone10",
				"parent": "head",
				"pivot": [0, 18, -6],
				"rotation": [-30.27094, -41.81734, 4.57077],
				"cubes": [
					{"origin": [6.5, 15.5, -8.8], "size": [2, 11, 2], "uv": [64, 5]}
				]
			},
			{
				"name": "bone11",
				"parent": "head",
				"pivot": [0, 18, -6],
				"rotation": [-30.27094, 41.81734, -4.57077],
				"cubes": [
					{"origin": [-8.5, 15.5, -8.8], "size": [2, 11, 2], "uv": [64, 5], "mirror": true}
				]
			},
			{
				"name": "bone12",
				"parent": "head",
				"pivot": [1, 18, -1],
				"rotation": [-39.56869, 6.40865, 20.19263],
				"cubes": [
					{"origin": [5.4, 13.17991, -3.4], "size": [3, 5, 2], "uv": [57, 23]}
				]
			},
			{
				"name": "bone13",
				"parent": "head",
				"pivot": [-1, 18, -1],
				"rotation": [-39.56869, -6.40865, -20.19263],
				"cubes": [
					{"origin": [-8.4, 13.17991, -3.4], "size": [3, 5, 2], "uv": [57, 23], "mirror": true}
				]
			},
			{
				"name": "bone16",
				"parent": "head",
				"pivot": [3, 18, -5],
				"rotation": [-27.14233, -4.59902, -18.88927],
				"cubes": [
					{"origin": [5.5, 25, -6], "size": [2, 2, 2], "uv": [0, 0]}
				]
			},
			{
				"name": "bone17",
				"parent": "head",
				"pivot": [-3, 18, -5],
				"rotation": [-27.14233, 4.59902, 18.88927],
				"cubes": [
					{"origin": [-7.5, 25, -6], "size": [2, 2, 2], "uv": [0, 0], "mirror": true}
				]
			},
			{
				"name": "helmet",
				"parent": "head",
				"pivot": [0, 18, 0],
				"cubes": [
					{"origin": [-3, 17.8, -4.25], "size": [6, 3, 2], "uv": [56, 0]}
				]
			},
			{
				"name": "armRight",
				"pivot": [-2, 17.5, 0],
				"rotation": [0, 0, 25],
				"cubes": [
					{"origin": [-4, 8.5, -1], "size": [2, 8, 2], "uv": [42, 18]},
					{"origin": [-4.5, 9, -1.5], "size": [3, 3, 3], "uv": [54, 17], "mirror": true}
				]
			},
			{
				"name": "bone14",
				"parent": "armRight",
				"pivot": [0, 15.5, 0],
				"rotation": [0, 0, 30],
				"cubes": [
					{"origin": [-4, 11.5, -3], "size": [4, 6, 6], "uv": [49, 30], "inflate": -0.04}
				]
			},
			{
				"name": "armRightPositioningBone",
				"parent": "armRight",
				"pivot": [-3, 8.5, 0]
			},
			{
				"name": "armLeft",
				"pivot": [2, 17.5, 0],
				"rotation": [0, 0, -25],
				"cubes": [
					{"origin": [2, 8.5, -1], "size": [2, 8, 2], "uv": [42, 18]},
					{"origin": [1.5, 9, -1.5], "size": [3, 3, 3], "uv": [54, 17]}
				]
			},
			{
				"name": "bone15",
				"parent": "armLeft",
				"pivot": [0, 15.5, 0],
				"rotation": [0, 0, -30],
				"cubes": [
					{"origin": [0, 11.5, -3], "size": [4, 6, 6], "uv": [49, 30], "inflate": -0.03, "mirror": true}
				]
			},
			{
				"name": "armLeftPositioningBone",
				"parent": "armLeft",
				"pivot": [3, 8.5, 0]
			},
			{
				"name": "body",
				"pivot": [0, 10.5, 0],
				"cubes": [
					{"origin": [-3, 8.999, -2.5], "size": [6, 9, 5], "uv": [12, 16]},
					{"origin": [-3, 8.999, -2.5], "size": [6, 9, 5], "uv": [12, 30], "inflate": 0.471}
				]
			},
			{
				"name": "h",
				"parent": "body",
				"pivot": [0, 10.5, 0]
			},
			{
				"name": "bone6",
				"parent": "h",
				"pivot": [0, 13.5, 4],
				"rotation": [27.5, 0, 0],
				"cubes": [
					{"origin": [-7, 8.5, 3], "size": [14, 9, 0], "uv": [72, 0]},
					{"origin": [-7, 8.5, 3.01], "size": [14, 9, 0], "uv": [72, 9]}
				]
			},
			{
				"name": "bone7",
				"parent": "bone6",
				"pivot": [0, 6.5, 4],
				"rotation": [30, 0, 0],
				"cubes": [
					{"origin": [-7, 0.72705, 4.13], "size": [14, 8, 0], "uv": [72, 26]},
					{"origin": [-7, 0.72705, 4.15], "size": [14, 8, 0], "uv": [72, 18]}
				]
			},
			{
				"name": "legLeft",
				"pivot": [2, 9, 0],
				"cubes": [
					{"origin": [0.499, 0, -1.5], "size": [3, 9, 3], "uv": [0, 16]}
				]
			},
			{
				"name": "bone4",
				"parent": "legLeft",
				"pivot": [3, 11, 0],
				"rotation": [0, 0, -15],
				"cubes": [
					{"origin": [-0.3, 9, -2.5], "size": [4, 3, 5], "uv": [29, 25], "inflate": 0.1}
				]
			},
			{
				"name": "legRight",
				"pivot": [-2, 9, 0],
				"cubes": [
					{"origin": [-3.499, 0, -1.5], "size": [3, 9, 3], "uv": [0, 28]}
				]
			},
			{
				"name": "bone5",
				"parent": "legRight",
				"pivot": [-3, 11, 0],
				"rotation": [0, 0, 15],
				"cubes": [
					{"origin": [-3.7, 9, -2.5], "size": [4, 3, 5], "uv": [29, 25], "inflate": 0.09, "mirror": true}
				]
			},
			{
				"name": "tail",
				"pivot": [0, 8, 4],
				"rotation": [-67.5, 0, 0],
				"cubes": [
					{"origin": [-0.5, 7, 1], "size": [1, 1, 6], "uv": [41, 29]}
				]
			},
			{
				"name": "bone",
				"parent": "tail",
				"pivot": [0, 8, 4],
				"rotation": [25, 0, 0],
				"cubes": [
					{"origin": [-0.5, 5.82584, 6.29631], "size": [1, 1, 5], "uv": [45, 23]}
				]
			},
			{
				"name": "bone2",
				"parent": "bone",
				"pivot": [0, 8, 9],
				"rotation": [30, 0, 0],
				"cubes": [
					{"origin": [-0.5, 4.96897, 9.90158], "size": [1, 1, 4], "uv": [30, 2]}
				]
			},
			{
				"name": "bone3",
				"parent": "bone2",
				"pivot": [4, 7, 10],
				"rotation": [24.7127, -43.65747, -17.40744],
				"cubes": [
					{"origin": [3.5, 3.7, 15], "size": [2, 1, 2], "uv": [24, 5]}
				]
			}
		]
	}
}