{
	"format_version": "1.10.0",
	"geometry.model": {
		"texturewidth": 32,
		"textureheight": 32,
		"visible_bounds_width": 3,
		"visible_bounds_height": 2,
		"visible_bounds_offset": [0, 0, 0],
		"bones": [
			{
				"name": "bone2",
				"pivot": [0, 1, 0],
				"cubes": [
					{"origin": [-1.2, -0.4, -0.7], "size": [2, 2, 2], "uv": [6, 13], "inflate": -0.5},
					{"origin": [-0.2, -0.4, -0.7], "size": [2, 2, 2], "uv": [0, 11], "inflate": -0.5}
				]
			},
			{
				"name": "bone3",
				"parent": "bone2",
				"pivot": [0, 4, 3],
				"rotation": [4.90206, -0.34603, -0.6543],
				"cubes": [
					{"origin": [-0.97651, 3.5297, -2.51187], "size": [2, 3, 3], "uv": [18, 0], "inflate": -0.45},
					{"origin": [-1.46651, 3.5297, -1.51187], "size": [3, 3, 2], "uv": [1, 1], "inflate": -0.449}
				]
			},
			{
				"name": "bone5",
				"parent": "bone3",
				"pivot": [0.02349, 5.0297, -1.01187],
				"rotation": [0, -26, 0],
				"cubes": [
					{"origin": [-1.38351, 3.52921, -2.15236], "size": [2, 3, 2], "uv": [19, 6], "inflate": -0.449}
				]
			},
			{
				"name": "bone7",
				"parent": "bone3",
				"pivot": [-0.07651, 1.74421, -1.89509],
				"rotation": [0, -65, 0],
				"cubes": [
					{"origin": [-1.96574, 2.42421, -3.74509], "size": [4, 4, 4], "uv": [16, 24], "inflate": -1.15}
				]
			},
			{
				"name": "bone4",
				"parent": "bone3",
				"pivot": [-0.01574, 3.8297, -2.51187],
				"rotation": [10, 0, 0],
				"cubes": [
					{"origin": [-0.46574, 3.84421, -2.79448], "size": [1, 1, 2], "uv": [9, 0], "inflate": -0.33}
				]
			},
			{
				"name": "bone6",
				"parent": "bone3",
				"pivot": [-0.17651, 5.0297, -1.01187],
				"rotation": [0, 26, 0],
				"cubes": [
					{"origin": [-0.57177, 3.52821, -2.05592], "size": [2, 3, 2], "uv": [19, 6], "inflate": -0.449, "mirror": true}
				]
			},
			{
				"name": "bone8",
				"parent": "bone3",
				"pivot": [-1.07651, 1.74421, -0.89509],
				"rotation": [0, 65, 0],
				"cubes": [
					{"origin": [-2.96574, 2.42421, -2.05509], "size": [4, 4, 4], "uv": [16, 24], "inflate": -1.15}
				]
			},
			{
				"name": "bone",
				"parent": "bone2",
				"pivot": [0, 1, 0],
				"rotation": [-27.31808, -0.9714, 1.38863],
				"cubes": [
					{"origin": [-1, 1.5, -2], "size": [2, 2, 4], "uv": [-1, 5], "inflate": 0.1},
					{"origin": [-1.5, 2, -1.5], "size": [3, 2, 3.5], "uv": [9, 3]},
					{"origin": [-1, 1.61, 2], "size": [2, 2, 4], "uv": [16, 11]}
				]
			}
		]
	}
}