{
	"format_version": "1.10.0",
	"geometry.model": {
		"texturewidth": 96,
		"textureheight": 96,
		"visible_bounds_width": 5,
		"visible_bounds_height": 4,
		"visible_bounds_offset": [0, 1, 0],
		"bones": [
			{
				"name": "head",
				"pivot": [0, 18, 0],
				"cubes": [
					{"origin": [-4, 18, -4], "size": [8, 8, 8], "uv": [0, 0]},
					{"origin": [-4, 18, -4], "size": [8, 8, 8], "uv": [32, 0], "inflate": 0.3}
				]
			},
			{
				"name": "blink",
				"parent": "head",
				"pivot": [0, 18, 0],
				"cubes": [
					{"origin": [-4, 18, -4.001], "size": [8, 8, 0], "uv": [24, 0]}
				]
			},
			{
				"name": "bone56",
				"parent": "head",
				"pivot": [0, 18, 0],
				"rotation": [0, 180, 0]
			},
			{
				"name": "bone48",
				"parent": "bone56",
				"pivot": [0, 16, -1],
				"rotation": [12.5, 0, 0],
				"cubes": [
					{"origin": [3, 13.5, 3.5], "size": [1, 4, 1], "uv": [18, 11], "inflate": 0.01},
					{"origin": [-4, 13.5, 3.5], "size": [1, 4, 1], "uv": [18, 11], "inflate": 0.01, "mirror": true}
				]
			},
			{
				"name": "bone65",
				"parent": "bone48",
				"pivot": [0, 16, -1]
			},
			{
				"name": "bone5",
				"parent": "bone56",
				"pivot": [0, 20, -3],
				"rotation": [-7.5, 0, 0]
			},
			{
				"name": "bone53",
				"parent": "bone5",
				"pivot": [0, 18, -12],
				"rotation": [-17.5, 0, 37.5],
				"cubes": [
					{"origin": [-2.1395, 6.4, -5.2], "size": [6, 6, 1], "uv": [56, 0]}
				]
			},
			{
				"name": "bone51",
				"parent": "bone5",
				"pivot": [0, 15, 2],
				"rotation": [-20, 0, 17.5],
				"cubes": [
					{"origin": [-5.7, 7, -5], "size": [6, 10, 1], "uv": [56, 16]}
				]
			},
			{
				"name": "bone54",
				"parent": "bone5",
				"pivot": [0, 18, -12],
				"rotation": [-17.5, 0, -37.5],
				"cubes": [
					{"origin": [-3.8605, 6.4, -5.2], "size": [6, 6, 1], "uv": [56, 0], "mirror": true}
				]
			},
			{
				"name": "bone52",
				"parent": "bone5",
				"pivot": [0, 15, 2],
				"rotation": [-20, 0, -17.5],
				"cubes": [
					{"origin": [-0.3, 7, -5], "size": [6, 10, 1], "uv": [56, 16], "mirror": true}
				]
			},
			{
				"name": "bone3",
				"parent": "head",
				"pivot": [0, 15, -2],
				"rotation": [-12.5, 0, 0],
				"cubes": [
					{"origin": [-4, 18, -5.3], "size": [8, 8, 8], "uv": [0, 79], "inflate": 0.6}
				]
			},
			{
				"name": "bone4",
				"parent": "bone3",
				"pivot": [0, 22, 2],
				"rotation": [30, 0, 0],
				"cubes": [
					{"origin": [-1, 9.75396, 2.5], "size": [2, 12, 2], "uv": [70, 9]}
				]
			},
			{
				"name": "armRight",
				"pivot": [-2, 17.5, 0],
				"rotation": [0, 0, 25],
				"cubes": [
					{"origin": [-4, 8.5, -1], "size": [2, 8, 2], "uv": [38, 16]},
					{"origin": [-5, 8.5, -2], "size": [4, 7, 4], "uv": [0, 16], "inflate": -0.3}
				]
			},
			{
				"name": "armRightPositioningBone",
				"parent": "armRight",
				"pivot": [-3, 8.5, 0]
			},
			{
				"name": "armLeft",
				"pivot": [2, 17.5, 0],
				"rotation": [0, 0, -25],
				"cubes": [
					{"origin": [2, 8.5, -1], "size": [2, 8, 2], "uv": [38, 16]},
					{"origin": [1, 8.5, -2], "size": [4, 7, 4], "uv": [0, 16], "inflate": -0.3, "mirror": true}
				]
			},
			{
				"name": "armLeftPositioningBone",
				"parent": "armLeft",
				"pivot": [3, 8.5, 0]
			},
			{
				"name": "body",
				"pivot": [0, 10.5, 0],
				"cubes": [
					{"origin": [-3, 8.999, -2.5], "size": [6, 9, 5], "uv": [16, 16]},
					{"origin": [-3, 8.999, -2.5], "size": [6, 9, 5], "uv": [16, 30], "inflate": 0.3}
				]
			},
			{
				"name": "sittingRotationSkirt",
				"parent": "body",
				"pivot": [0, 10.5, 0]
			},
			{
				"name": "chestPlate",
				"parent": "sittingRotationSkirt",
				"pivot": [0, 10.5, 0]
			},
			{
				"name": "bone35",
				"parent": "chestPlate",
				"pivot": [0, 15.5, 0]
			},
			{
				"name": "bone36",
				"parent": "bone35",
				"pivot": [0, 5, 0],
				"rotation": [25, 0, 0],
				"cubes": [
					{"origin": [-2, 5, 7.4641], "size": [4, 1, 0], "uv": [13, 30]}
				]
			},
			{
				"name": "bone37",
				"parent": "bone35",
				"pivot": [0, 5, 0],
				"rotation": [25, -30, 0],
				"cubes": [
					{"origin": [-2, 5, 7.4641], "size": [4, 1, 0], "uv": [13, 30]}
				]
			},
			{
				"name": "bone38",
				"parent": "bone35",
				"pivot": [0, 5, 0],
				"rotation": [32.5, -60, 0],
				"cubes": [
					{"origin": [-2, 4, 7.4641], "size": [4, 9, 0], "uv": [0, 48]}
				]
			},
			{
				"name": "bone39",
				"parent": "bone35",
				"pivot": [0, 5, 0],
				"rotation": [25, -90, 0],
				"cubes": [
					{"origin": [-2, 5, 7.4641], "size": [4, 1, 0], "uv": [13, 30]}
				]
			},
			{
				"name": "bone40",
				"parent": "bone35",
				"pivot": [0, 5, 0],
				"rotation": [-147.5, -60, -180],
				"cubes": [
					{"origin": [-2, 4, 7.4641], "size": [4, 9, 0], "uv": [8, 48]}
				]
			},
			{
				"name": "bone41",
				"parent": "bone35",
				"pivot": [0, 5, 0],
				"rotation": [25, -150, 0],
				"cubes": [
					{"origin": [-2, 5, 7.4641], "size": [4, 1, 0], "uv": [13, 30]}
				]
			},
			{
				"name": "bone42",
				"parent": "bone35",
				"pivot": [0, 5, 0],
				"rotation": [25, -180, 0],
				"cubes": [
					{"origin": [-2, 5, 7.4641], "size": [4, 1, 0], "uv": [13, 30]}
				]
			},
			{
				"name": "bone43",
				"parent": "bone35",
				"pivot": [0, 5, 0],
				"rotation": [25, -210, 0],
				"cubes": [
					{"origin": [-2, 5, 7.4641], "size": [4, 1, 0], "uv": [13, 30]}
				]
			},
			{
				"name": "bone44",
				"parent": "bone35",
				"pivot": [0, 5, 0],
				"rotation": [-147.5, 60, 180],
				"cubes": [
					{"origin": [-2, 4, 7.4641], "size": [4, 9, 0], "uv": [8, 39]}
				]
			},
			{
				"name": "bone45",
				"parent": "bone35",
				"pivot": [0, 5, 0],
				"rotation": [25, -270, 0],
				"cubes": [
					{"origin": [-2, 5, 7.4641], "size": [4, 1, 0], "uv": [13, 30]}
				]
			},
			{
				"name": "bone46",
				"parent": "bone35",
				"pivot": [0, 5, 0],
				"rotation": [32.5, 60, 0],
				"cubes": [
					{"origin": [-2, 4, 7.4641], "size": [4, 9, 0], "uv": [0, 39]}
				]
			},
			{
				"name": "bone47",
				"parent": "bone35",
				"pivot": [0, 5, 0],
				"rotation": [25, -330, 0],
				"cubes": [
					{"origin": [-2, 5, 7.4641], "size": [4, 1, 0], "uv": [13, 30]}
				]
			},
			{
				"name": "ak47",
				"parent": "chestPlate",
				"pivot": [-5, 11, -3],
				"rotation": [74.08473, -19.291, -72.11848],
				"cubes": [
					{"origin": [-13, 11, -4], "size": [10, 2, 1], "uv": [0, 72]},
					{"origin": [-19, 11, -4], "size": [7, 1, 1], "uv": [22, 73], "inflate": -0.1},
					{"origin": [-17.5, 12, -4], "size": [6, 1, 1], "uv": [21, 71], "inflate": -0.2},
					{"origin": [-19, 10, -3.5], "size": [15, 4, 0], "uv": [0, 75]}
				]
			},
			{
				"name": "bone57",
				"parent": "ak47",
				"pivot": [-5, 12, -3],
				"rotation": [0, 0, 20],
				"cubes": [
					{"origin": [-2.2, 11.74435, -4], "size": [4, 2, 1], "uv": [0, 69]},
					{"origin": [-4, 11.7, -4], "size": [2, 1, 1], "uv": [10, 70], "inflate": -0.1}
				]
			},
			{
				"name": "bone58",
				"parent": "ak47",
				"pivot": [-4, 7, -3],
				"rotation": [0, 0, 27.5],
				"cubes": [
					{"origin": [-11, 4, -4], "size": [2, 5, 1], "uv": [0, 63], "inflate": -0.05}
				]
			},
			{
				"name": "bone59",
				"parent": "ak47",
				"pivot": [-4, 9, -3],
				"rotation": [0, 0, -12.5],
				"cubes": [
					{"origin": [-5, 9.2, -4], "size": [2, 2, 1], "uv": [30, 76], "inflate": -0.05}
				]
			},
			{
				"name": "ithaca37",
				"parent": "chestPlate",
				"pivot": [4, 9, -4],
				"rotation": [113.72913, -22.84789, -107.48846],
				"cubes": [
					{"origin": [1, 9, -5], "size": [4, 2, 1], "uv": [48, 76]},
					{"origin": [-6, 9, -5], "size": [8, 1, 1], "uv": [9, 68], "inflate": -0.2},
					{"origin": [-8, 10, -5], "size": [10, 1, 1], "uv": [58, 77], "inflate": -0.1},
					{"origin": [-2, 9, -5], "size": [3, 1, 1], "uv": [43, 74]},
					{"origin": [3, 8, -4.5], "size": [2, 1, 0], "uv": [31, 75]}
				]
			},
			{
				"name": "bone60",
				"parent": "ithaca37",
				"pivot": [7, 8, -4],
				"rotation": [0, 0, 12.5],
				"cubes": [
					{"origin": [6, 8, -5], "size": [5, 2, 1], "uv": [36, 76]},
					{"origin": [4, 8.6, -5], "size": [2, 1, 1], "uv": [16, 70], "inflate": 0.1}
				]
			},
			{
				"name": "m21",
				"parent": "chestPlate",
				"pivot": [4, 12, 2],
				"rotation": [-133.88176, 27.23648, -131.64105],
				"cubes": [
					{"origin": [-11, 12, 1], "size": [16, 2, 1], "uv": [0, 60]},
					{"origin": [-12, 12, 1], "size": [2, 1, 1], "uv": [37, 74], "inflate": -0.3},
					{"origin": [-17, 13, 1], "size": [7, 1, 1], "uv": [50, 60], "inflate": -0.1},
					{"origin": [6, 11, 1], "size": [6, 3, 1], "uv": [37, 70]},
					{"origin": [0, 10, 1.5], "size": [6, 4, 0], "uv": [57, 73]}
				]
			},
			{
				"name": "cz75",
				"parent": "chestPlate",
				"pivot": [-2, 9, -6],
				"rotation": [94.94622, 16.98708, 98.62394],
				"cubes": [
					{"origin": [-4, 9, -7], "size": [7, 2, 1], "uv": [44, 46], "inflate": -0.2},
					{"origin": [-2, 8.3, -6.5], "size": [2, 1, 0], "uv": [24, 70]}
				]
			},
			{
				"name": "bone63",
				"parent": "cz75",
				"pivot": [-3, 8, -6],
				"rotation": [0, 0, 17.5],
				"cubes": [
					{"origin": [-4, 6.5, -7], "size": [2, 3, 1], "uv": [60, 47], "inflate": -0.09}
				]
			},
			{
				"name": "dao",
				"parent": "chestPlate",
				"pivot": [13, -3, 20],
				"rotation": [119.24861, 38.3028, 98.47284],
				"cubes": [
					{"origin": [12.5, -3, 19], "size": [1.5, 22, 0], "uv": [70, 51]},
					{"origin": [11.7, 19, 18.5], "size": [3, 2, 1], "uv": [51, 70]},
					{"origin": [12.2, 20, 18.5], "size": [2, 5, 1], "uv": [72, 59], "inflate": -0.2}
				]
			},
			{
				"name": "bone64",
				"parent": "dao",
				"pivot": [15, 21, 18],
				"rotation": [0, 0, 22.5],
				"cubes": [
					{"origin": [12.3, 17, 17], "size": [4, 1, 4], "uv": [46, 41]},
					{"origin": [13.3, 15, 17], "size": [4, 1, 4], "uv": [46, 36]}
				]
			},
			{
				"name": "xiaodao",
				"parent": "chestPlate",
				"pivot": [3, 3, -7],
				"rotation": [-63.0391, 73.26807, -64.02788],
				"cubes": [
					{"origin": [2, 3, -8], "size": [2, 6, 0], "uv": [74, 53]},
					{"origin": [1, 8, -8.5], "size": [4, 2, 1], "uv": [46, 30]},
					{"origin": [2, 9, -8.5], "size": [2, 4, 1], "uv": [0, 0], "inflate": -0.2}
				]
			},
			{
				"name": "sword",
				"parent": "chestPlate",
				"pivot": [-8, -10, 24],
				"rotation": [72.8577, -47.72648, -54.87094],
				"cubes": [
					{"origin": [-9, -10, 23], "size": [2, 27, 0], "uv": [74, 26]},
					{"origin": [-10, 17, 22.5], "size": [4, 2, 1], "uv": [58, 42]},
					{"origin": [-9, 18, 22.5], "size": [2, 9, 1], "uv": [38, 43], "inflate": -0.2}
				]
			},
			{
				"name": "QJZ171",
				"parent": "chestPlate",
				"pivot": [-9, 7, 9],
				"rotation": [-32.09971, 32.55744, -60.72205],
				"cubes": [
					{"origin": [-21, 7, 8], "size": [5, 2, 1], "uv": [38, 59]},
					{"origin": [-16, 6, 8], "size": [13, 3, 1], "uv": [6, 64], "inflate": 0.2},
					{"origin": [-3, 7.5, 8], "size": [3, 1, 1], "uv": [27, 68]},
					{"origin": [-1, 5, 7.5], "size": [6, 4, 2], "uv": [44, 49]},
					{"origin": [-34, 8, 8], "size": [13, 1, 1], "uv": [0, 58], "inflate": -0.1},
					{"origin": [-26, 7, 8], "size": [5, 1, 1], "uv": [51, 58], "inflate": -0.1},
					{"origin": [-15, 3, 8.5], "size": [13, 8, 0], "uv": [35, 62]}
				]
			},
			{
				"name": "ump45",
				"parent": "chestPlate",
				"pivot": [5, 9, -1],
				"rotation": [174.0523, -7.30111, -113.97594],
				"cubes": [
					{"origin": [0, 8, -2], "size": [6, 3, 1], "uv": [38, 55]},
					{"origin": [-4, 9, -2], "size": [6, 2, 1], "uv": [53, 55], "inflate": -0.1},
					{"origin": [-5.5, 9.2, -2], "size": [2, 1, 1], "uv": [51, 74], "inflate": -0.2},
					{"origin": [7, 7.5, -2], "size": [4, 3, 1], "uv": [60, 51]},
					{"origin": [5, 8.5, -2], "size": [2, 3, 1], "uv": [72, 73], "inflate": 0.1},
					{"origin": [3, 7, -1.5], "size": [2, 2, 0], "uv": [74, 71]}
				]
			},
			{
				"name": "bone61",
				"parent": "ump45",
				"pivot": [4, 10, -1],
				"rotation": [0, 0, -32.5],
				"cubes": [
					{"origin": [3, 4, -2], "size": [2, 5, 1], "uv": [72, 65], "inflate": -0.1}
				]
			},
			{
				"name": "bone62",
				"parent": "ump45",
				"pivot": [5, 10, -1],
				"rotation": [0, 0, 7.5],
				"cubes": [
					{"origin": [1, 1, -2], "size": [2, 7, 1], "uv": [61, 65], "inflate": -0.1}
				]
			},
			{
				"name": "chestPlateLeft",
				"parent": "body",
				"pivot": [0, 10.5, 0],
				"cubes": [
					{"origin": [-3, 7.999, -2.5], "size": [6, 9, 5], "uv": [16, 44], "inflate": 0.4}
				]
			},
			{
				"name": "bone55",
				"parent": "body",
				"pivot": [0, 10.5, 0],
				"rotation": [0, 180, 0]
			},
			{
				"name": "bone49",
				"parent": "bone55",
				"pivot": [-2, 9.5, 2],
				"rotation": [20.92783, -8.3972, 28.74154],
				"cubes": [
					{"origin": [-5, 11.5, 5], "size": [4, 6, 1], "uv": [46, 16]}
				]
			},
			{
				"name": "bone50",
				"parent": "bone55",
				"pivot": [2, 9.5, 2],
				"rotation": [20.92783, 8.3972, -28.74154],
				"cubes": [
					{"origin": [1, 11.5, 5], "size": [4, 6, 1], "uv": [46, 23], "mirror": true}
				]
			},
			{
				"name": "legLeft",
				"pivot": [2, 9, 0],
				"cubes": [
					{"origin": [0.499, 0, -1.5], "size": [3, 9, 3], "uv": [0, 27]}
				]
			},
			{
				"name": "bone",
				"parent": "legLeft",
				"pivot": [1, 11, 0],
				"rotation": [0, 0, -7.5],
				"cubes": [
					{"origin": [0.3, 8.8, -2], "size": [3, 2, 4], "uv": [66, 3], "inflate": 0.35}
				]
			},
			{
				"name": "legRight",
				"pivot": [-2, 9, 0],
				"cubes": [
					{"origin": [-3.499, 0, -1.5], "size": [3, 9, 3], "uv": [0, 27]}
				]
			},
			{
				"name": "bone2",
				"parent": "legRight",
				"pivot": [-2, 11, 0],
				"rotation": [0, 0, 7.5],
				"cubes": [
					{"origin": [-3.3, 9, -1.99], "size": [3, 2, 4], "uv": [66, 3], "inflate": 0.35}
				]
			}
		]
	}
}