{
	"format_version": "1.10.0",
	"geometry.model": {
		"texturewidth": 64,
		"textureheight": 64,
		"visible_bounds_width": 3,
		"visible_bounds_height": 4,
		"visible_bounds_offset": [0, 1, 0],
		"bones": [
			{
				"name": "head",
				"pivot": [0, 18, 0],
				"cubes": [
					{"origin": [-4, 18, -4], "size": [8, 8, 8], "uv": [0, 0]},
					{"origin": [-4, 18, -4], "size": [8, 8, 8], "uv": [32, 0], "inflate": 0.3}
				]
			},
			{
				"name": "blink",
				"parent": "head",
				"pivot": [0, 18, 0],
				"cubes": [
					{"origin": [-4, 18, -4.001], "size": [8, 8, 0], "uv": [24, 0]}
				]
			},
			{
				"name": "bone",
				"parent": "head",
				"pivot": [0, 18, -1],
				"rotation": [-7.5, 0, -7.5],
				"cubes": [
					{"origin": [4.8, 15.2, -3], "size": [2, 9, 2], "uv": [44, 16]}
				]
			},
			{
				"name": "bone9",
				"parent": "head",
				"pivot": [0, 17, 1],
				"rotation": [-10, 0, 0],
				"cubes": [
					{"origin": [-4.1, 15, -4.5], "size": [1, 3, 1], "uv": [23, 11]}
				]
			},
			{
				"name": "armRight",
				"pivot": [-2, 17.5, 0],
				"rotation": [0, 0, 25],
				"cubes": [
					{"origin": [-4, 8.5, -1], "size": [2, 8, 2], "uv": [32, 48]},
					{"origin": [-4, 8.5, -1], "size": [2, 5, 2], "uv": [39, 30], "inflate": 0.3}
				]
			},
			{
				"name": "h",
				"parent": "armRight",
				"pivot": [-2, 17.5, 0]
			},
			{
				"name": "bone4",
				"parent": "h",
				"pivot": [-1, 16.5, 0],
				"rotation": [0, 0, 25],
				"cubes": [
					{"origin": [-3.45, 11.5, -2.5], "size": [5, 5, 5], "uv": [12, 48], "inflate": 0.31}
				]
			},
			{
				"name": "armRightPositioningBone",
				"parent": "armRight",
				"pivot": [-3, 8.5, 0]
			},
			{
				"name": "armLeft",
				"pivot": [2, 17.5, 0],
				"rotation": [0, 0, -25],
				"cubes": [
					{"origin": [2, 8.5, -1], "size": [2, 8, 2], "uv": [32, 48]},
					{"origin": [2, 8.5, -1], "size": [2, 5, 2], "uv": [39, 30], "inflate": 0.3}
				]
			},
			{
				"name": "j",
				"parent": "armLeft",
				"pivot": [2, 17.5, 0]
			},
			{
				"name": "bone5",
				"parent": "j",
				"pivot": [1, 16.5, 0],
				"rotation": [0, 0, -25],
				"cubes": [
					{"origin": [-1.55, 11.5, -2.5], "size": [5, 5, 5], "uv": [12, 48], "inflate": 0.31, "mirror": true}
				]
			},
			{
				"name": "armLeftPositioningBone",
				"parent": "armLeft",
				"pivot": [3, 8.5, 0]
			},
			{
				"name": "chestPlate",
				"parent": "armLeft",
				"pivot": [2, 17.5, 0],
				"cubes": [
					{"origin": [1, 11.4, -2], "size": [4, 3, 4], "uv": [28, 41]}
				]
			},
			{
				"name": "body",
				"pivot": [0, 10.5, 0],
				"cubes": [
					{"origin": [-3, 8.999, -2.5], "size": [6, 9, 5], "uv": [0, 16], "inflate": -0.1},
					{"origin": [-3, 8.999, -2.5], "size": [6, 9, 5], "uv": [22, 16], "inflate": 0.3}
				]
			},
			{
				"name": "n",
				"parent": "body",
				"pivot": [0, 10.5, 0]
			},
			{
				"name": "bone6",
				"parent": "n",
				"pivot": [5, 13.5, 0],
				"rotation": [-12.56397, -7.43547, -39.01552],
				"cubes": [
					{"origin": [0, 12.5, -4], "size": [6, 7, 0], "uv": [0, 30]}
				]
			},
			{
				"name": "bone7",
				"parent": "n",
				"pivot": [0, 10.5, 0],
				"rotation": [10, 0, 0],
				"cubes": [
					{"origin": [-4, 10.5, 4], "size": [8, 7, 0], "uv": [12, 41]}
				]
			},
			{
				"name": "bone8",
				"parent": "n",
				"pivot": [0, 10.5, 0],
				"rotation": [-12.5, 0, 0],
				"cubes": [
					{"origin": [-5, 15.5, -3], "size": [10, 4, 7], "uv": [12, 30], "inflate": 0.1}
				]
			},
			{
				"name": "legLeft",
				"pivot": [2, 9, 0],
				"cubes": [
					{"origin": [0.499, 0, -1.5], "size": [3, 9, 3], "uv": [0, 37], "inflate": -0.05, "mirror": true},
					{"origin": [0.499, 0, -1.5], "size": [3, 4, 3], "uv": [0, 49], "inflate": 0.1, "mirror": true}
				]
			},
			{
				"name": "bone2",
				"parent": "legLeft",
				"pivot": [2, 11, 0],
				"rotation": [0, 0, -12.5],
				"cubes": [
					{"origin": [-0.1, 8.3, -2], "size": [3, 2, 4], "uv": [40, 44], "inflate": 0.29}
				]
			},
			{
				"name": "legRight",
				"pivot": [-2, 9, 0],
				"cubes": [
					{"origin": [-3.499, 0, -1.5], "size": [3, 9, 3], "uv": [0, 37], "inflate": -0.05},
					{"origin": [-3.499, 0, -1.5], "size": [3, 4, 3], "uv": [0, 49], "inflate": 0.1}
				]
			},
			{
				"name": "bone3",
				"parent": "legRight",
				"pivot": [-2, 11, 0],
				"rotation": [0, 0, 12.5],
				"cubes": [
					{"origin": [-2.9, 8.3, -2], "size": [3, 2, 4], "uv": [40, 44], "inflate": 0.3, "mirror": true}
				]
			}
		]
	}
}