{
	"format_version": "1.10.0",
	"geometry.model": {
		"texturewidth": 64,
		"textureheight": 64,
		"visible_bounds_width": 3,
		"visible_bounds_height": 4,
		"visible_bounds_offset": [0, 1, 0],
		"bones": [
			{
				"name": "head",
				"pivot": [0, 18, 0],
				"cubes": [
					{"origin": [-4, 18.1, -4], "size": [8, 8, 8], "uv": [0, 0], "inflate": 0.2},
					{"origin": [-4, 18.1, -4], "size": [8, 8, 8], "uv": [32, 0], "inflate": 0.5}
				]
			},
			{
				"name": "blink",
				"parent": "head",
				"pivot": [0, 18, 0],
				"cubes": [
					{"origin": [-4, 18, -4.001], "size": [8, 8, 1], "uv": [38, 46], "inflate": 0.2}
				]
			},
			{
				"name": "bone46",
				"parent": "head",
				"pivot": [-2, 17, -1],
				"rotation": [0, 0, 25],
				"cubes": [
					{"origin": [-6.7, 18, -2], "size": [2, 4, 3], "uv": [20, 8]}
				]
			},
			{
				"name": "bone47",
				"parent": "head",
				"pivot": [2, 17, -1],
				"rotation": [0, 0, -25],
				"cubes": [
					{"origin": [4.7, 18, -2], "size": [2, 4, 3], "uv": [20, 8], "mirror": true}
				]
			},
			{
				"name": "bone48",
				"parent": "head",
				"pivot": [0, 18, -4],
				"rotation": [-5, 0, 0],
				"cubes": [
					{"origin": [-4, 14, -4.2], "size": [1, 5, 1], "uv": [18, 9], "inflate": 0.01},
					{"origin": [3, 17, -4.2], "size": [1, 5, 1], "uv": [18, 9], "inflate": 0.01, "mirror": true}
				]
			},
			{
				"name": "bone51",
				"parent": "head",
				"pivot": [9, 6, 7],
				"rotation": [-17.46351, 9.24735, -34.46083],
				"cubes": [
					{"origin": [4, 6, 5], "size": [6, 5, 1], "uv": [14, 44]}
				]
			},
			{
				"name": "bone49",
				"parent": "head",
				"pivot": [7, 9, 8],
				"rotation": [17.32417, 1.61888, -12.39638],
				"cubes": [
					{"origin": [1.3, 9, 7], "size": [6, 14, 1], "uv": [0, 44]}
				]
			},
			{
				"name": "bone50",
				"parent": "head",
				"pivot": [-7, 9, 8],
				"rotation": [17.32417, -1.61888, 12.39638],
				"cubes": [
					{"origin": [-7.3, 9, 7], "size": [6, 14, 1], "uv": [0, 44], "mirror": true}
				]
			},
			{
				"name": "bone52",
				"parent": "head",
				"pivot": [-9, 6, 7],
				"rotation": [-17.46351, -9.24735, 34.46083],
				"cubes": [
					{"origin": [-10, 6, 5], "size": [6, 5, 1], "uv": [14, 44], "mirror": true}
				]
			},
			{
				"name": "y",
				"parent": "head",
				"pivot": [0, 18, 0]
			},
			{
				"name": "bone38",
				"parent": "y",
				"pivot": [-5, 19, 3],
				"rotation": [27.5, 0, 47.5],
				"cubes": [
					{"origin": [-5.7, 28.5, 2], "size": [3, 5, 3], "uv": [34, 16], "mirror": true}
				]
			},
			{
				"name": "t",
				"parent": "head",
				"pivot": [0, 18, 0]
			},
			{
				"name": "bone37",
				"parent": "t",
				"pivot": [5, 19, 3],
				"rotation": [27.5, 0, -47.5],
				"cubes": [
					{"origin": [2.7, 28.5, 2], "size": [3, 5, 3], "uv": [34, 16]}
				]
			},
			{
				"name": "armRight",
				"pivot": [-2, 17.5, 0],
				"rotation": [0, 0, 25],
				"cubes": [
					{"origin": [-4, 8.5, -1], "size": [2, 8, 2], "uv": [0, 28], "inflate": 0.2}
				]
			},
			{
				"name": "bone53",
				"parent": "armRight",
				"pivot": [-2, 17.5, 0],
				"rotation": [0, 0, -17.5],
				"cubes": [
					{"origin": [-5, 12.5, -2], "size": [3, 5, 4], "uv": [46, 16]}
				]
			},
			{
				"name": "bone55",
				"parent": "armRight",
				"pivot": [0, 15.5, 0],
				"rotation": [0, 0, 17.5],
				"cubes": [
					{"origin": [-4, 7.5, -1.5], "size": [3, 6, 3], "uv": [48, 25], "inflate": 0.3}
				]
			},
			{
				"name": "bone57",
				"parent": "armRight",
				"pivot": [-3, 12.5, 0],
				"rotation": [0, 0, -5],
				"cubes": [
					{"origin": [-4, 2.5, -2], "size": [3, 11, 4], "uv": [34, 24], "inflate": -0.201}
				]
			},
			{
				"name": "armRightPositioningBone",
				"parent": "armRight",
				"pivot": [-3, 8.5, 0]
			},
			{
				"name": "armLeft",
				"pivot": [2, 17.5, 0],
				"rotation": [0, 0, -25],
				"cubes": [
					{"origin": [2, 8.5, -1], "size": [2, 8, 2], "uv": [0, 28], "inflate": 0.2, "mirror": true}
				]
			},
			{
				"name": "bone54",
				"parent": "armLeft",
				"pivot": [2, 17.5, 0],
				"rotation": [0, 0, 5],
				"cubes": [
					{"origin": [2, 12.5, -2], "size": [3, 5, 4], "uv": [46, 16], "mirror": true}
				]
			},
			{
				"name": "bone56",
				"parent": "armLeft",
				"pivot": [0, 15.5, 0],
				"rotation": [0, 0, -17.5],
				"cubes": [
					{"origin": [1, 7.5, -1.5], "size": [3, 6, 3], "uv": [48, 25], "inflate": 0.3, "mirror": true}
				]
			},
			{
				"name": "bone58",
				"parent": "armLeft",
				"pivot": [3, 12.5, 0],
				"rotation": [0, 0, 5],
				"cubes": [
					{"origin": [1, 2.5, -2], "size": [3, 11, 4], "uv": [34, 24], "inflate": -0.201, "mirror": true}
				]
			},
			{
				"name": "armLeftPositioningBone",
				"parent": "armLeft",
				"pivot": [3, 8.5, 0]
			},
			{
				"name": "body",
				"pivot": [0, 10.5, 0],
				"cubes": [
					{"origin": [-3, 8.999, -2.5], "size": [6, 9, 5], "uv": [12, 16]},
					{"origin": [-3, 8.999, -2.5], "size": [6, 9, 5], "uv": [12, 30], "inflate": 0.3}
				]
			},
			{
				"name": "sittingRotationSkirt",
				"parent": "body",
				"pivot": [0, 10.5, 0]
			},
			{
				"name": "bone3",
				"parent": "sittingRotationSkirt",
				"pivot": [0, 18.5, 0]
			},
			{
				"name": "bone4",
				"parent": "bone3",
				"pivot": [0, 8, 0],
				"rotation": [0, 327.27273, 0]
			},
			{
				"name": "bone5",
				"parent": "bone4",
				"pivot": [0, 8, 4.81637],
				"rotation": [25, 0, 0]
			},
			{
				"name": "bone6",
				"parent": "bone5",
				"pivot": [0, 8, 4.81637],
				"rotation": [0, 45, 0],
				"cubes": [
					{"origin": [-1, 8, 3.81637], "size": [2, 5, 2], "uv": [28, 44], "mirror": true}
				]
			},
			{
				"name": "bone7",
				"parent": "bone3",
				"pivot": [0, 8, 0]
			},
			{
				"name": "bone8",
				"parent": "bone7",
				"pivot": [0, 8, 4.81637],
				"rotation": [25, 0, 0]
			},
			{
				"name": "bone9",
				"parent": "bone8",
				"pivot": [0, 8, 4.81637],
				"rotation": [0, 45, 0],
				"cubes": [
					{"origin": [-1, 8, 3.81637], "size": [2, 5, 2], "uv": [28, 44], "mirror": true}
				]
			},
			{
				"name": "bone10",
				"parent": "bone3",
				"pivot": [0, 8, 0],
				"rotation": [0, -65.45455, 0]
			},
			{
				"name": "bone11",
				"parent": "bone10",
				"pivot": [0, 8, 4.81637],
				"rotation": [25, 0, 0]
			},
			{
				"name": "bone12",
				"parent": "bone11",
				"pivot": [0, 8, 4.81637],
				"rotation": [0, -45, 0],
				"cubes": [
					{"origin": [-1, 8, 3.81637], "size": [2, 5, 2], "uv": [28, 44]}
				]
			},
			{
				"name": "bone13",
				"parent": "bone3",
				"pivot": [0, 8, 0],
				"rotation": [0, -98.18182, 0]
			},
			{
				"name": "bone14",
				"parent": "bone13",
				"pivot": [0, 8, 4.81637],
				"rotation": [25, 0, 0]
			},
			{
				"name": "bone15",
				"parent": "bone14",
				"pivot": [0, 8, 4.81637],
				"rotation": [0, -45, 0],
				"cubes": [
					{"origin": [-1, 8, 3.81637], "size": [2, 5, 2], "uv": [28, 44]}
				]
			},
			{
				"name": "bone19",
				"parent": "bone3",
				"pivot": [0, 8, 0],
				"rotation": [0, -163.63636, 0]
			},
			{
				"name": "bone20",
				"parent": "bone19",
				"pivot": [0, 8, 3.81637],
				"rotation": [37.5, 0, 0]
			},
			{
				"name": "bone21",
				"parent": "bone20",
				"pivot": [0, 8, 3.81637],
				"rotation": [0, -45, 0],
				"cubes": [
					{"origin": [-0.5, 8, 3.2], "size": [2, 5, 2], "uv": [28, 44]}
				]
			},
			{
				"name": "bone16",
				"parent": "bone3",
				"pivot": [0, 8, 0],
				"rotation": [0, -130.90909, 0]
			},
			{
				"name": "bone17",
				"parent": "bone16",
				"pivot": [0, 8, 4.81637],
				"rotation": [25, 0, 0]
			},
			{
				"name": "bone18",
				"parent": "bone17",
				"pivot": [0, 8, 4.81637],
				"rotation": [0, -45, 0],
				"cubes": [
					{"origin": [-1, 8, 3.81637], "size": [2, 5, 2], "uv": [28, 44]}
				]
			},
			{
				"name": "bone22",
				"parent": "bone3",
				"pivot": [0, 8, 0],
				"rotation": [0, -196.36364, 0]
			},
			{
				"name": "bone23",
				"parent": "bone22",
				"pivot": [-1, 8, 3.81637],
				"rotation": [40, 0, 0]
			},
			{
				"name": "bone24",
				"parent": "bone23",
				"pivot": [-1, 8, 3.81637],
				"rotation": [0, -45, 0],
				"cubes": [
					{"origin": [-1, 8, 2.6], "size": [2, 5, 2], "uv": [28, 44]}
				]
			},
			{
				"name": "bone25",
				"parent": "bone3",
				"pivot": [0, 8, 0],
				"rotation": [0, -229.09091, 0]
			},
			{
				"name": "bone26",
				"parent": "bone25",
				"pivot": [0, 8, 4.81637],
				"rotation": [25, 0, 0]
			},
			{
				"name": "bone27",
				"parent": "bone26",
				"pivot": [0, 8, 4.81637],
				"rotation": [0, -45, 0],
				"cubes": [
					{"origin": [-1, 8, 3.81637], "size": [2, 5, 2], "uv": [28, 44]}
				]
			},
			{
				"name": "bone59",
				"parent": "bone3",
				"pivot": [2, 6.5, 1],
				"rotation": [-30, 0, 0],
				"cubes": [
					{"origin": [-2.5, 7, -6], "size": [5, 5, 1], "uv": [0, 38], "inflate": 0.2}
				]
			},
			{
				"name": "bone28",
				"parent": "bone3",
				"pivot": [0, 8, 0],
				"rotation": [0, -261.81818, 0]
			},
			{
				"name": "bone29",
				"parent": "bone28",
				"pivot": [0, 8, 4.81637],
				"rotation": [25, 0, 0]
			},
			{
				"name": "bone30",
				"parent": "bone29",
				"pivot": [0, 8, 4.81637],
				"rotation": [0, -45, 0],
				"cubes": [
					{"origin": [-1, 8, 3.81637], "size": [2, 5, 2], "uv": [28, 44]}
				]
			},
			{
				"name": "bone31",
				"parent": "bone3",
				"pivot": [0, 8, 0],
				"rotation": [0, -294.54545, 0]
			},
			{
				"name": "bone32",
				"parent": "bone31",
				"pivot": [0, 8, 4.81637],
				"rotation": [25, 0, 0]
			},
			{
				"name": "bone33",
				"parent": "bone32",
				"pivot": [0, 8, 4.81637],
				"rotation": [0, -45, 0],
				"cubes": [
					{"origin": [-1, 8, 3.81637], "size": [2, 5, 2], "uv": [28, 44]}
				]
			},
			{
				"name": "bone34",
				"parent": "bone3",
				"pivot": [0, 8, 0],
				"rotation": [0, -327.27273, 0]
			},
			{
				"name": "bone35",
				"parent": "bone34",
				"pivot": [0, 8, 4.81637],
				"rotation": [25, 0, 0]
			},
			{
				"name": "bone36",
				"parent": "bone35",
				"pivot": [0, 8, 4.81637],
				"rotation": [0, -45, 0],
				"cubes": [
					{"origin": [-1, 8, 3.81637], "size": [2, 5, 2], "uv": [28, 44]}
				]
			},
			{
				"name": "bone39",
				"parent": "body",
				"pivot": [0, 13.5, 3],
				"cubes": [
					{"origin": [-1.5, 13, 2], "size": [3, 2, 2], "uv": [34, 39]}
				]
			},
			{
				"name": "bone40",
				"parent": "bone39",
				"pivot": [1, 13.5, 3],
				"rotation": [16.93869, -7.41011, -33.56319],
				"cubes": [
					{"origin": [1, 11.5, 2], "size": [5, 3, 1], "uv": [46, 40]},
					{"origin": [0, 6.5, 3], "size": [2, 7, 1], "uv": [0, 0]}
				]
			},
			{
				"name": "bone43",
				"parent": "bone40",
				"pivot": [3, 14.5, 3],
				"rotation": [0, 0, 42.5],
				"cubes": [
					{"origin": [1.5, 10.5, 2.5], "size": [6, 3, 1], "uv": [50, 34]}
				]
			},
			{
				"name": "bone42",
				"parent": "bone39",
				"pivot": [-1, 13.5, 3],
				"rotation": [16.93869, 7.41011, 33.56319],
				"cubes": [
					{"origin": [-6, 11.5, 2], "size": [5, 3, 1], "uv": [46, 40], "mirror": true}
				]
			},
			{
				"name": "bone41",
				"parent": "bone39",
				"pivot": [-1, 13.5, 3],
				"rotation": [16.93869, 7.41011, 33.56319],
				"cubes": [
					{"origin": [-2, 6.5, 3], "size": [2, 7, 1], "uv": [0, 0], "mirror": true}
				]
			},
			{
				"name": "bone44",
				"parent": "bone39",
				"pivot": [-1, 13.5, 3],
				"rotation": [16.93869, 7.41011, 33.56319]
			},
			{
				"name": "bone45",
				"parent": "bone44",
				"pivot": [-3, 14.5, 3],
				"rotation": [0, 0, -42.5],
				"cubes": [
					{"origin": [-7.5, 10.5, 2.5], "size": [6, 3, 1], "uv": [50, 34], "mirror": true}
				]
			},
			{
				"name": "legLeft",
				"pivot": [2, 9, 0],
				"cubes": [
					{"origin": [0.499, 0, -1.5], "size": [3, 9, 3], "uv": [0, 16]}
				]
			},
			{
				"name": "legRight",
				"pivot": [-2, 9, 0],
				"cubes": [
					{"origin": [-3.499, 0, -1.5], "size": [3, 9, 3], "uv": [0, 16], "mirror": true}
				]
			},
			{
				"name": "tail",
				"pivot": [0, 10, 3],
				"rotation": [-50, 0, 0],
				"cubes": [
					{"origin": [-0.5, 9, 3], "size": [1, 1, 4], "uv": [44, 35]}
				]
			},
			{
				"name": "bone",
				"parent": "tail",
				"pivot": [0, 6, 3],
				"rotation": [32.5, 0, 0],
				"cubes": [
					{"origin": [-0.5, 6.4, 8], "size": [1, 1, 4], "uv": [44, 35]}
				]
			},
			{
				"name": "bone2",
				"parent": "bone",
				"pivot": [0, 3, 4],
				"rotation": [20, 0, 0],
				"cubes": [
					{"origin": [-0.5, 3.5, 12.5], "size": [1, 1, 4], "uv": [44, 35]}
				]
			},
			{
				"name": "bone60",
				"pivot": [0, 0, 0]
			},
			{
				"name": "sinFloat",
				"parent": "bone60",
				"pivot": [1, 0, 0]
			},
			{
				"name": "chestPlate",
				"parent": "sinFloat",
				"pivot": [1, 0, 0]
			},
			{
				"name": "bone61",
				"parent": "chestPlate",
				"pivot": [1, 11, 1],
				"rotation": [-13.20326, -15.77672, -17.54292]
			},
			{
				"name": "bone62",
				"parent": "bone61",
				"pivot": [1, 11, 1],
				"rotation": [0, 12.5, 15],
				"cubes": [
					{"origin": [-3.59844, 12.915, 9.94731], "size": [6, 1, 0], "uv": [34, 43]}
				]
			},
			{
				"name": "bone63",
				"parent": "bone61",
				"pivot": [1, 11, 1],
				"rotation": [0, -10, 0],
				"cubes": [
					{"origin": [-4.98044, 13.67939, 11.0568], "size": [6, 1, 0], "uv": [34, 43]}
				]
			},
			{
				"name": "bone64",
				"parent": "bone61",
				"pivot": [1, 11, 1],
				"rotation": [0, -42.5, 0],
				"cubes": [
					{"origin": [-4.6398, 13.67939, 12.69495], "size": [6, 1, 0], "uv": [34, 43]}
				]
			},
			{
				"name": "bone65",
				"parent": "bone61",
				"pivot": [1, 11, 1],
				"rotation": [0, -92.5, 0],
				"cubes": [
					{"origin": [0.33443, 13.67939, 12.83735], "size": [6, 1, 0], "uv": [34, 43]}
				]
			},
			{
				"name": "bone66",
				"parent": "bone61",
				"pivot": [1, 11, 1],
				"rotation": [167.24845, -44.67313, -156.81501],
				"cubes": [
					{"origin": [2.91194, 10.86167, 10.52718], "size": [6, 1, 0], "uv": [34, 43]}
				]
			},
			{
				"name": "bone67",
				"parent": "bone61",
				"pivot": [1, 11, 1],
				"rotation": [174.27489, -29.4987, -168.49161],
				"cubes": [
					{"origin": [-0.4777, 11.26056, 9.59794], "size": [6, 1, 0], "uv": [34, 43]}
				]
			},
			{
				"name": "bone68",
				"parent": "bone61",
				"pivot": [1, 11, 4],
				"rotation": [0, -180, 0],
				"cubes": [
					{"origin": [-2, 11, 15.19615], "size": [6, 1, 0], "uv": [34, 43]}
				]
			},
			{
				"name": "bone69",
				"parent": "bone61",
				"pivot": [1, 11, 1],
				"rotation": [-177.28006, 19.82169, -172.02468],
				"cubes": [
					{"origin": [-4.88483, 10.99347, 9.72786], "size": [6, 1, 0], "uv": [34, 43]}
				]
			},
			{
				"name": "bone70",
				"parent": "bone61",
				"pivot": [1, 11, 1],
				"rotation": [180, 65, 180],
				"cubes": [
					{"origin": [-2.95276, 10.2254, 11.29624], "size": [6, 1, 0], "uv": [34, 43]}
				]
			},
			{
				"name": "bone71",
				"parent": "bone61",
				"pivot": [1, 11, 1],
				"rotation": [9.50457, 62.08407, 10.72879],
				"cubes": [
					{"origin": [0.80864, 10.73063, 10.4035], "size": [6, 1, 0], "uv": [34, 43]}
				]
			},
			{
				"name": "bone73",
				"parent": "bone61",
				"pivot": [1, 11, 1],
				"rotation": [20.02071, 38.17743, 14.89242],
				"cubes": [
					{"origin": [-1.61136, 9.82375, 9.80247], "size": [6, 1, 0], "uv": [34, 43]}
				]
			}
		]
	}
}