{
	"pack_name": "{maid_pack.stonaphrospack.name}",
	"model_list": [
		{
			"model_id": "stonaphrospack:ashe",
			"description": ["{model.stonaphrospack.ashe.desc}"],
			"render_entity_scale": 0.95
		},
		{
			"model_id": "stonaphrospack:nocy",
			"render_entity_scale": 0.95,
			"description": ["{model.stonaphrospack.nocy.desc}"]
		},
		{
			"model_id": "stonaphrospack:cenby",
			"render_entity_scale": 0.95,
			"description": ["{model.stonaphrospack.cenby.desc}"]
		},
		{
			"model_id": "stonaphrospack:swee",
			"render_entity_scale": 0.95,
			"description": ["{model.stonaphrospack.swee.desc}"]
		},
		{
			"model_id": "stonaphrospack:neptun",
			"description": ["{model.stonaphrospack.neptun.desc}"],
			"render_entity_scale": 0.95
		},
		{
			"model_id": "stonaphrospack:whisarb",
			"description": ["{model.stonaphrospack.whisarb.desc}"],
			"render_entity_scale": 0.95
		},
		{
			"model_id": "stonaphrospack:whisarb_princess",
			"description": ["{model.stonaphrospack.whisarb_princess.desc}"],
			"render_entity_scale": 0.95
		},
		{
			"model_id": "stonaphrospack:horus",
			"description": ["{model.stonaphrospack.horus.desc}"],
			"render_entity_scale": 0.95
		},
		{
			"model_id": "stonaphrospack:10ys_horus",
			"render_entity_scale": 0.9,
			"description": ["{model.stonaphrospack.10ys_horus.desc}"]
		},
		{
			"model_id": "stonaphrospack:molecca",
			"render_entity_scale": 0.95,
			"description": ["{model.stonaphrospack.molecca.desc}"]
		},
		{
			"model_id": "stonaphrospack:yebell",
			"render_entity_scale": 0.95,
			"description": ["{model.stonaphrospack.yebell.desc}"]
		},
		{
			"model_id": "stonaphrospack:alpha",
			"render_entity_scale": 0.95,
			"description": ["{model.stonaphrospack.alpha.desc}"]
		},
		{
			"model_id": "stonaphrospack:beta",
			"description": ["{model.stonaphrospack.beta.desc}"],
			"render_entity_scale": 0.95
		},
		{
			"model_id": "stonaphrospack:yandere_beta",
			"render_entity_scale": 0.95,
			"description": ["{model.stonaphrospack.yandere_beta.desc}"]
		},
		{
			"model_id": "stonaphrospack:torrie",
			"render_entity_scale": 0.95,
			"description": ["{model.stonaphrospack.torrie.desc}"]
		},
		{
			"model_id": "stonaphrospack:grimme",
			"description": ["{model.stonaphrospack.grimme.desc}"],
			"render_entity_scale": 0.95
		},
		{
			"model_id": "stonaphrospack:mama_grimme",
			"description": ["{model.stonaphrospack.mama_grimme.desc}"],
			"render_entity_scale": 0.95
		},
		{
			"model_id": "stonaphrospack:betti",
			"description": ["{model.stonaphrospack.betti.desc}"]
		},
		{
			"model_id": "stonaphrospack:posta",
			"render_entity_scale": 0.95,
			"description": ["{model.stonaphrospack.posta.desc}"]
		},
		{
			"model_id": "stonaphrospack:killman",
			"description": ["{model.stonaphrospack.killman.desc}"],
			"render_entity_scale": 0.95
		},
		{
			"model_id": "stonaphrospack:cutekillman",
			"render_entity_scale": 0.95,
			"description": ["{model.stonaphrospack.cutekillman.desc}"]
		},
		{
			"model_id": "stonaphrospack:rose",
			"render_entity_scale": 0.95,
			"description": ["{model.stonaphrospack.rose.desc}"]
		},
		{
			"model_id": "stonaphrospack:witch",
			"description": ["{model.stonaphrospack.witch.desc}"],
			"render_entity_scale": 0.95
		},
		{
			"model_id": "stonaphrospack:mariann",
			"render_entity_scale": 0.9,
			"description": ["{model.stonaphrospack.mariann.desc}"]
		},
		{
			"model_id": "stonaphrospack:liy",
			"render_entity_scale": 0.95,
			"description": ["{model.stonaphrospack.liy.desc}"]
		},
		{
			"model_id": "stonaphrospack:big_liy",
			"render_entity_scale": 0.95,
			"description": ["{model.stonaphrospack.big_liy.desc}"]
		},
		{
			"model_id": "stonaphrospack:shensuihe",
			"render_entity_scale": 0.9,
			"description": ["{model.stonaphrospack.shensuihe.desc}"]
		},
		{
			"model_id": "stonaphrospack:pandora",
			"render_entity_scale": 0.95,
			"description": ["{model.stonaphrospack.pandora.desc}"]
		},
		{
			"model_id": "stonaphrospack:abyss_now",
			"render_entity_scale": 0.95,
			"description": ["{model.stonaphrospack.abyss_now.desc}"]
		},
		{
			"model_id": "stonaphrospack:abyss",
			"render_entity_scale": 0.95,
			"description": ["{model.stonaphrospack.abyss.desc}"]
		},
		{
			"model_id": "stonaphrospack:fordears",
			"description": ["{model.stonaphrospack.fordears.desc}"]
		},
		{
			"model_id": "stonaphrospack:before_fordears",
			"render_entity_scale": 0.9,
			"description": ["{model.stonaphrospack.before_fordears.desc}"]
		},
		{
			"model_id": "stonaphrospack:semenia",
			"render_entity_scale": 0.95,
			"description": ["{model.stonaphrospack.semenia.desc}"]
		},
		{
			"model_id": "stonaphrospack:loploss",
			"render_entity_scale": 0.95,
			"description": ["{model.stonaphrospack.loploss.desc}"]
		},
		{
			"model_id": "stonaphrospack:ronia",
			"render_entity_scale": 0.9,
			"description": ["{model.stonaphrospack.ronia.desc}"]
		},
		{
			"model_id": "stonaphrospack:tidallo",
			"render_entity_scale": 0.95,
			"description": ["{model.stonaphrospack.tidallo.desc}"]
		},
		{
			"model_id": "stonaphrospack:yilinmui",
			"description": ["{model.stonaphrospack.yilinmui.desc}"],
			"render_entity_scale": 0.9
		},
		{
			"model_id": "stonaphrospack:moglyan",
			"render_entity_scale": 0.9,
			"description": ["{model.stonaphrospack.moglyan.desc}"]
		},
		{
			"model_id": "stonaphrospack:revitas",
			"render_entity_scale": 0.95,
			"description": ["{model.stonaphrospack.revitas.desc}"]
		},
		{
			"model_id": "stonaphrospack:coraline",
			"render_entity_scale": 0.95,
			"description": ["{model.stonaphrospack.coraline.desc}"]
		},
		{
			"model_id": "stonaphrospack:sharkie",
			"render_entity_scale": 0.95,
			"description": ["{model.stonaphrospack.sharkie.desc}"]
		},
		{
			"model_id": "stonaphrospack:whaleo",
			"render_entity_scale": 1.35,
			"description": ["{model.stonaphrospack.whaleo.desc}"]
		},
		{
			"model_id": "stonaphrospack:hutao",
			"description": ["{model.stonaphrospack.hutao.desc}"],
			"render_entity_scale": 0.95,
			"use_sound_pack_id": "hu_tao_sound_pack"
		},
		{
			"model_id": "stonaphrospack:furina",
			"description": ["{model.stonaphrospack.furina.desc}"],
			"render_entity_scale": 0.95,
			"use_sound_pack_id": "furina_sound_pack"
		},
		{
			"model_id": "stonaphrospack:lappland",
			"render_entity_scale": 0.95,
			"description": ["{model.stonaphrospack.lappland.desc}"],
			"use_sound_pack_id": "lappland_sound_pack"
		},
		{
			"model_id": "stonaphrospack:necrass",
			"render_entity_scale": 0.95,
			"description": ["{model.stonaphrospack.necrass.desc}"],
			"use_sound_pack_id": "necrass_sound_pack"
		},
		{
			"model_id": "stonaphrospack:calamitas",
			"description": ["{model.stonaphrospack.calamitas.desc}"],
			"render_entity_scale": 0.95
		},
		{
			"model_id": "stonaphrospack:maid_calamitas",
			"render_entity_scale": 0.95,
			"description": ["{model.stonaphrospack.maid_calamitas.desc}"]
		},
		{
			"model_id": "stonaphrospack:akeya",
			"render_entity_scale": 0.95,
			"description": ["{model.stonaphrospack.akeya.desc}"]
		},
		{
			"model_id": "stonaphrospack:kirisame_marisa",
			"render_entity_scale": 0.95,
			"description": ["{model.stonaphrospack.kirisame_marisa.desc}"]
		},
		{
			"model_id": "stonaphrospack:korin",
			"render_entity_scale": 1.35,
			"description": ["{model.stonaphrospack.korin.desc}"]
		},
		{
			"model_id": "stonaphrospack:nero",
			"description": ["{model.stonaphrospack.nero.desc}"],
			"render_entity_scale": 1.35
		}
	],
	"version": "1.2.0",
	"author": ["YilinMui"],
	"description": [
		"{maid_pack.stonaphrospack.desc.1}",
		"{maid_pack.stonaphrospack.desc.2}"
	],
	"date": "2024-08-24",
	"icon": "stonaphrospack:textures/maid_icon.png"
}