{
	"pack_name": "{chair_pack.stonaphrospack.name}",
	"model_list": [
		{
			"model_id": "stonaphrospack:northlongtail",
			"mounted_height": 0,
			"tameable_can_ride": false,
			"animation": [],
			"render_item_scale": 2,
			"render_entity_scale": 1.2,
			"description": ["{model.stonaphrospack.northlongtail.desc}"]
		},
		{
			"model_id": "stonaphrospack:robin",
			"animation": [],
			"description": ["{model.stonaphrospack.robin.desc}"],
			"render_item_scale": 2,
			"render_entity_scale": 1.2,
			"mounted_height": 0,
			"tameable_can_ride": false
		},
		{
			"model_id": "stonaphrospack:rhyacornis_fuliginosus",
			"animation": [],
			"description": ["{model.stonaphrospack.rhyacornis_fuliginosus.desc}"],
			"render_item_scale": 2,
			"render_entity_scale": 1.2,
			"mounted_height": 0,
			"tameable_can_ride": false
		},
		{
			"model_id": "stonaphrospack:wudong",
			"render_item_scale": 2,
			"render_entity_scale": 1.3,
			"mounted_height": 0,
			"tameable_can_ride": false,
			"animation": [],
			"description": ["{model.stonaphrospack.wudong.desc}"]
		},
		{
			"model_id": "stonaphrospack:bush",
			"animation": [],
			"description": ["{model.stonaphrospack.bush.desc}"],
			"mounted_height": 0,
			"tameable_can_ride": false,
			"render_entity_scale": 2
		},
		{
			"model_id": "stonaphrospack:flowers",
			"render_entity_scale": 2,
			"animation": [],
			"description": ["{model.stonaphrospack.flowers.desc}"],
			"mounted_height": 0,
			"tameable_can_ride": false
		},
		{
			"model_id": "stonaphrospack:pink_flowers",
			"render_entity_scale": 2,
			"mounted_height": 0,
			"tameable_can_ride": false,
			"animation": [],
			"description": ["{model.stonaphrospack.pink_flowers.desc}"]
		}
	],
	"version": "1.0.2",
	"author": ["YilinMui"],
	"description": ["{chair_pack.stonaphrospack.desc}"],
	"date": "2024-09-07",
	"icon": "stonaphrospack:textures/chair_icon.png"
}