{
	"pack_name": "{maid_pack.felyne_cat.name}",
	"model_list": [
		{
			"model_id": "felyne_cat:felyne",
			"is_gecko": true,
			"description": ["{model.felyne_cat.felyne.desc}"],
			"animation": ["felyne_cat:animation/felyne_cat.felyne.main.json", "felyne_cat:animation/felyne_cat.felyne.tac.json"],
			"render_entity_scale": 0.7,
			"use_sound_pack_id": "felyne_cat"
		}
	],
	"version": "1.0.0",
	"author": ["ZBM"],
	"description": ["{maid_pack.felyne_cat.desc}"],
	"date": "2024-11-18",
	"icon": "felyne_cat:textures/maid_icon.png"
}