{
	"format_version": "1.12.0",
	"minecraft:geometry": [
		{
			"description": {
				"identifier": "geometry.unknown",
				"texture_width": 128,
				"texture_height": 128,
				"visible_bounds_width": 3,
				"visible_bounds_height": 3.5,
				"visible_bounds_offset": [0, 1.25, 0]
			},
			"bones": [
				{
					"name": "root",
					"pivot": [0, 0, 0]
				},
				{
					"name": "Allbody",
					"parent": "root",
					"pivot": [-0.00008, 11.9322, 0.45816]
				},
				{
					"name": "UpBody",
					"parent": "Allbody",
					"pivot": [0, 5.63711, 0.45361],
					"cubes": [
						{
							"origin": [-3.5, 6.71092, -3.24254],
							"size": [7, 6, 2],
							"pivot": [0, 9.71092, -2.74254],
							"rotation": [-5, 0, 0],
							"uv": {
								"north": {"uv": [31, 27], "uv_size": [7, 6]},
								"east": {"uv": [48, 62], "uv_size": [2, 6]},
								"south": {"uv": [32, 6], "uv_size": [7, 6]},
								"west": {"uv": [8, 63], "uv_size": [2, 6]},
								"up": {"uv": [59, 34], "uv_size": [7, 2]},
								"down": {"uv": [59, 41], "uv_size": [7, -2]}
							}
						},
						{
							"origin": [-3.5, 6.9, -3],
							"size": [7, 6, 7],
							"uv": {
								"north": {"uv": [24, 35], "uv_size": [7, 6]},
								"east": {"uv": [7, 36], "uv_size": [7, 6]},
								"south": {"uv": [14, 36], "uv_size": [7, 6]},
								"west": {"uv": [36, 18], "uv_size": [7, 6]},
								"up": {"uv": [8, 18], "uv_size": [7, 7]},
								"down": {"uv": [15, 29], "uv_size": [7, -7]}
							}
						},
						{
							"origin": [-3.5, 12.14558, 0.60727],
							"size": [7, 2, 3],
							"pivot": [0, 13.14558, 2.60727],
							"rotation": [35, 0, 0],
							"uv": {
								"north": {"uv": [24, 35], "uv_size": [7, 6]},
								"east": {"uv": [7, 36], "uv_size": [7, 6]},
								"south": {"uv": [14, 36], "uv_size": [7, 6]},
								"west": {"uv": [36, 18], "uv_size": [7, 6]},
								"up": {"uv": [8, 18], "uv_size": [7, 7]},
								"down": {"uv": [15, 29], "uv_size": [7, -7]}
							}
						},
						{
							"origin": [-3.5, 12.0383, 0.35285],
							"size": [7, 4.7, 3],
							"pivot": [0, 13.0383, 1.85285],
							"rotation": [90, 0, 0],
							"uv": {
								"north": {"uv": [24, 35], "uv_size": [7, 6]},
								"east": {"uv": [7, 36], "uv_size": [7, 6]},
								"south": {"uv": [14, 36], "uv_size": [7, 6]},
								"west": {"uv": [36, 18], "uv_size": [7, 6]},
								"up": {"uv": [8, 18], "uv_size": [7, 7]},
								"down": {"uv": [15, 29], "uv_size": [7, -7]}
							}
						},
						{
							"origin": [-3.5, 12.14558, -2.60727],
							"size": [7, 2, 3],
							"pivot": [0, 13.14558, -1.60727],
							"rotation": [-35, 0, 0],
							"uv": {
								"north": {"uv": [21, 36], "uv_size": [-7, 6]},
								"east": {"uv": [14, 36], "uv_size": [-7, 6]},
								"south": {"uv": [31, 35], "uv_size": [-7, 6]},
								"west": {"uv": [43, 18], "uv_size": [-7, 6]},
								"up": {"uv": [8, 25], "uv_size": [7, -7]},
								"down": {"uv": [15, 22], "uv_size": [7, 7]}
							}
						},
						{
							"origin": [2.53065, 6.62252, -3],
							"size": [2, 6, 7],
							"pivot": [2.93065, 8.62252, 0.5],
							"rotation": [0, 0, -15],
							"uv": {
								"north": {"uv": [6, 62], "uv_size": [2, 6]},
								"east": {"uv": [29, 21], "uv_size": [7, 6]},
								"south": {"uv": [40, 62], "uv_size": [2, 6]},
								"west": {"uv": [24, 29], "uv_size": [7, 6]},
								"up": {"uv": [24, 59], "uv_size": [2, 7]},
								"down": {"uv": [59, 52], "uv_size": [2, -7]}
							}
						},
						{
							"origin": [-3.4, 5.88358, 2.67311],
							"size": [6.8, 3, 2],
							"pivot": [0, 6.18927, 0.49127],
							"rotation": [0, 90, 20],
							"uv": {
								"north": {"uv": [52, 6], "uv_size": [7, 3]},
								"east": {"uv": [36, 71], "uv_size": [2, 3]},
								"south": {"uv": [52, 9], "uv_size": [7, 3]},
								"west": {"uv": [71, 36], "uv_size": [2, 3]},
								"up": {"uv": [28, 60], "uv_size": [7, 2]},
								"down": {"uv": [35, 62], "uv_size": [7, -2]}
							}
						},
						{
							"origin": [-3.4, 5.88358, 2.67311],
							"size": [6.8, 3, 2],
							"pivot": [0, 6.18927, 0.49127],
							"rotation": [0, -90, -20],
							"uv": {
								"north": {"uv": [59, 6], "uv_size": [-7, 3]},
								"east": {"uv": [73, 36], "uv_size": [-2, 3]},
								"south": {"uv": [59, 9], "uv_size": [-7, 3]},
								"west": {"uv": [38, 71], "uv_size": [-2, 3]},
								"up": {"uv": [35, 60], "uv_size": [-7, 2]},
								"down": {"uv": [42, 62], "uv_size": [-7, -2]}
							}
						},
						{
							"origin": [-3.4, 4.51177, -3.08791],
							"size": [6.8, 2.5, 2],
							"pivot": [0, 5.41177, -3.48791],
							"rotation": [12.5, 0, 0],
							"uv": {
								"north": {"uv": [52, 0], "uv_size": [7, 3]},
								"east": {"uv": [32, 71], "uv_size": [2, 3]},
								"south": {"uv": [52, 3], "uv_size": [7, 3]},
								"west": {"uv": [34, 71], "uv_size": [2, 3]},
								"up": {"uv": [59, 41], "uv_size": [7, 2]},
								"down": {"uv": [2, 62], "uv_size": [7, -2]}
							}
						},
						{
							"origin": [-3.4, 4.48982, -2.83662],
							"size": [6.8, 1, 7.125],
							"uv": {
								"north": {"uv": [70, 42], "uv_size": [7, 1]},
								"east": {"uv": [70, 43], "uv_size": [7, 1]},
								"south": {"uv": [70, 44], "uv_size": [7, 1]},
								"west": {"uv": [70, 45], "uv_size": [7, 1]},
								"up": {"uv": [22, 22], "uv_size": [7, 7]},
								"down": {"uv": [0, 31], "uv_size": [7, -7]}
							}
						},
						{
							"origin": [-3.8249, 4.47174, -2.90873],
							"size": [7.65, 1, 6.8],
							"uv": {
								"north": {"uv": [69, 34], "uv_size": [8, 1]},
								"east": {"uv": [70, 46], "uv_size": [7, 1]},
								"south": {"uv": [69, 35], "uv_size": [8, 1]},
								"west": {"uv": [70, 47], "uv_size": [7, 1]},
								"up": {"uv": [17, 8], "uv_size": [8, 7]},
								"down": {"uv": [17, 22], "uv_size": [8, -7]}
							}
						},
						{
							"origin": [-4.53065, 6.62252, -3],
							"size": [2, 6, 7],
							"pivot": [-2.93065, 8.62252, 0.5],
							"rotation": [0, 0, 15],
							"uv": {
								"north": {"uv": [44, 62], "uv_size": [2, 6]},
								"east": {"uv": [30, 0], "uv_size": [7, 6]},
								"south": {"uv": [46, 62], "uv_size": [2, 6]},
								"west": {"uv": [0, 31], "uv_size": [7, 6]},
								"up": {"uv": [59, 54], "uv_size": [2, 7]},
								"down": {"uv": [0, 67], "uv_size": [2, -7]}
							}
						},
						{
							"origin": [-3.5, 6.71092, 2.54254],
							"size": [7, 6, 2],
							"pivot": [0, 9.71092, 3.54254],
							"rotation": [10, 0, 0],
							"uv": {
								"north": {"uv": [32, 12], "uv_size": [7, 6]},
								"east": {"uv": [26, 63], "uv_size": [2, 6]},
								"south": {"uv": [31, 33], "uv_size": [7, 6]},
								"west": {"uv": [18, 64], "uv_size": [2, 6]},
								"up": {"uv": [61, 4], "uv_size": [7, 2]},
								"down": {"uv": [61, 8], "uv_size": [7, -2]}
							}
						},
						{
							"origin": [-3.4, 4.51177, 2.48791],
							"size": [6.8, 2.9, 2],
							"pivot": [0, 5.41177, 4.28791],
							"rotation": [-12.5, 0, 0],
							"uv": {
								"north": {"uv": [52, 12], "uv_size": [7, 3]},
								"east": {"uv": [38, 71], "uv_size": [2, 3]},
								"south": {"uv": [52, 15], "uv_size": [7, 3]},
								"west": {"uv": [42, 71], "uv_size": [2, 3]},
								"up": {"uv": [44, 60], "uv_size": [7, 2]},
								"down": {"uv": [61, 4], "uv_size": [7, -2]}
							}
						}
					]
				},
				{
					"name": "Head",
					"parent": "UpBody",
					"pivot": [-0.00008, 11.9322, 0.45816],
					"cubes": [
						{
							"origin": [-4, 12.5, -3.975],
							"size": [8, 8, 9.025],
							"uv": {
								"north": {"uv": [0, 16], "uv_size": [8, 8]},
								"east": {"uv": [0, 0], "uv_size": [9, 8]},
								"south": {"uv": [17, 0], "uv_size": [8, 8]},
								"west": {"uv": [0, 8], "uv_size": [9, 8]},
								"up": {"uv": [9, 0], "uv_size": [8, 9]},
								"down": {"uv": [9, 18], "uv_size": [8, -9]}
							}
						},
						{
							"origin": [-4.16012, 13.81373, -4.18],
							"size": [2.16, 2.16, 6.76],
							"pivot": [-3.44012, 14.89373, -1.3],
							"rotation": [0, 0, 35],
							"uv": {
								"north": {"uv": [50, 72], "uv_size": [2, 2]},
								"east": {"uv": [59, 30], "uv_size": [7, 2]},
								"south": {"uv": [52, 72], "uv_size": [2, 2]},
								"west": {"uv": [59, 32], "uv_size": [7, 2]},
								"up": {"uv": [20, 59], "uv_size": [2, 7]},
								"down": {"uv": [22, 66], "uv_size": [2, -7]}
							}
						},
						{
							"origin": [-4.01873, 16.42214, -4.18],
							"size": [2.16, 2.16, 6.76],
							"pivot": [-2.93873, 17.86214, -1.3],
							"rotation": [0, 0, 35],
							"uv": {
								"north": {"uv": [72, 39], "uv_size": [2, 2]},
								"east": {"uv": [44, 58], "uv_size": [7, 2]},
								"south": {"uv": [40, 72], "uv_size": [2, 2]},
								"west": {"uv": [59, 0], "uv_size": [7, 2]},
								"up": {"uv": [51, 58], "uv_size": [2, 7]},
								"down": {"uv": [59, 9], "uv_size": [2, -7]}
							}
						},
						{
							"origin": [-2.97616, 17.79203, -4.18],
							"size": [2.16, 2.16, 6.76],
							"pivot": [-1.89616, 18.87203, -1.3],
							"rotation": [0, 0, 52.5],
							"uv": {
								"north": {"uv": [72, 30], "uv_size": [2, 2]},
								"east": {"uv": [28, 58], "uv_size": [7, 2]},
								"south": {"uv": [72, 32], "uv_size": [2, 2]},
								"west": {"uv": [35, 58], "uv_size": [7, 2]},
								"up": {"uv": [16, 58], "uv_size": [2, 7]},
								"down": {"uv": [42, 65], "uv_size": [2, -7]}
							}
						},
						{
							"origin": [0.81616, 17.79203, -4.18],
							"size": [2.16, 2.16, 6.76],
							"pivot": [1.89616, 18.87203, -1.3],
							"rotation": [0, 0, -52.5],
							"uv": {
								"north": {"uv": [72, 26], "uv_size": [2, 2]},
								"east": {"uv": [58, 24], "uv_size": [7, 2]},
								"south": {"uv": [72, 28], "uv_size": [2, 2]},
								"west": {"uv": [58, 26], "uv_size": [7, 2]},
								"up": {"uv": [55, 57], "uv_size": [2, 7]},
								"down": {"uv": [14, 65], "uv_size": [2, -7]}
							}
						},
						{
							"origin": [-1.7052, 18.22632, -4.18],
							"size": [3.402, 2.16, 6.76],
							"uv": {
								"north": {"uv": [71, 9], "uv_size": [3, 2]},
								"east": {"uv": [0, 58], "uv_size": [7, 2]},
								"south": {"uv": [14, 71], "uv_size": [3, 2]},
								"west": {"uv": [7, 58], "uv_size": [7, 2]},
								"up": {"uv": [50, 48], "uv_size": [3, 7]},
								"down": {"uv": [15, 58], "uv_size": [3, -7]}
							}
						},
						{
							"origin": [2.00012, 13.81373, -4.18],
							"size": [2.16, 2.16, 6.76],
							"pivot": [3.44012, 14.89373, -1.3],
							"rotation": [0, 0, -35],
							"uv": {
								"north": {"uv": [65, 49], "uv_size": [2, 2]},
								"east": {"uv": [57, 37], "uv_size": [7, 2]},
								"south": {"uv": [66, 0], "uv_size": [2, 2]},
								"west": {"uv": [57, 52], "uv_size": [7, 2]},
								"up": {"uv": [53, 57], "uv_size": [2, 7]},
								"down": {"uv": [57, 61], "uv_size": [2, -7]}
							}
						},
						{
							"origin": [-4.63563, 14.42202, -4.155],
							"size": [9.285, 2.88, 6.735],
							"uv": {
								"north": {"uv": [30, 6], "uv_size": [2, 3]},
								"east": {"uv": [47, 27], "uv_size": [7, 3]},
								"south": {"uv": [71, 6], "uv_size": [2, 3]},
								"west": {"uv": [50, 30], "uv_size": [7, 3]},
								"up": {"uv": [57, 30], "uv_size": [2, 7]},
								"down": {"uv": [57, 52], "uv_size": [2, -7]}
							}
						},
						{
							"origin": [1.85873, 16.42214, -4.18],
							"size": [2.16, 2.16, 6.76],
							"pivot": [2.93873, 17.86214, -1.3],
							"rotation": [0, 0, -35],
							"uv": {
								"north": {"uv": [29, 27], "uv_size": [2, 2]},
								"east": {"uv": [54, 28], "uv_size": [7, 2]},
								"south": {"uv": [10, 34], "uv_size": [2, 2]},
								"west": {"uv": [55, 43], "uv_size": [7, 2]},
								"up": {"uv": [26, 56], "uv_size": [2, 7]},
								"down": {"uv": [18, 64], "uv_size": [2, -7]}
							}
						},
						{
							"origin": [-2.88, 13.1831, -4.205],
							"size": [5.76, 5.76, 6.785],
							"uv": {
								"north": {"uv": [0, 37], "uv_size": [6, 6]},
								"east": {"uv": [25, 9], "uv_size": [7, 6]},
								"south": {"uv": [37, 0], "uv_size": [6, 6]},
								"west": {"uv": [25, 15], "uv_size": [7, 6]},
								"up": {"uv": [12, 29], "uv_size": [6, 7]},
								"down": {"uv": [18, 36], "uv_size": [6, -7]}
							}
						},
						{
							"origin": [2.9982, 16.08122, -4.24609],
							"size": [0.29997, 1.07992, 0.17279],
							"pivot": [2, 16.63568, -4.16878],
							"rotation": [0, 0, 180],
							"uv": {
								"north": {"uv": [17, 73], "uv_size": [1, 1]},
								"east": {"uv": [18, 73], "uv_size": [1, 1]},
								"south": {"uv": [19, 73], "uv_size": [1, 1]},
								"west": {"uv": [26, 73], "uv_size": [1, 1]},
								"up": {"uv": [27, 73], "uv_size": [1, 1]},
								"down": {"uv": [73, 37], "uv_size": [1, -1]}
							}
						},
						{
							"origin": [1.44047, 16.47666, -4.24322],
							"size": [1.75802, 0.71275, 0.138],
							"pivot": [2.02578, 16.53603, -4.16823],
							"rotation": [0, 0, -90],
							"uv": {
								"north": {"uv": [73, 37], "uv_size": [1, 1]},
								"east": {"uv": [73, 38], "uv_size": [1, 1]},
								"south": {"uv": [44, 73], "uv_size": [1, 1]},
								"west": {"uv": [45, 73], "uv_size": [1, 1]},
								"up": {"uv": [46, 73], "uv_size": [1, 1]},
								"down": {"uv": [47, 74], "uv_size": [1, -1]}
							}
						},
						{
							"origin": [0.69766, 16.10213, -4.24609],
							"size": [0.29997, 1.07992, 0.17279],
							"pivot": [2, 16.63568, -4.16878],
							"rotation": [0, 0, 45],
							"uv": {
								"north": {"uv": [0, 73], "uv_size": [1, 1]},
								"east": {"uv": [1, 73], "uv_size": [1, 1]},
								"south": {"uv": [2, 73], "uv_size": [1, 1]},
								"west": {"uv": [3, 73], "uv_size": [1, 1]},
								"up": {"uv": [4, 73], "uv_size": [1, 1]},
								"down": {"uv": [5, 74], "uv_size": [1, -1]}
							}
						},
						{
							"origin": [1.49463, 15.56019, -4.23239],
							"size": [1.99997, 1.37992, 0.20909],
							"pivot": [2.24462, 16.40014, -4.12785],
							"rotation": [0, 0, -180],
							"uv": {
								"north": {"uv": [88, 56], "uv_size": [1, 1]},
								"east": {"uv": [90, 69], "uv_size": [1, 1]},
								"south": {"uv": [24, 94], "uv_size": [1, 1]},
								"west": {"uv": [25, 94], "uv_size": [1, 1]},
								"up": {"uv": [41, 95], "uv_size": [1, 1]},
								"down": {"uv": [41, 97], "uv_size": [1, -1]}
							}
						},
						{
							"origin": [-3.4946, 16.11019, -4.23239],
							"size": [2.19997, 1.00492, 0.20909],
							"pivot": [-2.24462, 16.40014, -4.12785],
							"rotation": [0, 0, 70],
							"uv": {
								"north": {"uv": [89, 56], "uv_size": [-1, 1]},
								"east": {"uv": [26, 94], "uv_size": [-1, 1]},
								"south": {"uv": [25, 94], "uv_size": [-1, 1]},
								"west": {"uv": [91, 69], "uv_size": [-1, 1]},
								"up": {"uv": [42, 95], "uv_size": [-1, 1]},
								"down": {"uv": [42, 97], "uv_size": [-1, -1]}
							}
						},
						{
							"origin": [-2.31046, 16.0893, -4.23239],
							"size": [1.29997, 1.07992, 0.20909],
							"pivot": [-2, 16.63568, -4.16878],
							"rotation": [0, 0, 135],
							"uv": {
								"north": {"uv": [89, 56], "uv_size": [-1, 1]},
								"east": {"uv": [26, 94], "uv_size": [-1, 1]},
								"south": {"uv": [25, 94], "uv_size": [-1, 1]},
								"west": {"uv": [91, 69], "uv_size": [-1, 1]},
								"up": {"uv": [42, 95], "uv_size": [-1, 1]},
								"down": {"uv": [42, 97], "uv_size": [-1, -1]}
							}
						},
						{
							"origin": [-3.4946, 15.56019, -4.23239],
							"size": [1.99997, 1.37992, 0.20909],
							"pivot": [-2.24462, 16.40014, -4.12785],
							"rotation": [0, 0, 180],
							"uv": {
								"north": {"uv": [89, 56], "uv_size": [-1, 1]},
								"east": {"uv": [26, 94], "uv_size": [-1, 1]},
								"south": {"uv": [25, 94], "uv_size": [-1, 1]},
								"west": {"uv": [91, 69], "uv_size": [-1, 1]},
								"up": {"uv": [42, 95], "uv_size": [-1, 1]},
								"down": {"uv": [42, 97], "uv_size": [-1, -1]}
							}
						},
						{
							"origin": [1.29463, 16.11019, -4.23239],
							"size": [2.19997, 1.00492, 0.20909],
							"pivot": [2.24462, 16.40014, -4.12785],
							"rotation": [0, 0, -70],
							"uv": {
								"north": {"uv": [88, 56], "uv_size": [1, 1]},
								"east": {"uv": [90, 69], "uv_size": [1, 1]},
								"south": {"uv": [24, 94], "uv_size": [1, 1]},
								"west": {"uv": [25, 94], "uv_size": [1, 1]},
								"up": {"uv": [41, 95], "uv_size": [1, 1]},
								"down": {"uv": [41, 97], "uv_size": [1, -1]}
							}
						},
						{
							"origin": [1.01049, 16.0893, -4.23239],
							"size": [1.29997, 1.07992, 0.20909],
							"pivot": [2, 16.63568, -4.16878],
							"rotation": [0, 0, -135],
							"uv": {
								"north": {"uv": [88, 56], "uv_size": [1, 1]},
								"east": {"uv": [90, 69], "uv_size": [1, 1]},
								"south": {"uv": [24, 94], "uv_size": [1, 1]},
								"west": {"uv": [25, 94], "uv_size": [1, 1]},
								"up": {"uv": [41, 95], "uv_size": [1, 1]},
								"down": {"uv": [41, 97], "uv_size": [1, -1]}
							}
						},
						{
							"origin": [0.71049, 16.0893, -4.28239],
							"size": [0.29997, 1.07992, 0.20909],
							"pivot": [2, 16.63568, -4.16878],
							"rotation": [0, 0, -135],
							"uv": {
								"north": {"uv": [64, 29], "uv_size": [1, 1]},
								"east": {"uv": [66, 42], "uv_size": [1, 1]},
								"south": {"uv": [0, 67], "uv_size": [1, 1]},
								"west": {"uv": [1, 67], "uv_size": [1, 1]},
								"up": {"uv": [17, 68], "uv_size": [1, 1]},
								"down": {"uv": [17, 70], "uv_size": [1, -1]}
							}
						},
						{
							"origin": [0.71315, 16.09572, -4.28239],
							"size": [0.26367, 1.07993, 0.20909],
							"pivot": [2, 16.63568, -4.16878],
							"rotation": [0, 0, -90],
							"uv": {
								"north": {"uv": [73, 37], "uv_size": [1, 1]},
								"east": {"uv": [73, 38], "uv_size": [1, 1]},
								"south": {"uv": [44, 73], "uv_size": [1, 1]},
								"west": {"uv": [45, 73], "uv_size": [1, 1]},
								"up": {"uv": [46, 73], "uv_size": [1, 1]},
								"down": {"uv": [47, 74], "uv_size": [1, -1]}
							}
						},
						{
							"origin": [-1.47664, 14.62267, -4.24609],
							"size": [0.29997, 0.6, 0.17279],
							"pivot": [-0.88004, 14.93698, -4.1597],
							"rotation": [0, 0, -87.5],
							"uv": {
								"north": {"uv": [74, 6], "uv_size": [-1, 1]},
								"east": {"uv": [15, 73], "uv_size": [-1, 1]},
								"south": {"uv": [74, 8], "uv_size": [-1, 1]},
								"west": {"uv": [74, 7], "uv_size": [-1, 1]},
								"up": {"uv": [16, 73], "uv_size": [-1, 1]},
								"down": {"uv": [17, 74], "uv_size": [-1, -1]}
							}
						},
						{
							"origin": [-1.52265, 14.40727, -4.24609],
							"size": [0.29997, 0.5, 0.17279],
							"pivot": [-1.27772, 14.86813, -4.1597],
							"rotation": [0, 0, -37.5],
							"uv": {
								"north": {"uv": [74, 6], "uv_size": [-1, 1]},
								"east": {"uv": [15, 73], "uv_size": [-1, 1]},
								"south": {"uv": [74, 8], "uv_size": [-1, 1]},
								"west": {"uv": [74, 7], "uv_size": [-1, 1]},
								"up": {"uv": [16, 73], "uv_size": [-1, 1]},
								"down": {"uv": [17, 74], "uv_size": [-1, -1]}
							}
						},
						{
							"origin": [-1.25406, 14.52756, -4.24609],
							"size": [0.29997, 0.6, 0.17279],
							"pivot": [-0.68023, 14.92825, -4.1597],
							"rotation": [0, 0, -117.5],
							"uv": {
								"north": {"uv": [74, 6], "uv_size": [-1, 1]},
								"east": {"uv": [15, 73], "uv_size": [-1, 1]},
								"south": {"uv": [74, 8], "uv_size": [-1, 1]},
								"west": {"uv": [74, 7], "uv_size": [-1, 1]},
								"up": {"uv": [16, 73], "uv_size": [-1, 1]},
								"down": {"uv": [17, 74], "uv_size": [-1, -1]}
							}
						},
						{
							"origin": [-0.26412, 14.63117, -4.24609],
							"size": [0.29997, 0.7, 0.17279],
							"pivot": [-0.11414, 14.98117, -4.1597],
							"rotation": [0, 0, -165],
							"uv": {
								"north": {"uv": [74, 6], "uv_size": [-1, 1]},
								"east": {"uv": [15, 73], "uv_size": [-1, 1]},
								"south": {"uv": [74, 8], "uv_size": [-1, 1]},
								"west": {"uv": [74, 7], "uv_size": [-1, 1]},
								"up": {"uv": [16, 73], "uv_size": [-1, 1]},
								"down": {"uv": [17, 74], "uv_size": [-1, -1]}
							}
						},
						{
							"origin": [-0.03585, 14.63117, -4.24609],
							"size": [0.29997, 0.7, 0.17279],
							"pivot": [0.11414, 14.98117, -4.1597],
							"rotation": [0, 0, 165],
							"uv": {
								"north": {"uv": [73, 6], "uv_size": [1, 1]},
								"east": {"uv": [73, 7], "uv_size": [1, 1]},
								"south": {"uv": [73, 8], "uv_size": [1, 1]},
								"west": {"uv": [14, 73], "uv_size": [1, 1]},
								"up": {"uv": [15, 73], "uv_size": [1, 1]},
								"down": {"uv": [16, 74], "uv_size": [1, -1]}
							}
						},
						{
							"origin": [0.95409, 14.52756, -4.24609],
							"size": [0.29997, 0.6, 0.17279],
							"pivot": [0.68023, 14.92825, -4.1597],
							"rotation": [0, 0, 117.5],
							"uv": {
								"north": {"uv": [73, 6], "uv_size": [1, 1]},
								"east": {"uv": [73, 7], "uv_size": [1, 1]},
								"south": {"uv": [73, 8], "uv_size": [1, 1]},
								"west": {"uv": [14, 73], "uv_size": [1, 1]},
								"up": {"uv": [15, 73], "uv_size": [1, 1]},
								"down": {"uv": [16, 74], "uv_size": [1, -1]}
							}
						},
						{
							"origin": [1.17667, 14.62267, -4.24609],
							"size": [0.29997, 0.6, 0.17279],
							"pivot": [0.88004, 14.93698, -4.1597],
							"rotation": [0, 0, 87.5],
							"uv": {
								"north": {"uv": [73, 6], "uv_size": [1, 1]},
								"east": {"uv": [73, 7], "uv_size": [1, 1]},
								"south": {"uv": [73, 8], "uv_size": [1, 1]},
								"west": {"uv": [14, 73], "uv_size": [1, 1]},
								"up": {"uv": [15, 73], "uv_size": [1, 1]},
								"down": {"uv": [16, 74], "uv_size": [1, -1]}
							}
						},
						{
							"origin": [1.22268, 14.40727, -4.24609],
							"size": [0.29997, 0.5, 0.17279],
							"pivot": [1.27772, 14.86813, -4.1597],
							"rotation": [0, 0, 37.5],
							"uv": {
								"north": {"uv": [73, 6], "uv_size": [1, 1]},
								"east": {"uv": [73, 7], "uv_size": [1, 1]},
								"south": {"uv": [73, 8], "uv_size": [1, 1]},
								"west": {"uv": [14, 73], "uv_size": [1, 1]},
								"up": {"uv": [15, 73], "uv_size": [1, 1]},
								"down": {"uv": [16, 74], "uv_size": [1, -1]}
							}
						},
						{
							"origin": [1.11577, 15.37701, -4.24609],
							"size": [0.29997, 0.4, 0.17279],
							"pivot": [1.26575, 15.72701, -4.1597],
							"rotation": [0, 0, -20],
							"uv": {
								"north": {"uv": [73, 6], "uv_size": [1, 1]},
								"east": {"uv": [73, 7], "uv_size": [1, 1]},
								"south": {"uv": [73, 8], "uv_size": [1, 1]},
								"west": {"uv": [14, 73], "uv_size": [1, 1]},
								"up": {"uv": [15, 73], "uv_size": [1, 1]},
								"down": {"uv": [16, 74], "uv_size": [1, -1]}
							}
						},
						{
							"origin": [-1.41574, 15.37701, -4.24609],
							"size": [0.29997, 0.4, 0.17279],
							"pivot": [-1.26575, 15.72701, -4.1597],
							"rotation": [0, 0, 20],
							"uv": {
								"north": {"uv": [74, 6], "uv_size": [-1, 1]},
								"east": {"uv": [15, 73], "uv_size": [-1, 1]},
								"south": {"uv": [74, 8], "uv_size": [-1, 1]},
								"west": {"uv": [74, 7], "uv_size": [-1, 1]},
								"up": {"uv": [16, 73], "uv_size": [-1, 1]},
								"down": {"uv": [17, 74], "uv_size": [-1, -1]}
							}
						},
						{
							"origin": [-1.50163, 14.75924, -4.24609],
							"size": [0.29997, 0.7, 0.17279],
							"pivot": [-1.28884, 14.88669, -4.1597],
							"rotation": [0, 0, -2.5],
							"uv": {
								"north": {"uv": [74, 6], "uv_size": [-1, 1]},
								"east": {"uv": [15, 73], "uv_size": [-1, 1]},
								"south": {"uv": [74, 8], "uv_size": [-1, 1]},
								"west": {"uv": [74, 7], "uv_size": [-1, 1]},
								"up": {"uv": [16, 73], "uv_size": [-1, 1]},
								"down": {"uv": [17, 74], "uv_size": [-1, -1]}
							}
						},
						{
							"origin": [1.20166, 14.75924, -4.24609],
							"size": [0.29997, 0.7, 0.17279],
							"pivot": [1.28884, 14.88669, -4.1597],
							"rotation": [0, 0, 2.5],
							"uv": {
								"north": {"uv": [73, 6], "uv_size": [1, 1]},
								"east": {"uv": [73, 7], "uv_size": [1, 1]},
								"south": {"uv": [73, 8], "uv_size": [1, 1]},
								"west": {"uv": [14, 73], "uv_size": [1, 1]},
								"up": {"uv": [15, 73], "uv_size": [1, 1]},
								"down": {"uv": [16, 74], "uv_size": [1, -1]}
							}
						},
						{
							"origin": [0.7105, 16.10214, -4.24609],
							"size": [0.29997, 1.07993, 0.17279],
							"pivot": [2, 16.63568, -4.16878],
							"rotation": [0, 0, -45],
							"uv": {
								"north": {"uv": [73, 6], "uv_size": [1, 1]},
								"east": {"uv": [73, 7], "uv_size": [1, 1]},
								"south": {"uv": [73, 8], "uv_size": [1, 1]},
								"west": {"uv": [14, 73], "uv_size": [1, 1]},
								"up": {"uv": [15, 73], "uv_size": [1, 1]},
								"down": {"uv": [16, 74], "uv_size": [1, -1]}
							}
						},
						{
							"origin": [-2.91461, 15.77874, -4.24322],
							"size": [1.72502, 0.71275, 0.138],
							"pivot": [-2.02578, 16.53603, -4.16823],
							"rotation": [0, 0, -135],
							"uv": {
								"north": {"uv": [60, 23], "uv_size": [-1, 1]},
								"east": {"uv": [63, 36], "uv_size": [-1, 1]},
								"south": {"uv": [9, 62], "uv_size": [-1, 1]},
								"west": {"uv": [61, 23], "uv_size": [-1, 1]},
								"up": {"uv": [64, 36], "uv_size": [-1, 1]},
								"down": {"uv": [65, 29], "uv_size": [-1, -1]}
							}
						},
						{
							"origin": [-2.58557, 16.45322, -4.24322],
							"size": [1.64998, 0.71275, 0.138],
							"uv": {
								"north": {"uv": [71, 50], "uv_size": [-1, 1]},
								"east": {"uv": [65, 72], "uv_size": [-1, 1]},
								"south": {"uv": [62, 72], "uv_size": [-1, 1]},
								"west": {"uv": [61, 72], "uv_size": [-1, 1]},
								"up": {"uv": [66, 72], "uv_size": [-1, 1]},
								"down": {"uv": [67, 73], "uv_size": [-1, -1]}
							}
						},
						{
							"origin": [-3.22138, 16.19875, -4.24322],
							"size": [1.64998, 0.71275, 0.138],
							"pivot": [-2.02578, 16.53603, -4.16823],
							"rotation": [0, 0, 135],
							"uv": {
								"north": {"uv": [65, 29], "uv_size": [-1, 1]},
								"east": {"uv": [2, 67], "uv_size": [-1, 1]},
								"south": {"uv": [1, 67], "uv_size": [-1, 1]},
								"west": {"uv": [67, 42], "uv_size": [-1, 1]},
								"up": {"uv": [18, 68], "uv_size": [-1, 1]},
								"down": {"uv": [18, 70], "uv_size": [-1, -1]}
							}
						},
						{
							"origin": [-3.19849, 16.47666, -4.24322],
							"size": [1.75802, 0.71275, 0.138],
							"pivot": [-2.02578, 16.53603, -4.16823],
							"rotation": [0, 0, 90],
							"uv": {
								"north": {"uv": [74, 37], "uv_size": [-1, 1]},
								"east": {"uv": [46, 73], "uv_size": [-1, 1]},
								"south": {"uv": [45, 73], "uv_size": [-1, 1]},
								"west": {"uv": [74, 38], "uv_size": [-1, 1]},
								"up": {"uv": [47, 73], "uv_size": [-1, 1]},
								"down": {"uv": [48, 74], "uv_size": [-1, -1]}
							}
						},
						{
							"origin": [1.18959, 15.77874, -4.24322],
							"size": [1.72502, 0.71275, 0.138],
							"pivot": [2.02578, 16.53603, -4.16823],
							"rotation": [0, 0, 135],
							"uv": {
								"north": {"uv": [59, 23], "uv_size": [1, 1]},
								"east": {"uv": [60, 23], "uv_size": [1, 1]},
								"south": {"uv": [8, 62], "uv_size": [1, 1]},
								"west": {"uv": [62, 36], "uv_size": [1, 1]},
								"up": {"uv": [63, 36], "uv_size": [1, 1]},
								"down": {"uv": [64, 29], "uv_size": [1, -1]}
							}
						},
						{
							"origin": [1.5714, 16.19875, -4.24322],
							"size": [1.64998, 0.71275, 0.138],
							"pivot": [2.02578, 16.53603, -4.16823],
							"rotation": [0, 0, -135],
							"uv": {
								"north": {"uv": [64, 29], "uv_size": [1, 1]},
								"east": {"uv": [66, 42], "uv_size": [1, 1]},
								"south": {"uv": [0, 67], "uv_size": [1, 1]},
								"west": {"uv": [1, 67], "uv_size": [1, 1]},
								"up": {"uv": [17, 68], "uv_size": [1, 1]},
								"down": {"uv": [17, 70], "uv_size": [1, -1]}
							}
						},
						{
							"origin": [0.93559, 16.45322, -4.24322],
							"size": [1.64998, 0.71275, 0.138],
							"uv": {
								"north": {"uv": [70, 50], "uv_size": [1, 1]},
								"east": {"uv": [60, 72], "uv_size": [1, 1]},
								"south": {"uv": [61, 72], "uv_size": [1, 1]},
								"west": {"uv": [64, 72], "uv_size": [1, 1]},
								"up": {"uv": [65, 72], "uv_size": [1, 1]},
								"down": {"uv": [66, 73], "uv_size": [1, -1]}
							}
						},
						{
							"origin": [0.695, 16.09573, -4.24609],
							"size": [0.29997, 1.07992, 0.17279],
							"pivot": [2, 16.63568, -4.16878],
							"rotation": [0, 0, 90],
							"uv": {
								"north": {"uv": [67, 72], "uv_size": [1, 1]},
								"east": {"uv": [68, 72], "uv_size": [1, 1]},
								"south": {"uv": [69, 72], "uv_size": [1, 1]},
								"west": {"uv": [70, 72], "uv_size": [1, 1]},
								"up": {"uv": [71, 72], "uv_size": [1, 1]},
								"down": {"uv": [72, 73], "uv_size": [1, -1]}
							}
						},
						{
							"origin": [0.69768, 16.0893, -4.28239],
							"size": [0.26367, 1.07992, 0.20909],
							"pivot": [2, 16.63568, -4.16878],
							"rotation": [0, 0, 135],
							"uv": {
								"north": {"uv": [59, 23], "uv_size": [1, 1]},
								"east": {"uv": [60, 23], "uv_size": [1, 1]},
								"south": {"uv": [8, 62], "uv_size": [1, 1]},
								"west": {"uv": [62, 36], "uv_size": [1, 1]},
								"up": {"uv": [63, 36], "uv_size": [1, 1]},
								"down": {"uv": [64, 29], "uv_size": [1, -1]}
							}
						},
						{
							"origin": [2.9982, 16.11021, -4.28239],
							"size": [0.29997, 1.07993, 0.20909],
							"uv": {
								"north": {"uv": [70, 50], "uv_size": [1, 1]},
								"east": {"uv": [60, 72], "uv_size": [1, 1]},
								"south": {"uv": [61, 72], "uv_size": [1, 1]},
								"west": {"uv": [64, 72], "uv_size": [1, 1]},
								"up": {"uv": [65, 72], "uv_size": [1, 1]},
								"down": {"uv": [66, 73], "uv_size": [1, -1]}
							}
						},
						{
							"origin": [-3.29817, 16.11021, -4.28239],
							"size": [0.29997, 1.07993, 0.20909],
							"uv": {
								"north": {"uv": [71, 50], "uv_size": [-1, 1]},
								"east": {"uv": [65, 72], "uv_size": [-1, 1]},
								"south": {"uv": [62, 72], "uv_size": [-1, 1]},
								"west": {"uv": [61, 72], "uv_size": [-1, 1]},
								"up": {"uv": [66, 72], "uv_size": [-1, 1]},
								"down": {"uv": [67, 73], "uv_size": [-1, -1]}
							}
						},
						{
							"origin": [-0.96135, 16.0893, -4.28239],
							"size": [0.26367, 1.07992, 0.20909],
							"pivot": [-2, 16.63568, -4.16878],
							"rotation": [0, 0, -135],
							"uv": {
								"north": {"uv": [60, 23], "uv_size": [-1, 1]},
								"east": {"uv": [63, 36], "uv_size": [-1, 1]},
								"south": {"uv": [9, 62], "uv_size": [-1, 1]},
								"west": {"uv": [61, 23], "uv_size": [-1, 1]},
								"up": {"uv": [64, 36], "uv_size": [-1, 1]},
								"down": {"uv": [65, 29], "uv_size": [-1, -1]}
							}
						},
						{
							"origin": [-0.99497, 16.09573, -4.24609],
							"size": [0.29997, 1.07992, 0.17279],
							"pivot": [-2, 16.63568, -4.16878],
							"rotation": [0, 0, -90],
							"uv": {
								"north": {"uv": [68, 72], "uv_size": [-1, 1]},
								"east": {"uv": [71, 72], "uv_size": [-1, 1]},
								"south": {"uv": [70, 72], "uv_size": [-1, 1]},
								"west": {"uv": [69, 72], "uv_size": [-1, 1]},
								"up": {"uv": [72, 72], "uv_size": [-1, 1]},
								"down": {"uv": [73, 73], "uv_size": [-1, -1]}
							}
						},
						{
							"origin": [-1.01047, 16.10214, -4.24609],
							"size": [0.29997, 1.07993, 0.17279],
							"pivot": [-2, 16.63568, -4.16878],
							"rotation": [0, 0, 45],
							"uv": {
								"north": {"uv": [74, 6], "uv_size": [-1, 1]},
								"east": {"uv": [15, 73], "uv_size": [-1, 1]},
								"south": {"uv": [74, 8], "uv_size": [-1, 1]},
								"west": {"uv": [74, 7], "uv_size": [-1, 1]},
								"up": {"uv": [16, 73], "uv_size": [-1, 1]},
								"down": {"uv": [17, 74], "uv_size": [-1, -1]}
							}
						},
						{
							"origin": [-0.97682, 16.09572, -4.28239],
							"size": [0.26367, 1.07993, 0.20909],
							"pivot": [-2, 16.63568, -4.16878],
							"rotation": [0, 0, 90],
							"uv": {
								"north": {"uv": [74, 37], "uv_size": [-1, 1]},
								"east": {"uv": [46, 73], "uv_size": [-1, 1]},
								"south": {"uv": [45, 73], "uv_size": [-1, 1]},
								"west": {"uv": [74, 38], "uv_size": [-1, 1]},
								"up": {"uv": [47, 73], "uv_size": [-1, 1]},
								"down": {"uv": [48, 74], "uv_size": [-1, -1]}
							}
						},
						{
							"origin": [-1.01046, 16.0893, -4.28239],
							"size": [0.29997, 1.07992, 0.20909],
							"pivot": [-2, 16.63568, -4.16878],
							"rotation": [0, 0, 135],
							"uv": {
								"north": {"uv": [65, 29], "uv_size": [-1, 1]},
								"east": {"uv": [2, 67], "uv_size": [-1, 1]},
								"south": {"uv": [1, 67], "uv_size": [-1, 1]},
								"west": {"uv": [67, 42], "uv_size": [-1, 1]},
								"up": {"uv": [18, 68], "uv_size": [-1, 1]},
								"down": {"uv": [18, 70], "uv_size": [-1, -1]}
							}
						},
						{
							"origin": [-0.99763, 16.10213, -4.24609],
							"size": [0.29997, 1.07992, 0.17279],
							"pivot": [-2, 16.63568, -4.16878],
							"rotation": [0, 0, -45],
							"uv": {
								"north": {"uv": [1, 73], "uv_size": [-1, 1]},
								"east": {"uv": [4, 73], "uv_size": [-1, 1]},
								"south": {"uv": [3, 73], "uv_size": [-1, 1]},
								"west": {"uv": [2, 73], "uv_size": [-1, 1]},
								"up": {"uv": [5, 73], "uv_size": [-1, 1]},
								"down": {"uv": [6, 74], "uv_size": [-1, -1]}
							}
						},
						{
							"origin": [-3.29817, 16.08122, -4.24609],
							"size": [0.29997, 1.07992, 0.17279],
							"pivot": [-2, 16.63568, -4.16878],
							"rotation": [0, 0, -180],
							"uv": {
								"north": {"uv": [18, 73], "uv_size": [-1, 1]},
								"east": {"uv": [27, 73], "uv_size": [-1, 1]},
								"south": {"uv": [20, 73], "uv_size": [-1, 1]},
								"west": {"uv": [19, 73], "uv_size": [-1, 1]},
								"up": {"uv": [28, 73], "uv_size": [-1, 1]},
								"down": {"uv": [74, 37], "uv_size": [-1, -1]}
							}
						},
						{
							"origin": [2.77794, 13.37588, -4.025],
							"size": [3, 3, 9.05],
							"pivot": [4.77794, 14.87588, 0],
							"rotation": [0, 0, -35],
							"uv": {
								"north": {"uv": [65, 58], "uv_size": [3, 3]},
								"east": {"uv": [36, 24], "uv_size": [9, 3]},
								"south": {"uv": [20, 66], "uv_size": [3, 3]},
								"west": {"uv": [38, 27], "uv_size": [9, 3]},
								"up": {"uv": [21, 36], "uv_size": [3, 9]},
								"down": {"uv": [38, 39], "uv_size": [3, -9]}
							}
						},
						{
							"origin": [2.58158, 16.99867, -4],
							"size": [3, 3, 9],
							"pivot": [4.08158, 18.99867, 0],
							"rotation": [0, 0, -35],
							"uv": {
								"north": {"uv": [23, 66], "uv_size": [3, 3]},
								"east": {"uv": [39, 6], "uv_size": [9, 3]},
								"south": {"uv": [66, 30], "uv_size": [3, 3]},
								"west": {"uv": [39, 9], "uv_size": [9, 3]},
								"up": {"uv": [31, 39], "uv_size": [3, 9]},
								"down": {"uv": [34, 48], "uv_size": [3, -9]}
							}
						},
						{
							"origin": [3.87976, 15.21302, -3.975],
							"size": [3, 2.8, 8.95],
							"pivot": [5.87976, 16.51302, 0],
							"rotation": [0, 0, -15],
							"uv": {
								"north": {"uv": [68, 51], "uv_size": [3, 3]},
								"east": {"uv": [43, 39], "uv_size": [9, 3]},
								"south": {"uv": [68, 54], "uv_size": [3, 3]},
								"west": {"uv": [43, 42], "uv_size": [9, 3]},
								"up": {"uv": [6, 45], "uv_size": [3, 9]},
								"down": {"uv": [9, 54], "uv_size": [3, -9]}
							}
						},
						{
							"origin": [-6.56612, 14.7171, -4],
							"size": [1, 1.5, 9],
							"pivot": [-5.56612, 14.7171, 0],
							"rotation": [0, 0, -30],
							"uv": {
								"north": {"uv": [30, 47], "uv_size": [1, 1]},
								"east": {"uv": [68, 60], "uv_size": [9, 1]},
								"south": {"uv": [48, 54], "uv_size": [1, 1]},
								"west": {"uv": [69, 12], "uv_size": [9, 1]},
								"up": {"uv": [6, 68], "uv_size": [1, 9]},
								"down": {"uv": [7, 77], "uv_size": [1, -9]}
							}
						},
						{
							"origin": [-6.87976, 15.21302, -3.975],
							"size": [3, 2.8, 8.95],
							"pivot": [-5.87976, 16.51302, 0],
							"rotation": [0, 0, 15],
							"uv": {
								"north": {"uv": [68, 57], "uv_size": [3, 3]},
								"east": {"uv": [45, 24], "uv_size": [9, 3]},
								"south": {"uv": [68, 63], "uv_size": [3, 3]},
								"west": {"uv": [43, 45], "uv_size": [9, 3]},
								"up": {"uv": [12, 45], "uv_size": [3, 9]},
								"down": {"uv": [21, 54], "uv_size": [3, -9]}
							}
						},
						{
							"origin": [5.56612, 14.7171, -4],
							"size": [1, 1.5, 9],
							"pivot": [5.56612, 14.7171, 0],
							"rotation": [0, 0, 30],
							"uv": {
								"north": {"uv": [6, 40], "uv_size": [1, 1]},
								"east": {"uv": [65, 61], "uv_size": [9, 1]},
								"south": {"uv": [6, 41], "uv_size": [1, 1]},
								"west": {"uv": [65, 62], "uv_size": [9, 1]},
								"up": {"uv": [62, 67], "uv_size": [1, 9]},
								"down": {"uv": [63, 76], "uv_size": [1, -9]}
							}
						},
						{
							"origin": [1.13355, 18.9013, -4],
							"size": [3, 3, 9],
							"pivot": [2.63355, 20.4013, 0],
							"rotation": [0, 0, -52.5],
							"uv": {
								"north": {"uv": [67, 45], "uv_size": [3, 3]},
								"east": {"uv": [41, 36], "uv_size": [9, 3]},
								"south": {"uv": [67, 48], "uv_size": [3, 3]},
								"west": {"uv": [6, 42], "uv_size": [9, 3]},
								"up": {"uv": [15, 42], "uv_size": [3, 9]},
								"down": {"uv": [18, 51], "uv_size": [3, -9]}
							}
						},
						{
							"origin": [0.84619, 21.767, -2],
							"size": [4, 3, 3],
							"pivot": [4.77911, 22.64329, -0.5],
							"rotation": [0, 0, -37.5],
							"uv": {
								"north": {"uv": [32, 18], "uv_size": [4, 3]},
								"east": {"uv": [59, 67], "uv_size": [3, 3]},
								"south": {"uv": [9, 60], "uv_size": [4, 3]},
								"west": {"uv": [67, 66], "uv_size": [3, 3]},
								"up": {"uv": [61, 12], "uv_size": [4, 3]},
								"down": {"uv": [61, 18], "uv_size": [4, -3]}
							}
						},
						{
							"origin": [4.47639, 22.74639, -2],
							"size": [3, 2, 3],
							"pivot": [4.77911, 22.64329, -0.5],
							"rotation": [0, 0, -27.5],
							"uv": {
								"north": {"uv": [70, 48], "uv_size": [3, 2]},
								"east": {"uv": [53, 70], "uv_size": [3, 2]},
								"south": {"uv": [56, 70], "uv_size": [3, 2]},
								"west": {"uv": [59, 70], "uv_size": [3, 2]},
								"up": {"uv": [68, 6], "uv_size": [3, 3]},
								"down": {"uv": [68, 12], "uv_size": [3, -3]}
							}
						},
						{
							"origin": [0.26873, 20.37204, -1.975],
							"size": [4, 3, 2.975],
							"pivot": [4.77911, 22.64329, -0.5],
							"rotation": [0, 0, -80],
							"uv": {
								"north": {"uv": [61, 18], "uv_size": [4, 3]},
								"east": {"uv": [0, 68], "uv_size": [3, 3]},
								"south": {"uv": [61, 21], "uv_size": [4, 3]},
								"west": {"uv": [68, 0], "uv_size": [3, 3]},
								"up": {"uv": [61, 45], "uv_size": [4, 3]},
								"down": {"uv": [61, 51], "uv_size": [4, -3]}
							}
						},
						{
							"origin": [6.53826, 19.67983, -0.95878],
							"size": [1.15, 0.85, 3],
							"pivot": [4.77911, 22.34181, 0.54122],
							"rotation": [-2.35666, 17.34551, -97.85952],
							"uv": {
								"north": {"uv": [49, 54], "uv_size": [1, 1]},
								"east": {"uv": [71, 65], "uv_size": [3, 1]},
								"south": {"uv": [14, 57], "uv_size": [1, 1]},
								"west": {"uv": [72, 41], "uv_size": [3, 1]},
								"up": {"uv": [14, 54], "uv_size": [1, 3]},
								"down": {"uv": [13, 63], "uv_size": [1, -3]}
							}
						},
						{
							"origin": [4.47639, 22.4449, -0.95878],
							"size": [3, 2, 3],
							"pivot": [4.77911, 22.34181, 0.54122],
							"rotation": [15.62489, 7.98133, -26.40319],
							"uv": {
								"north": {"uv": [71, 54], "uv_size": [3, 2]},
								"east": {"uv": [71, 56], "uv_size": [3, 2]},
								"south": {"uv": [71, 58], "uv_size": [3, 2]},
								"west": {"uv": [71, 63], "uv_size": [3, 2]},
								"up": {"uv": [69, 22], "uv_size": [3, 3]},
								"down": {"uv": [23, 72], "uv_size": [3, -3]}
							}
						},
						{
							"origin": [0.84619, 21.46552, -0.95878],
							"size": [4, 3, 3],
							"pivot": [4.77911, 22.34181, 0.54122],
							"rotation": [14.04397, 10.54794, -36.19714],
							"uv": {
								"north": {"uv": [64, 63], "uv_size": [4, 3]},
								"east": {"uv": [69, 19], "uv_size": [3, 3]},
								"south": {"uv": [2, 65], "uv_size": [4, 3]},
								"west": {"uv": [20, 69], "uv_size": [3, 3]},
								"up": {"uv": [65, 12], "uv_size": [4, 3]},
								"down": {"uv": [14, 68], "uv_size": [4, -3]}
							}
						},
						{
							"origin": [4.07272, 20.12368, -0.95878],
							"size": [3, 2.2, 3],
							"pivot": [4.77911, 22.34181, 0.54122],
							"rotation": [1.5741, 17.43127, -84.75867],
							"uv": {
								"north": {"uv": [44, 71], "uv_size": [3, 2]},
								"east": {"uv": [47, 71], "uv_size": [3, 2]},
								"south": {"uv": [71, 50], "uv_size": [3, 2]},
								"west": {"uv": [71, 52], "uv_size": [3, 2]},
								"up": {"uv": [69, 13], "uv_size": [3, 3]},
								"down": {"uv": [69, 19], "uv_size": [3, -3]}
							}
						},
						{
							"origin": [-4.84619, 21.46552, -0.95878],
							"size": [4, 3, 3],
							"pivot": [-4.77911, 22.34181, 0.54122],
							"rotation": [14.04397, -10.54794, 36.19714],
							"uv": {
								"north": {"uv": [65, 27], "uv_size": [4, 3]},
								"east": {"uv": [67, 69], "uv_size": [3, 3]},
								"south": {"uv": [28, 65], "uv_size": [4, 3]},
								"west": {"uv": [17, 70], "uv_size": [3, 3]},
								"up": {"uv": [32, 65], "uv_size": [4, 3]},
								"down": {"uv": [36, 68], "uv_size": [4, -3]}
							}
						},
						{
							"origin": [-7.47639, 22.4449, -0.95878],
							"size": [3, 2, 3],
							"pivot": [-4.77911, 22.34181, 0.54122],
							"rotation": [15.62489, -7.98133, 26.40319],
							"uv": {
								"north": {"uv": [72, 17], "uv_size": [3, 2]},
								"east": {"uv": [72, 19], "uv_size": [3, 2]},
								"south": {"uv": [20, 72], "uv_size": [3, 2]},
								"west": {"uv": [72, 21], "uv_size": [3, 2]},
								"up": {"uv": [50, 69], "uv_size": [3, 3]},
								"down": {"uv": [64, 72], "uv_size": [3, -3]}
							}
						},
						{
							"origin": [-4.26873, 20.37204, -1.975],
							"size": [4, 3, 2.975],
							"pivot": [-4.77911, 22.64329, -0.5],
							"rotation": [0, 0, 80],
							"uv": {
								"north": {"uv": [65, 18], "uv_size": [-4, 3]},
								"east": {"uv": [71, 0], "uv_size": [-3, 3]},
								"south": {"uv": [65, 21], "uv_size": [-4, 3]},
								"west": {"uv": [3, 68], "uv_size": [-3, 3]},
								"up": {"uv": [65, 45], "uv_size": [-4, 3]},
								"down": {"uv": [65, 51], "uv_size": [-4, -3]}
							}
						},
						{
							"origin": [-7.07272, 20.42516, -2.025],
							"size": [3, 2.2, 3.025],
							"pivot": [-4.77911, 22.64329, -0.5],
							"rotation": [0, 0, 85],
							"uv": {
								"north": {"uv": [10, 34], "uv_size": [-3, 2]},
								"east": {"uv": [65, 43], "uv_size": [-3, 2]},
								"south": {"uv": [64, 28], "uv_size": [-3, 2]},
								"west": {"uv": [24, 54], "uv_size": [-3, 2]},
								"up": {"uv": [6, 68], "uv_size": [-3, 3]},
								"down": {"uv": [71, 6], "uv_size": [-3, -3]}
							}
						},
						{
							"origin": [-7.47639, 22.74639, -2],
							"size": [3, 2, 3],
							"pivot": [-4.77911, 22.64329, -0.5],
							"rotation": [0, 0, 27.5],
							"uv": {
								"north": {"uv": [73, 48], "uv_size": [-3, 2]},
								"east": {"uv": [62, 70], "uv_size": [-3, 2]},
								"south": {"uv": [59, 70], "uv_size": [-3, 2]},
								"west": {"uv": [56, 70], "uv_size": [-3, 2]},
								"up": {"uv": [71, 6], "uv_size": [-3, 3]},
								"down": {"uv": [71, 12], "uv_size": [-3, -3]}
							}
						},
						{
							"origin": [-7.68826, 19.98131, -2.025],
							"size": [1.15, 0.85, 3.025],
							"pivot": [-4.77911, 22.64329, -0.5],
							"rotation": [0, 0, 97.5],
							"uv": {
								"north": {"uv": [9, 16], "uv_size": [-1, 1]},
								"east": {"uv": [62, 36], "uv_size": [-3, 1]},
								"south": {"uv": [9, 17], "uv_size": [-1, 1]},
								"west": {"uv": [28, 21], "uv_size": [-3, 1]},
								"up": {"uv": [7, 37], "uv_size": [-1, 3]},
								"down": {"uv": [31, 44], "uv_size": [-1, -3]}
							}
						},
						{
							"origin": [-4.84619, 21.767, -2],
							"size": [4, 3, 3],
							"pivot": [-4.77911, 22.64329, -0.5],
							"rotation": [0, 0, 37.5],
							"uv": {
								"north": {"uv": [36, 18], "uv_size": [-4, 3]},
								"east": {"uv": [70, 66], "uv_size": [-3, 3]},
								"south": {"uv": [13, 60], "uv_size": [-4, 3]},
								"west": {"uv": [62, 67], "uv_size": [-3, 3]},
								"up": {"uv": [65, 12], "uv_size": [-4, 3]},
								"down": {"uv": [65, 18], "uv_size": [-4, -3]}
							}
						},
						{
							"origin": [-7.68826, 19.67983, -0.95878],
							"size": [1.15, 0.85, 3],
							"pivot": [-4.77911, 22.34181, 0.54122],
							"rotation": [-2.35666, -17.34551, 97.85952],
							"uv": {
								"north": {"uv": [20, 57], "uv_size": [1, 1]},
								"east": {"uv": [54, 72], "uv_size": [3, 1]},
								"south": {"uv": [20, 58], "uv_size": [1, 1]},
								"west": {"uv": [57, 72], "uv_size": [3, 1]},
								"up": {"uv": [50, 62], "uv_size": [1, 3]},
								"down": {"uv": [25, 75], "uv_size": [1, -3]}
							}
						},
						{
							"origin": [-4.26873, 20.07055, -0.95878],
							"size": [4, 3, 3],
							"pivot": [-4.77911, 22.34181, 0.54122],
							"rotation": [3.13388, -17.22575, 79.52521],
							"uv": {
								"north": {"uv": [65, 15], "uv_size": [4, 3]},
								"east": {"uv": [69, 31], "uv_size": [3, 3]},
								"south": {"uv": [65, 18], "uv_size": [4, 3]},
								"west": {"uv": [69, 39], "uv_size": [3, 3]},
								"up": {"uv": [65, 21], "uv_size": [4, 3]},
								"down": {"uv": [65, 27], "uv_size": [4, -3]}
							}
						},
						{
							"origin": [-7.07272, 20.12368, -0.95878],
							"size": [3, 2.2, 3],
							"pivot": [-4.77911, 22.34181, 0.54122],
							"rotation": [1.5741, -17.43127, 84.75867],
							"uv": {
								"north": {"uv": [8, 72], "uv_size": [3, 2]},
								"east": {"uv": [11, 72], "uv_size": [3, 2]},
								"south": {"uv": [72, 13], "uv_size": [3, 2]},
								"west": {"uv": [72, 15], "uv_size": [3, 2]},
								"up": {"uv": [69, 25], "uv_size": [3, 3]},
								"down": {"uv": [69, 31], "uv_size": [3, -3]}
							}
						},
						{
							"origin": [0.26873, 20.07055, -0.95878],
							"size": [4, 3, 3],
							"pivot": [4.77911, 22.34181, 0.54122],
							"rotation": [3.13388, 17.22575, -79.52521],
							"uv": {
								"north": {"uv": [64, 36], "uv_size": [4, 3]},
								"east": {"uv": [8, 69], "uv_size": [3, 3]},
								"south": {"uv": [64, 51], "uv_size": [4, 3]},
								"west": {"uv": [11, 69], "uv_size": [3, 3]},
								"up": {"uv": [53, 64], "uv_size": [4, 3]},
								"down": {"uv": [57, 67], "uv_size": [4, -3]}
							}
						},
						{
							"origin": [4.07272, 20.42516, -2.025],
							"size": [3, 2.2, 3.025],
							"pivot": [4.77911, 22.64329, -0.5],
							"rotation": [0, 0, -85],
							"uv": {
								"north": {"uv": [7, 34], "uv_size": [3, 2]},
								"east": {"uv": [21, 54], "uv_size": [3, 2]},
								"south": {"uv": [61, 28], "uv_size": [3, 2]},
								"west": {"uv": [62, 43], "uv_size": [3, 2]},
								"up": {"uv": [3, 68], "uv_size": [3, 3]},
								"down": {"uv": [68, 6], "uv_size": [3, -3]}
							}
						},
						{
							"origin": [6.53826, 19.98131, -2.025],
							"size": [1.15, 0.85, 3.025],
							"pivot": [4.77911, 22.64329, -0.5],
							"rotation": [0, 0, -97.5],
							"uv": {
								"north": {"uv": [8, 16], "uv_size": [1, 1]},
								"east": {"uv": [25, 21], "uv_size": [3, 1]},
								"south": {"uv": [8, 17], "uv_size": [1, 1]},
								"west": {"uv": [59, 36], "uv_size": [3, 1]},
								"up": {"uv": [6, 37], "uv_size": [1, 3]},
								"down": {"uv": [30, 44], "uv_size": [1, -3]}
							}
						},
						{
							"origin": [-4.13355, 18.9013, -4],
							"size": [3, 3, 9],
							"pivot": [-2.63355, 20.4013, 0],
							"rotation": [0, 0, 52.5],
							"uv": {
								"north": {"uv": [53, 67], "uv_size": [3, 3]},
								"east": {"uv": [43, 0], "uv_size": [9, 3]},
								"south": {"uv": [56, 67], "uv_size": [3, 3]},
								"west": {"uv": [43, 3], "uv_size": [9, 3]},
								"up": {"uv": [0, 43], "uv_size": [3, 9]},
								"down": {"uv": [3, 52], "uv_size": [3, -9]}
							}
						},
						{
							"origin": [-2.36833, 19.50447, -4.025],
							"size": [4.725, 3, 9.025],
							"uv": {
								"north": {"uv": [48, 55], "uv_size": [5, 3]},
								"east": {"uv": [43, 18], "uv_size": [9, 3]},
								"south": {"uv": [21, 56], "uv_size": [5, 3]},
								"west": {"uv": [43, 21], "uv_size": [9, 3]},
								"up": {"uv": [25, 0], "uv_size": [5, 9]},
								"down": {"uv": [7, 34], "uv_size": [5, -9]}
							}
						},
						{
							"origin": [-5.77794, 13.37588, -4.025],
							"size": [3, 3, 9.05],
							"pivot": [-4.77794, 14.87588, 0],
							"rotation": [0, 0, 35],
							"uv": {
								"north": {"uv": [64, 66], "uv_size": [3, 3]},
								"east": {"uv": [41, 30], "uv_size": [9, 3]},
								"south": {"uv": [67, 42], "uv_size": [3, 3]},
								"west": {"uv": [41, 33], "uv_size": [9, 3]},
								"up": {"uv": [24, 41], "uv_size": [3, 9]},
								"down": {"uv": [27, 50], "uv_size": [3, -9]}
							}
						},
						{
							"origin": [-5.58158, 16.99867, -4],
							"size": [3, 3, 9],
							"pivot": [-4.08158, 18.99867, 0],
							"rotation": [0, 0, 35],
							"uv": {
								"north": {"uv": [66, 33], "uv_size": [3, 3]},
								"east": {"uv": [39, 12], "uv_size": [9, 3]},
								"south": {"uv": [66, 39], "uv_size": [3, 3]},
								"west": {"uv": [39, 15], "uv_size": [9, 3]},
								"up": {"uv": [37, 39], "uv_size": [3, 9]},
								"down": {"uv": [40, 48], "uv_size": [3, -9]}
							}
						}
					]
				},
				{
					"name": "Arm",
					"parent": "UpBody",
					"pivot": [6, 10.5, -3]
				},
				{
					"name": "LeftArm",
					"parent": "Arm",
					"pivot": [6, 10.5, -3],
					"cubes": [
						{
							"origin": [4, 8.5, -5],
							"size": [4, 4, 4],
							"uv": {
								"north": {"uv": [53, 45], "uv_size": [4, 4]},
								"east": {"uv": [53, 49], "uv_size": [4, 4]},
								"south": {"uv": [53, 53], "uv_size": [4, 4]},
								"west": {"uv": [6, 54], "uv_size": [4, 4]},
								"up": {"uv": [10, 54], "uv_size": [4, 4]},
								"down": {"uv": [54, 28], "uv_size": [4, -4]}
							}
						}
					]
				},
				{
					"name": "LeftHandLocator",
					"parent": "LeftArm",
					"pivot": [6.125, 11.575, -3.975],
					"rotation": [-80, 0, 0]
				},
				{
					"name": "RightArm",
					"parent": "Arm",
					"pivot": [-6, 10.5, -3],
					"cubes": [
						{
							"origin": [-8, 8.5, -5],
							"size": [4, 4, 4],
							"uv": {
								"north": {"uv": [57, 45], "uv_size": [-4, 4]},
								"east": {"uv": [10, 54], "uv_size": [-4, 4]},
								"south": {"uv": [57, 53], "uv_size": [-4, 4]},
								"west": {"uv": [57, 49], "uv_size": [-4, 4]},
								"up": {"uv": [14, 54], "uv_size": [-4, 4]},
								"down": {"uv": [58, 28], "uv_size": [-4, -4]}
							}
						}
					]
				},
				{
					"name": "RightHandLocator",
					"parent": "RightArm",
					"pivot": [-6.125, 11.575, -3.975],
					"rotation": [-80, 0, 0]
				},
				{
					"name": "LeftWaistLocator",
					"parent": "UpBody",
					"pivot": [5.5, 7.65, 0],
					"rotation": [-10, 0, 0]
				},
				{
					"name": "RightWaistLocator",
					"parent": "UpBody",
					"pivot": [-5.5, 7.65, 0],
					"rotation": [-25, 0, 0]
				},
				{
					"name": "BackpackLocator",
					"parent": "UpBody",
					"pivot": [0, 12.15, 0]
				},
				{
					"name": "PistolLocator",
					"parent": "UpBody",
					"pivot": [-5, 6.9, -1.25],
					"rotation": [-29.14314, 5.90316, 16.50371]
				},
				{
					"name": "RifleLocator",
					"parent": "UpBody",
					"pivot": [0, 10.65, 4.5],
					"rotation": [0, 0, 30]
				},
				{
					"name": "DownBody",
					"parent": "Allbody",
					"pivot": [2.24347, 5.18424, 0.45]
				},
				{
					"name": "LeftLeg",
					"parent": "DownBody",
					"pivot": [2.24347, 5.18424, 0.45],
					"cubes": [
						{
							"origin": [1.21534, 0.07679, -1.8],
							"size": [2.8, 6, 4.5],
							"pivot": [2.24347, 3.18424, 0.45],
							"rotation": [0, 0, -2.5],
							"uv": {
								"north": {"uv": [18, 51], "uv_size": [3, 6]},
								"east": {"uv": [30, 48], "uv_size": [4, 6]},
								"south": {"uv": [0, 52], "uv_size": [3, 6]},
								"west": {"uv": [34, 48], "uv_size": [4, 6]},
								"up": {"uv": [12, 25], "uv_size": [3, 4]},
								"down": {"uv": [61, 67], "uv_size": [3, -4]}
							}
						},
						{
							"origin": [0.69439, 0.33726, -1.775],
							"size": [2, 6, 4.45],
							"pivot": [2.24347, 3.18424, 0.45],
							"rotation": [0, 0, -12.5],
							"uv": {
								"north": {"uv": [10, 63], "uv_size": [2, 6]},
								"east": {"uv": [48, 6], "uv_size": [4, 6]},
								"south": {"uv": [12, 63], "uv_size": [2, 6]},
								"west": {"uv": [48, 12], "uv_size": [4, 6]},
								"up": {"uv": [15, 18], "uv_size": [2, 4]},
								"down": {"uv": [28, 54], "uv_size": [2, -4]}
							}
						}
					]
				},
				{
					"name": "RightLeg",
					"parent": "DownBody",
					"pivot": [-2.24347, 5.18424, 0.45],
					"cubes": [
						{
							"origin": [-4.01534, 0.07679, -1.8],
							"size": [2.8, 6, 4.5],
							"pivot": [-2.24347, 3.18424, 0.45],
							"rotation": [0, 0, 2.5],
							"uv": {
								"north": {"uv": [21, 51], "uv_size": [-3, 6]},
								"east": {"uv": [38, 48], "uv_size": [-4, 6]},
								"south": {"uv": [3, 52], "uv_size": [-3, 6]},
								"west": {"uv": [34, 48], "uv_size": [-4, 6]},
								"up": {"uv": [15, 25], "uv_size": [-3, 4]},
								"down": {"uv": [64, 67], "uv_size": [-3, -4]}
							}
						},
						{
							"origin": [-2.69439, 0.33726, -1.775],
							"size": [2, 6, 4.45],
							"pivot": [-2.24347, 3.18424, 0.45],
							"rotation": [0, 0, 12.5],
							"uv": {
								"north": {"uv": [12, 63], "uv_size": [-2, 6]},
								"east": {"uv": [52, 12], "uv_size": [-4, 6]},
								"south": {"uv": [14, 63], "uv_size": [-2, 6]},
								"west": {"uv": [52, 6], "uv_size": [-4, 6]},
								"up": {"uv": [17, 18], "uv_size": [-2, 4]},
								"down": {"uv": [30, 54], "uv_size": [-2, -4]}
							}
						}
					]
				}
			]
		}
	]
}